track_id,x_mm,width_mm,center_mm,left_mm,right_mm,width_prediction_mm,center_prediction_mm,left_prediction_mm,right_prediction_mm,baseline_center_prediction_mm,baseline_log_width_prediction,center_residual_prediction_mm,log_width_residual_prediction,predicted_residual_scale_mm,width_lower_90_mm,width_upper_90_mm,global_width_lower_90_mm,global_width_upper_90_mm,outer_track,selected_feature_set,selected_model
8,24.099999999999994,0.7939444005916673,1.0973271909572375,0.7003549906614039,1.494299391253071,0.7480715757189826,1.0727773500780293,0.698741562218538,1.4468131379375206,1.077533611431412,-0.3322580667868819,-0.00475626135338263,0.04200145066515794,0.08996290147817447,0.3895086089846053,1.10663454245336,0.3483823677878196,1.1477607836501456,8,normalized_compact_thermal,elastic_net
8,24.299999999999997,0.7708603847311845,1.0855994919038565,0.7001692995382645,1.4710296842694488,0.7445339572351419,1.0951239868688216,0.7228570082512507,1.4673909654863926,1.073545383922096,-0.3452448802188629,0.021578602946725443,0.05024806311331776,0.08215289793530743,0.4170991332632098,1.0719687812070742,0.3448447493039789,1.1442231651663048,8,normalized_compact_thermal,elastic_net
8,24.5,0.7731330342608518,1.1127699169290437,0.7262033997986178,1.4993364340594695,0.7571115953660511,1.0515051121597332,0.6729493144767076,1.4300609098427588,1.077533611431412,-0.3322580667868819,-0.026028499271678752,0.054013448298046995,0.09718866348469739,0.36974908327014533,1.1444741074619569,0.3574223874348881,1.1568008032972141,8,normalized_compact_thermal,elastic_net
8,24.700000000000003,0.7310168277079796,1.0947717637596202,0.7292633499056305,1.46028017761361,0.8091038294336037,1.0051928474827792,0.6006409327659773,1.4097447621995811,1.0806972251799547,-0.32460271958185316,-0.07550437769717555,0.11277469235695523,0.12763680597619242,0.3003848901447601,1.3178227687224473,0.4094146215024407,1.2087930373647668,8,normalized_compact_thermal,elastic_net
8,24.89999999999999,0.8180768066073618,0.9776214129181773,0.5685830096144963,1.3866598162218582,0.8319500333551234,1.0647831819622031,0.6488081652846414,1.4807581986397649,1.077533611431412,-0.3322580667868819,-0.012750429469208895,0.14827517075896224,0.09129886391818506,0.4680623533437726,1.1958377133664742,0.4322608254239604,1.2316392412862864,8,normalized_compact_thermal,elastic_net
8,25.099999999999994,0.7975866922001723,1.0144938636656609,0.6157005175655748,1.413287209765747,0.7537741140251156,0.984172922477724,0.6072858654651663,1.3610599794902818,1.0742451153253736,-0.3412571520560486,-0.09007219284764956,0.05859461267669314,0.09114019848411588,0.39051882300770857,1.1170294050425227,0.3540849060939526,1.1534633219562787,8,normalized_compact_thermal,elastic_net
8,25.299999999999997,0.7993918619696896,1.0689591917752068,0.669263260790362,1.4686551227600517,0.7350598623572858,1.0338699405450065,0.6663400093663636,1.4013998717236493,1.077542408049645,-0.33599948427079646,-0.043672467504638435,0.028196146569063274,0.09461998083007037,0.35793528676752584,1.1121844379470458,0.3353706544261228,1.1347490702884488,8,normalized_compact_thermal,elastic_net
8,25.5,0.7443992294639245,1.1409729318667006,0.7687733171347384,1.5131725465986627,0.6844419424860122,1.0356956759040352,0.6934747046610291,1.3779166471470412,1.0762288346924898,-0.33904314818320497,-0.040533158788454454,-0.04010830707301568,0.09390546415409962,0.310165198779258,1.0587186861927664,0.2847527345548492,1.0841311504171753,8,normalized_compact_thermal,elastic_net
8,25.700000000000003,0.7065338705830645,1.141318869808855,0.7880519345173228,1.4945858051003873,0.7460495885272352,1.101605196896044,0.7285804026324265,1.4746299911596616,1.0773944576576493,-0.3345665300795934,0.024210739238394893,0.041603321648630315,0.07917722936326355,0.4304748150169832,1.0616243620374872,0.3463603805960722,1.1457387964583983,8,normalized_compact_thermal,elastic_net
8,25.89999999999999,0.5940449073489923,1.0936643229024983,0.7966418692280021,1.3906867765769946,0.8037985529454452,1.0106353900861418,0.6087361136134192,1.4125346665588645,1.0762288346924898,-0.33904314818320497,-0.06559344460634806,0.1206365509476226,0.13090710912310854,0.2820452452757253,1.3255518606151653,0.4041093450142822,1.2034877608766084,8,normalized_compact_thermal,elastic_net
8,26.099999999999994,0.8273117888383953,1.0848566881769095,0.6712007937577119,1.4985125825961072,0.7831933245940474,1.0676934435703245,0.6760967812733008,1.4592901058673482,1.0750632117273302,-0.3435197662868165,-0.007369768157005658,0.09914405523905871,0.09760200191029024,0.3941833795039774,1.1722032696841174,0.3835041166628844,1.1828825325252104,8,normalized_compact_thermal,elastic_net
8,26.299999999999997,0.6908675524476982,1.0816370520642045,0.7362032758403553,1.4270708282880535,0.7988942233931713,1.0504266710359096,0.6509795593393239,1.4498737827324952,1.0762288346924898,-0.33904314818320497,-0.025802163656580175,0.11451641996217315,0.10836364752453942,0.3669918469232026,1.23079659986314,0.39920501546200826,1.1985834313243342,8,normalized_compact_thermal,elastic_net
8,26.5,0.7183155252690379,1.1203645512373606,0.7612067886028417,1.4795223138718796,0.7492543329356603,1.050569916209522,0.6759427497416917,1.4251970826773521,1.075010812630165,-0.3430122616774321,-0.02444089642064303,0.05433547190592374,0.10183216937371484,0.34338431140800746,1.1551243544633132,0.3495651250044973,1.1489435408668234,8,normalized_compact_thermal,elastic_net
8,26.700000000000003,0.8487725222685899,1.1203237764982223,0.6959375153639273,1.5447100376325174,0.8041410843336407,1.0745221220553145,0.6724515798884941,1.4765926642221348,1.0729437392427894,-0.34673026969390786,0.0015783828125250816,0.12874972252318548,0.1078624845777999,0.37423618093365585,1.2340459877336256,0.4044518764024777,1.2038302922648039,8,normalized_compact_thermal,elastic_net
8,26.89999999999999,0.7677402483031927,1.1441885891009,0.7603184649493039,1.5280587132524963,0.7596240547219671,1.0613649903831943,0.6815529630222108,1.4411770177441778,1.0708766658554139,-0.35044827771038356,-0.009511675472219578,0.07551664478209266,0.09905966833997923,0.36480432369846777,1.1544437857454666,0.3599348467908041,1.1593132626531302,8,normalized_compact_thermal,elastic_net
8,27.099999999999994,0.6233573591283056,1.1204281097830573,0.8087494302189044,1.43210678934721,0.7289780317906935,1.039501499266754,0.6750124833714072,1.4039905151621008,1.0702643009918396,-0.35179365051898626,-0.030762801725085567,0.03568196837360617,0.11001825527839455,0.29048092510131396,1.1674751384800732,0.3292888238595305,1.1286672397218567,8,normalized_compact_thermal,elastic_net
8,27.299999999999997,0.7177558284730327,1.1140064586293343,0.755128544392818,1.4728843728658505,0.6811046567612931,1.0519546736246062,0.7114023452439596,1.3925070020052526,1.0696519361282653,-0.35313902332758895,-0.017697262503659203,-0.030900280312320623,0.09860241865932873,0.2881073747622081,1.074101938760378,0.28141544883013003,1.0807938646924562,8,normalized_compact_thermal,elastic_net
8,27.5,0.7613682905485852,1.1141884945361462,0.7335043492618537,1.4948726398104388,0.6854191776308514,1.071445288694671,0.7287356998792454,1.4141548775100967,1.0702643009918396,-0.35179365051898626,0.0011809877028314646,-0.02593103921149647,0.09146878413684183,0.3208542507020642,1.0499841045596385,0.28572996969968834,1.0851083855620143,8,normalized_compact_thermal,elastic_net
8,27.700000000000003,0.7491144451391314,1.1288838285735607,0.754326606003995,1.5034410511431264,0.7397935390068178,1.0429202844285739,0.673023514925165,1.4128170539319829,1.0708766658554139,-0.35044827771038356,-0.027956381426839934,0.04906414465620853,0.0855978766020475,0.3986281466473972,1.0809589313662382,0.34010433107565474,1.139482746937981,8,normalized_compact_thermal,elastic_net
8,27.89999999999999,0.74512954454655,1.0763589723668823,0.7037942000936073,1.4489237446401573,0.7343274509139821,1.0391916285865215,0.6720279031295304,1.4063553540435125,1.0703794895125633,-0.3508903724030748,-0.031187860926041863,0.042090140965640455,0.09202266855941943,0.3675549202004775,1.1010999816274867,0.3346382429828191,1.134016658845145,8,normalized_compact_thermal,elastic_net
8,28.099999999999994,1.1243915147095684,1.2157822370020372,0.653586479647253,1.7779779943568215,0.7486815923030764,1.04872844511264,0.6743876489611018,1.423069241264178,1.0708911555927698,-0.34969856870337074,-0.0221627104801298,0.060257072443628365,0.09814329865107985,0.35751421384800697,1.1398489707581458,0.3489923843719134,1.1483708002342394,8,normalized_compact_thermal,elastic_net
8,28.299999999999997,0.880088737629097,1.076649301560942,0.6366049327463935,1.5166936703754903,0.736508266887956,1.0448484012526504,0.6765942678086725,1.4131025346966284,1.0729509841114673,-0.3463554151904014,-0.028102582858816852,0.04052059660729725,0.09741870845472551,0.34822887010313636,1.1247876636727756,0.336819058956793,1.136197474819119,8,normalized_compact_thermal,elastic_net
8,28.5,0.9469180183563036,1.1725991295798646,0.6991401204017129,1.6460581387580164,0.7548234720850586,1.0594907930091124,0.6820790569665831,1.4369025290516417,1.0708911555927698,-0.34969856870337074,-0.011400362583657462,0.06842719982414691,0.09258535929230596,0.3858082384882251,1.1238387056818921,0.3551342641538956,1.1545126800162215,8,normalized_compact_thermal,elastic_net
8,28.700000000000003,1.1070689639969924,1.2488039040102152,0.695269422011719,1.8023383860087114,0.7644460758446826,1.1054817788605509,0.7232587409382096,1.4877048167828921,1.0703794895125633,-0.3508903724030748,0.035102289347987606,0.08228658110897924,0.100724047697358,0.36299266815727554,1.1658994835320897,0.3647568679135196,1.1641352837758456,8,normalized_compact_thermal,elastic_net
8,28.89999999999999,0.7595524592474249,1.1083970987267615,0.7286208691030491,1.4881733283504741,0.7576133216710309,1.0509436495773337,0.6721369887418183,1.429750310412849,1.069867823432357,-0.3520821761027789,-0.01892417385502338,0.0745000228809843,0.09988448821813943,0.35950612595180514,1.1557205173902567,0.3579241137398679,1.157302529602194,8,normalized_compact_thermal,elastic_net
8,29.099999999999994,0.994934989697601,1.1943603587777614,0.6968928639289607,1.6918278536265619,0.7699692137912952,1.0684099604015151,0.6834253535058675,1.4533945672971629,1.06941535291314,-0.3528604124622404,-0.0010053925116248119,0.09145566543930081,0.0909626512819825,0.4074215683754229,1.1325168592071675,0.3702800058601322,1.1696584217224584,8,normalized_compact_thermal,elastic_net
8,29.299999999999997,0.960389541302055,1.1868749461122627,0.7066801754612353,1.6670697167632904,0.7491884157069033,1.040618506432046,0.6660242985785942,1.4152127142854976,1.0698215889348583,-0.35163437791802793,-0.029203082502812505,0.06286960716912245,0.09774626585277067,0.3596034813005857,1.138773350113221,0.3494992077757403,1.1488776236380662,8,normalized_compact_thermal,elastic_net
8,29.5,0.8003846332703528,1.121869031274451,0.7216767146392747,1.5220613479096274,0.742286001731513,1.0535220566942618,0.6823790558285052,1.4246650575600184,1.06941535291314,-0.3528604124622404,-0.015893296218878316,0.05483974945935291,0.07939191162896908,0.42585557429245446,1.0587164291705715,0.34259679380035,1.141975209662676,8,normalized_compact_thermal,elastic_net
8,29.700000000000003,0.7837153117545215,1.104068671616555,0.7122110157392945,1.495926327493816,0.749623120741972,1.0670129434904365,0.6922013831194505,1.4418245038614226,1.069009116891422,-0.354086447006453,-0.0019961734009854275,0.06590174257901137,0.07683472793001384,0.4433847986987652,1.055861442785179,0.349933912810809,1.149312328673135,8,normalized_compact_thermal,elastic_net
8,29.89999999999999,0.7252560478207813,1.0268777815209966,0.664249757610606,1.3895058054313874,0.735043117896191,1.081645667037477,0.7141241080893814,1.4491672259855726,1.069030087975837,-0.353960674052941,0.012615579061639993,0.04613455636732857,0.09784245384264177,0.34507480933846546,1.1250114264539166,0.335353909965028,1.134732325827354,8,normalized_compact_thermal,elastic_net
8,30.099999999999994,1.0801568535609811,1.1870574275584969,0.6469790007780063,1.7271358543389874,0.7689630635818722,1.1433317771453684,0.7588502453544324,1.5278133089363044,1.0689556684189117,-0.35430916754398983,0.07437610872645667,0.09159682516084311,0.13104697703911222,0.2466522877326115,1.291273839431133,0.36927385565070914,1.1686522715130352,8,normalized_compact_thermal,elastic_net
8,30.299999999999997,0.8205479298091343,1.082040613832552,0.6717666489279849,1.492314578737119,0.8246358523143001,1.0212678383323357,0.6089499121751856,1.4335857644894858,1.069030087975837,-0.353960674052941,-0.047762249643501314,0.16114729282956228,0.10882658423073012,0.3908883601793787,1.2583833444492216,0.4249466443831371,1.2243250602454632,8,normalized_compact_thermal,elastic_net
8,30.5,0.6496166245412861,1.0623491295266971,0.7375408172560542,1.3871574417973402,0.6950541373562371,1.059730374350337,0.7122033056722185,1.4072574430284557,1.0689556684189117,-0.35430916754398983,-0.00922529406857463,-0.009456373430449964,0.08427673423118062,0.3591543902816281,1.0309538844308461,0.2953649294250741,1.0947433452874002,8,normalized_compact_thermal,elastic_net
8,30.700000000000003,0.8360265163315793,1.0444659810386159,0.626452722872826,1.4624792392044055,0.7309230805174505,1.0805759411227902,0.715114400864065,1.4460374813815156,1.069030087975837,-0.353960674052941,0.01154585314695324,0.040513624273714965,0.07198056866448568,0.44403186398830047,1.0178142970466004,0.33123387258628745,1.1306122884486136,8,normalized_compact_thermal,elastic_net
8,30.89999999999999,1.0865726064179064,1.2023458218561216,0.6590595186471683,1.7456321250650748,0.744650837161713,1.034148056643463,0.6618226380626067,1.4064734752243195,1.0689556684189117,-0.35430916754398983,-0.03480761177544864,0.059469322128258846,0.08618854189928775,0.4011312443724976,1.0881704299509285,0.34496162923054996,1.144340045092876,8,normalized_compact_thermal,elastic_net
8,31.099999999999994,0.6515699977506814,1.1046583689943874,0.7788733701190468,1.4304433678697281,0.7482029485740305,1.0709074743143185,0.6968060000273033,1.4450089486013338,1.068777270681484,-0.35464916412478553,0.0021302036328344886,0.06456814793910605,0.09016884827135872,0.3888191446729963,1.1075867524750647,0.34851374064286744,1.1478921565051934,8,normalized_compact_thermal,elastic_net
8,31.299999999999997,0.5839007184968177,1.1281427832984523,0.8361924240500435,1.4200931425468613,0.7494967300235948,1.0515706645485134,0.676822299536716,1.426319029560311,1.0689556684189117,-0.35430916754398983,-0.017385003870398104,0.06595584321786283,0.09977063669843339,0.35184330956063864,1.1471501504865511,0.3498075220924318,1.149185937954758,8,normalized_compact_thermal,elastic_net
8,31.5,0.7405397794478027,1.081684709336118,0.7114148196122166,1.4519545990600193,0.7720005566908356,1.0181607617259705,0.6321604833805528,1.4041610400713882,1.069030087975837,-0.353960674052941,-0.05086932624986648,0.09519066619743868,0.08164332821551337,0.44659671246149973,1.0974044009201713,0.37231134875967253,1.1716897646219986,8,normalized_compact_thermal,elastic_net
8,31.700000000000003,0.8438869921997189,1.1086060982286192,0.6866626021287598,1.5305495943284786,0.7248317092041674,1.0787162829805674,0.7163004283784837,1.4411321375826511,1.0689556684189117,-0.35430916754398983,0.009760614561655681,0.032493391235664,0.08362469315730664,0.39153078651204726,1.0581326318962876,0.32514250127300437,1.1245209171353303,8,normalized_compact_thermal,elastic_net
8,31.89999999999999,0.8703675257964881,1.0394696308383626,0.6042858679401184,1.4746533937366069,0.7534297935662227,1.0874846128740052,0.7107697160908939,1.4641995096571165,1.068777270681484,-0.35464916412478553,0.018707342192521327,0.07152972510079872,0.08090851592950575,0.4309546729433358,1.0759049141891097,0.3537405856350597,1.1531190014973858,8,normalized_compact_thermal,elastic_net
8,32.099999999999994,0.9932755902297111,0.9392732882877434,0.442635493172888,1.4359110834025988,0.757270996700006,1.041605618607911,0.662970120257908,1.4202411169579139,1.0689556684189117,-0.35430916754398983,-0.02735004981100059,0.07627506565165919,0.09656399909393146,0.37239819440098454,1.1421437989990273,0.35758178876884295,1.156960204631169,8,normalized_compact_thermal,elastic_net
8,32.3,0.7145291719756403,1.0251663753512217,0.6679017893634014,1.3824309613390418,0.7485212789701211,1.0790176217102436,0.7047569822251831,1.4532782611953041,1.068777270681484,-0.35464916412478553,0.010240351028759552,0.0649935174160374,0.09823495104817298,0.3569886037663913,1.140053954173851,0.3488320710389581,1.1482104869012841,8,normalized_compact_thermal,elastic_net
8,32.5,0.7263732032931508,1.0381040392483132,0.6749174376017378,1.4012906408948886,0.7570532466617942,1.0370499366889365,0.6585233133580395,1.4155765600198336,1.0685988729440565,-0.3549891607055813,-0.0315489362551201,0.07666747173846526,0.08623539524504106,0.41334691162239895,1.1007595817011895,0.35736403873063116,1.1567424545929572,8,normalized_compact_thermal,elastic_net
8,32.7,0.728008945378986,1.0026066639012927,0.6386021912117998,1.3666111365907858,0.7846236566756346,1.0359153053738896,0.6436034770360723,1.428227133711707,1.068777270681484,-0.35464916412478553,-0.03286196530759428,0.11209806971978634,0.08107146991054158,0.4614990543005883,1.1077482590506809,0.3849344487444716,1.1843128646067975,8,normalized_compact_thermal,elastic_net
8,32.89999999999999,0.6044254063402571,1.0439494443709565,0.741736741200828,1.346162147541085,0.7175312474161897,1.0582362694257035,0.6994706457176086,1.4170018931337984,1.0689316841496888,-0.3543909952222719,-0.010695414723985296,0.022452213331458894,0.07431677562957623,0.4213286671299291,1.0137338277024504,0.31784203948502665,1.1172204553473528,8,normalized_compact_thermal,elastic_net
8,33.099999999999994,0.6698998481453039,1.0185028616782608,0.6835529376056089,1.3534527857509127,0.7588531058482602,1.0258412238214385,0.6464146708973084,1.4052677767455686,1.0689898304550538,-0.3540980215546921,-0.043148606633615194,0.07815096480578829,0.08997175048287206,0.4002548698492762,1.117451341847244,0.35916389791709713,1.158542313779423,8,normalized_compact_thermal,elastic_net
8,33.3,0.7876307244536294,1.0380904722536808,0.6442751100268661,1.4319058344804954,0.7687502795103588,1.0642916891360554,0.6799165493808761,1.4486668288912348,1.0690479767604188,-0.35380504788711237,-0.004756287624363451,0.0908159516163475,0.08799679059518542,0.41802359350448076,1.1194769655162369,0.36906107157919577,1.1684394874415218,8,normalized_compact_thermal,elastic_net
8,33.5,0.7179807775246567,1.0985696608081172,0.7395792720457889,1.4575600495704455,0.7558390692449901,1.0952383612422132,0.7173188266197181,1.4731578958647082,1.069439671331973,-0.3530259880686928,0.02579868991024026,0.07309919123670226,0.09518306988926117,0.3764702031723569,1.1352079353176232,0.3561498613138271,1.155528277176153,8,normalized_compact_thermal,elastic_net
8,33.7,0.7531677381267439,1.0804328570372403,0.7038489879738684,1.4570167261006124,0.7614249830926322,1.0674963810811868,0.6867838895348708,1.4482088726275029,1.069051059060252,-0.3538349010994291,-0.0015546779790650877,0.08127127757444647,0.08293160700428939,0.43088647716503437,1.0919634890202299,0.36173577516146915,1.1611141910237952,8,normalized_compact_thermal,elastic_net
8,33.89999999999999,0.6780173924253414,1.0383171392346502,0.6993084430219796,1.377325835447321,0.7615107270112651,1.0361861077770675,0.655430744271435,1.4169414712827,1.0694427536318063,-0.35305584128100953,-0.03325664585473878,0.08060482122070979,0.08427904676822978,0.42560176291351204,1.0974196911090182,0.36182151908010207,1.1611999349424282,8,normalized_compact_thermal,elastic_net
8,34.099999999999994,0.5410860189205912,1.1005035420198863,0.8299605325595908,1.371046551480182,0.7465993268182815,1.071531288372313,0.6982316249631721,1.4448309517814537,1.0692140755943378,-0.35362043508895064,0.0023172127779750532,0.061393820923726056,0.0775000216469385,0.4377093596528002,1.0554892939837628,0.3469101188871184,1.1462885347494445,8,normalized_compact_thermal,elastic_net
8,34.3,0.7548818913158006,1.0364689518288488,0.6590280061709485,1.413909897486749,0.7627701556614396,1.0569443889068977,0.675559311076178,1.4383294667376174,1.0695227207489326,-0.3529336816696119,-0.012578331842034964,0.08213515092553576,0.09222095095625134,0.39520733558097293,1.1303329757419063,0.36308094773027655,1.1624593635926026,8,normalized_compact_thermal,elastic_net
8,34.5,0.8531408319140765,1.0740402024219091,0.647469786464871,1.5006106183789474,0.7676773313118791,1.071293746319973,0.6874550806640334,1.4551324119759126,1.0697884491456164,-0.35243371749692914,0.0015052971743564816,0.08804794185729592,0.09039577208156523,0.40738908265335727,1.127965579970401,0.36798812338071607,1.1673665392430421,8,normalized_compact_thermal,elastic_net
8,34.7,0.8804206862482316,1.0575965637911104,0.6173862206669946,1.4978069069152262,0.7621775024510437,1.060451979979393,0.6793632287538711,1.4415407312049149,1.0695074269696436,-0.3530867827175733,-0.009055446990250696,0.08151097514424831,0.09393886992692303,0.38776761416121347,1.136587390740874,0.3624882945198806,1.1618667103822067,8,normalized_compact_thermal,elastic_net
8,34.89999999999999,0.7683509385881582,1.0222540075285376,0.6380785382344585,1.4064294768226169,0.8048934546945261,0.9901356333550749,0.5876889060078119,1.392582360702338,1.069797696045116,-0.3525232771338793,-0.07966206269004114,0.1354779123939492,0.11028248711361734,0.3653432055521306,1.2444437038369216,0.4052042467633631,1.2045826626256892,8,normalized_compact_thermal,elastic_net
8,35.099999999999994,0.6891672625827385,1.0346635069083179,0.6900798756169486,1.3792471381996871,0.7594059815537401,1.04096087806173,0.66125788728486,1.4206638688386002,1.0699123157554,-0.35228730135067515,-0.028951437693669996,0.07706854681910127,0.0886975101036644,0.4058864547025739,1.1129255084049063,0.35971677362257704,1.159095189484903,8,normalized_compact_thermal,elastic_net
8,35.3,0.8193370377194619,1.0641054734248268,0.6544369545650958,1.4737739922845576,0.7542991996416174,1.1085116682487328,0.7313620684279241,1.4856612680695416,1.0698639189315984,-0.35226579157794946,0.03864774931713455,0.07029961839374152,0.09289460490192612,0.3840514132767755,1.1245469860064592,0.3546099917104544,1.1539884075727804,8,normalized_compact_thermal,elastic_net
8,35.5,0.7613768475259203,1.055940934108784,0.6752525103458239,1.4366293578717442,0.7993822626023042,1.0804702954577334,0.6807791641565814,1.4801614267588854,1.0695924472868952,-0.35277593979626554,0.010877848170838235,0.12885991845677458,0.08564797175604574,0.4580172071957665,1.1407473180088419,0.39969305467114113,1.1990714705334673,8,normalized_compact_thermal,elastic_net
8,35.7,0.7569190944968351,1.1387044167423856,0.7602448694939681,1.5171639639908032,0.7795540076425526,1.0257007228789294,0.6359237190576532,1.4154777267002057,1.0698639189315984,-0.35226579157794946,-0.04416319605266893,0.10323248367437457,0.10276877841894161,0.3699509660320799,1.1891570492530252,0.37986479971138953,1.1792432155737156,8,normalized_compact_thermal,elastic_net
8,35.89999999999999,0.7184996389718911,1.1322729280125499,0.7730231085266043,1.4915227474984953,0.8184315066761292,1.0333509135532855,0.6241351602152209,1.44256666689135,1.0695924472868952,-0.35277593979626554,-0.03624153373360976,0.15241037260412885,0.09768882689343186,0.4290755053447598,1.2077875080074985,0.41874229874496616,1.2181207146072923,8,normalized_compact_thermal,elastic_net
8,36.099999999999994,0.743246003729744,1.155029704296982,0.78340670243211,1.526652706161854,0.8031988308758228,1.049711610694765,0.6481121952568536,1.4513110261326765,1.069320975642192,-0.35328608801458156,-0.019609364947426995,0.13413310238595988,0.07920459183694141,0.48751499941414944,1.1188826623374961,0.40350962294465975,1.2028880388069858,8,normalized_compact_thermal,elastic_net
8,36.3,0.6884821707787129,1.1134879468416665,0.7692468614523101,1.457729032231023,0.7423891222547734,1.0490780460966975,0.6778834849693108,1.420272607224084,1.0692813959675145,-0.3535876010071914,-0.020203349870816928,0.055705851254428625,0.09632679668041898,0.3584617318945412,1.1263165126150056,0.34269991432361036,1.1420783301859365,8,normalized_compact_thermal,elastic_net
8,36.5,0.8234126981768894,1.1614831927748308,0.749776843686386,1.5731895418632755,0.8114059150348464,1.0224460288408586,0.6167430713234354,1.4281489863582817,1.0693363871413581,-0.3534353540761652,-0.04689035830049962,0.14444851575211137,0.08779041677256633,0.4615017681965448,1.161310061873148,0.41171670710368335,1.2110951229660094,8,normalized_compact_thermal,elastic_net
8,36.699999999999996,0.8803522438634029,1.223425328993696,0.7832492070619945,1.6636014509253974,0.7833730635631099,1.043582165790139,0.651895634008584,1.435268697571694,1.0695290030684763,-0.3532957552037905,-0.02594683727833725,0.10914951284782881,0.08256044207378954,0.45431390074740663,1.1124322263788131,0.38368385563194685,1.183062271494273,8,normalized_compact_thermal,elastic_net
8,36.9,0.8033127074845543,1.1002691992842757,0.6986128455419984,1.5019255530265527,0.7273783601563258,1.049736649152664,0.6860474690745011,1.413425829230827,1.0697216189955945,-0.35315615633141567,-0.019984969842930415,0.03484765988076417,0.09025620043287856,0.3676463988518445,1.087110321460807,0.3276891522251628,1.1270675680874889,8,normalized_compact_thermal,elastic_net
8,37.099999999999994,0.9543589768724329,1.1597300627814253,0.6825505743452088,1.6369095512176417,0.8097255661109333,0.9681977719456821,0.5633349888902155,1.3730605550011488,1.0694295697488831,-0.35380837468145815,-0.10123179780320102,0.1427484786872023,0.09553953656747798,0.42893593939604385,1.1905151928258226,0.41003635817977024,1.2094147740420964,8,normalized_compact_thermal,elastic_net
8,37.3,1.2015464174966088,0.9875301975587799,0.3867569888104756,1.5883034063070842,0.8785472830969464,0.891906188503723,0.45263254695524985,1.3311798300521962,1.0691375205021716,-0.3544605930315007,-0.1772313319984485,0.22497504276307667,0.19265089571184987,0.11070325433099315,1.6463913118628997,0.4788580751657834,1.2782364910281094,8,normalized_compact_thermal,elastic_net
8,37.5,1.2372624392765355,1.0344296509770177,0.41579843133875005,1.6530608706152854,0.811177392389038,0.8888648063534403,0.48327611015892136,1.2944535025479593,1.0691307989546845,-0.3545106634927279,-0.18026599260124423,0.1452421476162503,0.23639765186519895,-0.1310270273115689,1.753381812089645,0.41148818445787494,1.2108666003202009,8,normalized_compact_thermal,elastic_net
8,37.699999999999996,0.8690295213946505,1.1676932889661018,0.7331785282687765,1.602208049663427,0.7935452458729153,0.9301294577129694,0.5333568347765117,1.3269020806494272,1.069140602802005,-0.3544904462438174,-0.13901114508903556,0.1232457262363233,0.1827593134747904,0.06512585786821601,1.5219646338776145,0.3938560379417523,1.1932344538040782,8,normalized_compact_thermal,elastic_net
8,37.9,0.7591497478422499,1.0471794497929119,0.6676045758717869,1.4267543237140368,0.7623213404717407,1.0179959464818817,0.6368352762460114,1.399156616717752,1.0691323401046011,-0.35452559009888623,-0.05113639362271935,0.08313848456596175,0.11827308792951044,0.2909231463713687,1.2337195345721128,0.3626321325405777,1.1620105484029037,8,normalized_compact_thermal,elastic_net
8,38.099999999999994,1.0479027648825037,1.2260772540839122,0.7021258716426603,1.7500286365251643,0.751862068333379,1.0527162586097452,0.6767852244430557,1.4286472927764347,1.069140602802005,-0.3544904462438174,-0.016424344192259726,0.06928805461861434,0.08659376505601032,0.406727387381415,1.096996749285343,0.35217286040221596,1.151551276264542,8,normalized_compact_thermal,elastic_net
8,38.3,0.710279792634836,1.0504492590072196,0.6953093626898015,1.4055891553246376,0.7153000589850846,1.0981371207613366,0.7404870912687943,1.455787150253879,1.0691385047042676,-0.3545852965235197,0.0289986160570691,0.01953213511773984,0.09991368267229224,0.3170765036340415,1.1135236143361278,0.3156108510539216,1.1149892669162478,8,normalized_compact_thermal,elastic_net
8,38.5,0.8502673445601829,1.0730443259968838,0.6479106537167924,1.4981779982769754,0.7751957556549791,1.0952493295346666,0.707651451707177,1.4828472073621561,1.0691364066065305,-0.354680146803222,0.026112922928136103,0.100040453221377,0.09287066593089932,0.4050433822696088,1.1453481290403493,0.3755065477238161,1.174884963586142,8,normalized_compact_thermal,elastic_net
8,38.699999999999996,0.6905126969021282,1.0611784701874871,0.715922121736423,1.4064348186385511,0.7165227969832125,1.0753947234521763,0.71713332496057,1.4336561219437827,1.0689889757130673,-0.35516608203442335,0.0064057477391091765,0.021820866957711425,0.08008458586204001,0.3973315945590271,1.035713999407398,0.3168335890520495,1.1162120049143756,8,normalized_compact_thermal,elastic_net
8,38.9,0.7543188487614394,1.047799328500881,0.6706399041201615,1.4249587528816008,0.7193006651073784,1.0788026468152272,0.7191523142615379,1.4384529793689165,1.06915490040553,-0.3548592660771224,0.009647746409697105,0.025383428627090403,0.08365380556401172,0.38588370979797454,1.0527176204167823,0.3196114571762154,1.1189898730385415,8,normalized_compact_thermal,elastic_net
8,39.099999999999994,0.7480711416171362,1.0863660002522164,0.7123304294436484,1.4604015710607845,0.8112801789644624,1.098635109827333,0.6929950203451019,1.5042751993095642,1.0691569985032672,-0.35476441579742013,0.029478111324065966,0.1456226047141855,0.0828089296816251,0.48123062508312786,1.1413297328457968,0.41159097103329934,1.2109693868956253,8,normalized_compact_thermal,elastic_net
8,39.3,0.7809161499099555,1.1648133047341735,0.7743552297791958,1.5552713796891513,0.722732199704377,1.0946367672961486,0.7332706674439601,1.456002867148337,1.06915490040553,-0.3548592660771224,0.02548186689061854,0.030142739122780222,0.07080345692806564,0.4405325690339937,1.0049318303747603,0.32304299177321394,1.12242140763554,8,normalized_compact_thermal,elastic_net
8,39.5,0.6924962234460056,1.1145037105879159,0.768255598864913,1.4607518223109186,0.7320834205760319,1.0965895442521527,0.7305478339641367,1.4626312545401687,1.06913040599896,-0.35499363821511704,0.02745913825319286,0.0431328292366178,0.06526950532271543,0.47194032735359026,0.9922265137984736,0.3323942126448689,1.131772628507195,8,normalized_compact_thermal,elastic_net
8,39.699999999999996,0.6605301828416322,1.1834176855301277,0.8531525941093118,1.5136827769509438,0.7346746700498468,1.0982263206506637,0.7308889856257403,1.465563655675587,1.06915490040553,-0.3548592660771224,0.029071420245133633,0.04653176253759331,0.07246154275810344,0.4458664466756941,1.0234828934239995,0.33498546211868374,1.1343638779810097,8,normalized_compact_thermal,elastic_net
8,39.9,0.7640679895113771,1.1553440371727195,0.7733100424170308,1.537378031928408,0.7536243419396851,1.0903920763334969,0.7135799053636543,1.4672042473033393,1.0692903402332123,-0.35474931899232187,0.021101736100284596,0.07188806362605435,0.09123661196202171,0.38998477804864823,1.1172639058307219,0.35393513400852206,1.1533135498708482,8,normalized_compact_thermal,elastic_net
8,40.099999999999994,0.8112994847176106,1.1304171749506118,0.7247674325918066,1.536066917309417,0.7333274398376709,1.1038932522870568,0.7372295323682214,1.4705569722058922,1.0691059115923898,-0.3551280103531116,0.03478734069466709,0.044965045431984346,0.07899178563372443,0.4184917849277895,1.0481630947475522,0.3336382319065079,1.133016647768834,8,normalized_compact_thermal,elastic_net
8,40.3,0.8006494530949367,1.1314899909803633,0.7311652644328948,1.5318147175278316,0.7780312380883274,1.0930966705486973,0.7040810515045336,1.4821122895928611,1.0690567776229565,-0.3552977074102873,0.02403989292574091,0.10430910358496306,0.08420837790074377,0.4424039371913515,1.1136585389853033,0.3783420301571644,1.1777204460194906,8,normalized_compact_thermal,elastic_net
8,40.5,0.7251158116968508,1.1003898350933934,0.7378319292449679,1.4629477409418188,0.7228698624547076,1.0636735184949841,0.7022385872676303,1.4251084497223379,1.0691059115923898,-0.3551280103531116,-0.005432393097405545,0.0306019407235758,0.0871591808257915,0.37548161750558506,1.0702581074038302,0.3231806545235446,1.1225590703858708,8,normalized_compact_thermal,elastic_net
8,40.699999999999996,1.017931204122546,1.1306933927624732,0.6217277907012,1.639658994823746,0.7460314385142417,1.0667810139903438,0.6937652947332229,1.4397967332474646,1.0690567776229565,-0.3552977074102873,-0.002275763632612767,0.06231017052441404,0.08233914782506287,0.4178542828486073,1.074208594179876,0.34634223058307867,1.1457206464454046,8,normalized_compact_thermal,elastic_net
8,40.9,0.5761550333307769,1.1178114071853094,0.8297338905199209,1.4058889238506977,0.7469911653099306,1.090640111901329,0.7171445292463636,1.4641356945562942,1.0691059115923898,-0.3551280103531116,0.021534200308939114,0.06342608953951707,0.08125275665807784,0.4231440127174261,1.0708383179024352,0.34730195737876757,1.1466803732410935,8,normalized_compact_thermal,elastic_net
8,41.099999999999994,0.8025780022026846,1.0820487488878943,0.680759747786552,1.4833377499892366,0.7309918802163742,1.0819853665154977,0.7164894264073106,1.447481306623685,1.069216711857209,-0.35505338818749216,0.012768654658288803,0.041700461118303965,0.07748034556583357,0.42218033553281353,1.0398034248999348,0.33130267228521115,1.1306810881475373,8,normalized_compact_thermal,elastic_net
8,41.3,0.9533543737634913,1.1089829415804684,0.6323057546987229,1.585660128462214,0.7389289914125706,1.051330836321667,0.6818663406153815,1.4207953320279523,1.0690076436535232,-0.355467404467463,-0.017676807331856288,0.052913954418422025,0.0774038825602941,0.43042220348608623,1.047435779339055,0.3392397834814076,1.1386181993437337,8,normalized_compact_thermal,elastic_net
8,41.5,0.6847956269572948,1.0543741729905176,0.7119763595118703,1.396771986469165,0.7479229580965657,1.045603648040255,0.6716421689919723,1.4195651270885379,1.069216711857209,-0.35505338818749216,-0.02361306381695378,0.06459808467815212,0.07588177971932994,0.4454827787538801,1.0503631374392515,0.3482337501654027,1.1476121660277288,8,normalized_compact_thermal,elastic_net
8,41.699999999999996,0.8152316717717762,1.0811401684177235,0.6735243325318355,1.4887560043036117,0.734952479373896,1.0915043279746992,0.7240280882877512,1.4589805676616472,1.0690076436535232,-0.355467404467463,0.022496684321175943,0.04751796869494151,0.0796287844268773,0.41757795373701245,1.0523270050107794,0.33526327144273294,1.1346416873050589,8,normalized_compact_thermal,elastic_net
8,41.9,0.9145273526268257,1.1231941855848153,0.6659305092714025,1.5804578618982281,0.7779354533187502,1.0654702058773364,0.6765024792179613,1.4544379325367116,1.069216711857209,-0.35505338818749216,-0.003746505979872539,0.10394166505604513,0.08820262646142289,0.42638837226507187,1.1294825343724286,0.3782462453875872,1.1776246612499133,8,normalized_compact_thermal,elastic_net
8,42.099999999999994,0.9497905497112104,0.8991987729478228,0.4243034980922177,1.374094047803428,0.7289281152412074,1.090407091028773,0.7259430334081693,1.4548711486493768,1.0690076436535232,-0.355467404467463,0.02139944737524986,0.03928724528107809,0.07632280019686022,0.4247301712175745,1.0331260592648404,0.32923890731004435,1.1286173231723704,8,normalized_compact_thermal,elastic_net
8,42.3,0.6385510498001734,1.043951857584736,0.7246763326846494,1.3632273824848227,0.7481742297901384,1.0589829130266462,0.684895798131577,1.4330700279217155,1.0689851993447494,-0.35572650562869657,-0.01000228631810319,0.065607105024555,0.0852650216949038,0.4083354892064667,1.0880129703738102,0.34848502185897534,1.1478634377213015,8,normalized_compact_thermal,elastic_net
8,42.5,0.672131958268015,1.037279979614476,0.7012140004804688,1.3733459587484835,0.775856032697044,1.1142920517866466,0.7263640354381247,1.5022200681351685,1.0689627550359757,-0.35598560678993013,0.04532929675067081,0.10219730590419995,0.11583492030360372,0.31417558450055344,1.2375364808935345,0.3761668247658809,1.175545240628207,8,normalized_compact_thermal,elastic_net
8,42.699999999999996,0.8689855036171918,1.1042325185329094,0.6697397667243135,1.5387252703415053,0.7354329137644714,1.0854954792305007,0.717779022348265,1.4532119361127365,1.0689152536564963,-0.3561523426146127,0.01658022557400435,0.048856387772892716,0.09287108476067545,0.3652788710593635,1.1055869564695793,0.33574370583330837,1.1351221216956344,8,normalized_compact_thermal,elastic_net
8,42.9,0.7903946147080888,1.1134393679099186,0.718242060555874,1.508636675263963,0.6754656715578417,1.1048394243306998,0.7671065885517789,1.4425722601096207,1.068867752277017,-0.35631907843929533,0.035971672053682915,-0.03603386374134714,0.06702336389700948,0.408332266514655,0.9425990766010284,0.2757764636266786,1.0751548794890047,8,normalized_compact_thermal,elastic_net
8,43.099999999999994,0.6918561616652728,1.0848778506063996,0.7389497697737634,1.430805931439036,0.6674794631819763,1.0376044369521187,0.7038647053611305,1.3713441685431067,1.0688853047576967,-0.3563464214670444,-0.031280867805578,-0.047900234482569616,0.07790502666379925,0.3569752772885328,0.9779836490754197,0.26779025525081324,1.0671686711131394,8,normalized_compact_thermal,elastic_net
8,43.3,0.6307035741024779,1.0944944839806217,0.7791426969293826,1.4098462710318607,0.7117095820197878,1.0031848103456225,0.6473300193357285,1.3590396013555164,1.06896292739009,-0.3560751056654053,-0.06577811704446758,0.015989764463671858,0.09333192342574434,0.3397187857616268,1.0837003782779489,0.3120203740886248,1.1113987899509508,8,normalized_compact_thermal,elastic_net
8,43.5,0.7582046690588125,1.1029332109900778,0.7238308764606715,1.482035545519484,0.6962033611651345,1.030627008809212,0.6825253282266448,1.3787286893917792,1.0689841609770487,-0.35609891117989523,-0.038357152167836674,-0.006014564563626576,0.0659040231342394,0.43353128560433374,0.9588754367259352,0.29651415323397146,1.0958925690962975,8,normalized_compact_thermal,elastic_net
8,43.699999999999996,0.726192718669652,1.1069514925468555,0.7438551332120295,1.4700478518816815,0.6321460473009327,1.0278587331120814,0.7117857094616151,1.3439317567625477,1.0689899830648413,-0.3559734506328016,-0.04113124995275991,-0.10266137339760606,0.10266782739232257,0.2229453637625614,1.041346730839304,0.23245683936976969,1.0318352552320957,8,normalized_compact_thermal,elastic_net
8,43.9,0.6474425682866093,1.1357104002343257,0.811989116091021,1.4594316843776305,0.6706272057977699,1.0162652290992225,0.6809516262003374,1.3515788319981075,1.0689841609770487,-0.35609891117989523,-0.05271893187782625,-0.043442965255463754,0.11283456808912898,0.22090518906128653,1.1203492225342533,0.2709379978666069,1.070316413728933,8,normalized_compact_thermal,elastic_net
8,44.099999999999994,0.8877591420031099,1.233597950640938,0.7897183796393831,1.677477521642493,0.731968969830485,1.0005632572702943,0.6345787723550518,1.3665477421855368,1.0689783388892562,-0.35622437172698895,-0.068415081618962,0.04420721486568164,0.11512377790933433,0.27312290472380274,1.1908150349371671,0.33227976189932196,1.131658177761648,8,normalized_compact_thermal,elastic_net
8,44.3,0.7056509404996139,1.0653235981518903,0.7124981279020833,1.418149068401697,0.7122888421102082,1.0036018642469193,0.6474574431918152,1.3597462853020235,1.0689068808565296,-0.3565553939532615,-0.06530501660961031,0.017283621239463705,0.13450128690529434,0.17621030673688887,1.2483673774835276,0.3125996341790451,1.1119780500413712,8,normalized_compact_thermal,elastic_net
8,44.5,0.9390600353610565,1.0935070030128649,0.6239769853323366,1.5630370206933932,0.7096559392511698,1.0297676808176062,0.6749397111920212,1.384595650443191,1.0689845034889227,-0.3562840781516224,-0.03921682267131664,0.013309059147918127,0.09037989735142996,0.34943096212168806,1.0698809163806515,0.30996673132000674,1.1093451471823328,8,normalized_compact_thermal,elastic_net
8,44.699999999999996,0.6358414999033482,1.0365140972610645,0.7185933473093903,1.3544348472127385,0.7211551286451041,1.03050988977254,0.6699323254499879,1.391087454095092,1.0690026547760483,-0.35627803045379564,-0.038492765003508386,0.029377023235029803,0.10063554564095753,0.3200544614694373,1.122255795820771,0.3214659207139411,1.1208443365762673,8,normalized_compact_thermal,elastic_net
8,44.9,0.73519634869423,1.0215893598090133,0.6539911854618984,1.3891875341561284,0.6910376873455163,1.0596793251285659,0.7141604814558078,1.405198168801324,1.069011559163674,-0.3561824231190187,-0.009332234035108022,-0.013378493285297784,0.08911821855280185,0.3358413529750914,1.0462340217159412,0.29134847941435327,1.0907268952766793,8,normalized_compact_thermal,elastic_net
8,45.099999999999994,0.7384689202645752,1.0693851750919254,0.700150714959638,1.438619635224213,0.7022329479255427,1.0997533747025767,0.7486369007398054,1.4508698486653482,1.0690026547760483,-0.35627803045379564,0.03075071992652847,0.0027879351042987693,0.08224358194729822,0.3744366868740975,1.030029208976988,0.30254373999437967,1.1019221558567058,8,normalized_compact_thermal,elastic_net
8,45.3,0.7006928394837902,1.0704393509178136,0.7200929311759184,1.4207857706597087,0.7514531968785054,1.1243735954695353,0.7486469970302826,1.500100193908788,1.0689937503884226,-0.3563736377885726,0.05537984508111271,0.07062728645722248,0.09483648839584762,0.3734656923054649,1.129440701451546,0.3517639889473424,1.1511424048096686,8,normalized_compact_thermal,elastic_net
8,45.5,0.8304567702281087,1.1006955929169764,0.6854672078029219,1.5159239780310307,0.6967608935026394,1.064635946910993,0.7162555001596733,1.4130163936623126,1.0690072782257982,-0.35632281027227075,-0.004371331314805313,-0.0049901677335542835,0.08635233917665897,0.35258845785539894,1.0409333291498797,0.29707168557147634,1.0964501014338024,8,normalized_compact_thermal,elastic_net
8,45.699999999999996,0.9085706648262544,1.095085899160057,0.6408005667469298,1.549371231573184,0.6900794646543154,1.0511729088345885,0.7061331765074308,1.3962126411617461,1.0689937503884226,-0.3563736377885726,-0.017820841553834087,-0.014574884067698753,0.08658843933321088,0.3449660103072696,1.0351929190013611,0.29039025672315233,1.0897686725854783,8,normalized_compact_thermal,elastic_net
8,45.9,0.9215979576881843,1.1478323230980383,0.6870333442539462,1.6086313019421306,0.7458046118711215,1.0569118005295453,0.6840094945939845,1.429814106465106,1.0689192100558624,-0.35667480680252844,-0.01200740952631716,0.06338317933671558,0.09412107349279661,0.37066851922309746,1.1209407045191455,0.34611540393995843,1.1454938198022844,8,normalized_compact_thermal,elastic_net
8,46.099999999999994,1.1567468016844842,0.9736964781595356,0.39532307731729344,1.5520698790017777,0.7709334482811078,1.0799809177226245,0.6945141935820707,1.4654476418631783,1.0688446697233025,-0.3569759758164844,0.011136247999321974,0.09682274797045698,0.09814760141588662,0.3797489204001202,1.1621179761620954,0.37124424034994474,1.1706226562122708,8,normalized_compact_thermal,elastic_net
8,46.3,0.836177003233742,0.9535862514498146,0.5354977498329436,1.3716747530666855,0.737431669597739,1.0816082608469402,0.7128924260480707,1.4503240956458097,1.0688441234094332,-0.35701857094542383,0.01276413743750696,0.05243672449195989,0.09996250048115081,0.3390135422832955,1.1358497969121824,0.33774246166657595,1.137120877528902,8,normalized_compact_thermal,elastic_net
8,46.5,0.8330112519772357,1.0710850522837074,0.6545794262950896,1.4875906782723254,0.7319774819820432,1.0314069399380739,0.6654181989470522,1.3973956809290955,1.0688446697233025,-0.3569759758164844,-0.03743772978522855,0.04497044800287578,0.100332686380951,0.3320839136547529,1.1318710503093334,0.33228827405088013,1.1316666899132062,8,normalized_compact_thermal,elastic_net
8,46.699999999999996,0.6633342119663763,1.1878842185209506,0.8562171125377624,1.5195513245041388,0.7040676374167341,1.0554652175057353,0.7034313987973683,1.4074990362141024,1.0689192100558624,-0.35667480680252844,-0.013453992550127062,0.005793955239485053,0.07972075686329093,0.38632653945818907,1.021808735375279,0.30437842948557103,1.1037568453478972,8,normalized_compact_thermal,elastic_net
8,46.9,0.8029926842349105,1.1219222141262564,0.7204258720088011,1.5234185562437117,0.6916871450123011,1.0773437026746469,0.7315001301684962,1.4231872751807975,1.0688446697233025,-0.3569759758164844,0.008499032951344354,-0.01164555236054908,0.0802406700843094,0.3718738414677898,1.0115004485568124,0.2919979370811381,1.0913763529434641,8,normalized_compact_thermal,elastic_net
8,47.099999999999994,0.9100931839082606,1.1802793352830951,0.7252327433289648,1.6353259272372254,0.7336274838407678,1.0480528660187602,0.6812391240983764,1.414866607939144,1.0688441234094332,-0.35701857094542383,-0.020791257390672894,0.047264676545057505,0.07535743786599503,0.4332771611770642,1.0339778065044714,0.3339382759096048,1.1333166917719308,8,normalized_compact_thermal,elastic_net
8,47.3,0.7816742253411703,1.0917346545792548,0.7008975419086696,1.48257176724984,0.7261740226878812,1.054252448457868,0.6911654371139273,1.4173394598018085,1.0688468619805367,-0.35704923477238515,-0.014594413522668744,0.037083642563440836,0.08399089965294299,0.3914135195981166,1.060934525777646,0.3264848147567182,1.1258632306190441,8,normalized_compact_thermal,elastic_net
8,47.5,0.6419090055366173,1.1408913547069734,0.819936851938665,1.4618458574752822,0.7164299367978395,1.083122572070597,0.7249076036716773,1.4413375404695168,1.0688452195380505,-0.35705520042337424,0.01427735253254666,0.02358037857972035,0.08235962107176659,0.3881711814065832,1.0446886921890959,0.3167407288666765,1.1161191447290024,8,normalized_compact_thermal,elastic_net
8,47.699999999999996,0.65496969892856,1.1372166718576082,0.8097318223933283,1.4647015213218884,0.7102650252941567,1.0724931604622834,0.717360647815205,1.4276256731093617,1.068843577095564,-0.3570611660743634,0.0036495833667194305,0.014944062539975753,0.07607009555972186,0.4070742800481427,1.0134557705401708,0.31057581736299367,1.1099542332253196,8,normalized_compact_thermal,elastic_net
8,47.9,0.8379163335097978,1.2186918586152864,0.7997336918603876,1.6376500253701853,0.7053778556238457,1.0505163527583936,0.6978274249464708,1.4032052805703166,1.068842137238217,-0.3570253472110575,-0.01832578447982352,0.00800369288691554,0.07378990960512785,0.41127519254449724,0.9994805187031941,0.30568864769268267,1.1050670635550088,8,normalized_compact_thermal,elastic_net
8,48.099999999999994,0.7436469006515016,1.167006813027488,0.7951833627017372,1.5388302633532387,0.6959220938497892,1.066994339422919,0.7190332924980245,1.4149553863478137,1.068843577095564,-0.3570611660743634,-0.0018492376726449745,-0.005456392962311707,0.06615492277467329,0.4322500136432025,0.9595941740563759,0.2962328859186262,1.0956113017809521,8,normalized_compact_thermal,elastic_net
8,48.3,0.8604219248656977,1.1992230405425421,0.7690120781096932,1.6294340029753909,0.6985509045821502,1.0899805563208695,0.7407051040297945,1.4392560086119446,1.068810776835335,-0.35713974665028997,0.021169779485534525,-0.0016074792935940052,0.07200575318658722,0.4115593107106497,0.9855424984536507,0.29886169665098716,1.0982401125133132,8,normalized_compact_thermal,elastic_net
8,48.5,1.0080497543406355,1.2607565387958888,0.7567316616255712,1.7647814159662065,0.7165244878519721,1.067846176854895,0.709583932928909,1.426108420780881,1.0687841411747725,-0.3572780336508501,-0.0009379643198774261,0.023935178396842477,0.07295454287940936,0.4257513257842987,1.0072976499196455,0.31683527992080907,1.1162136957831352,8,normalized_compact_thermal,elastic_net
8,48.699999999999996,0.7456268883454402,1.13615395356664,0.7633405093939201,1.5089673977393603,0.7156331553927833,1.044242415613402,0.6864258379170104,1.4020589933097938,1.068810776835335,-0.35713974665028997,-0.0245683612219329,0.02255215052787662,0.06795142214909652,0.44480081095676943,0.9864654998287972,0.31594394746162024,1.1153223633239464,8,normalized_compact_thermal,elastic_net
8,48.9,0.8049702160221454,1.1834923638456458,0.7810072558345731,1.5859774718567183,0.6944771028033678,1.0876539242284433,0.7404153728267594,1.4348924756301273,1.0687841411747725,-0.3572780336508501,0.01886978305367091,-0.007318053005992982,0.06972463704130599,0.416577298537121,0.9723769070696147,0.2947878948722048,1.094166310734531,8,normalized_compact_thermal,elastic_net
8,49.099999999999994,0.7041746862604829,1.1181884548676226,0.7661011117373813,1.470275797997864,0.7168970777136806,1.0485002843666995,0.6900517455098591,1.4069488232235399,1.068746728794477,-0.35741636428008,-0.020246444427777406,0.02459336986680521,0.0691321041650679,0.4413589174417988,0.9924352379855624,0.3172078697825176,1.1165862856448436,8,normalized_compact_thermal,elastic_net
8,49.3,0.8443715603666271,1.065490863210798,0.6433050830274845,1.4876766433941115,0.6666005209179273,1.0361408365105265,0.7028405760515628,1.3694410969694901,1.0687841411747725,-0.3572780336508501,-0.03264330466424594,-0.048286298002916554,0.07396467123939653,0.3718013146077013,0.9613997272281534,0.2669113129867643,1.0662897288490902,8,normalized_compact_thermal,elastic_net
8,49.5,0.7726827053780999,1.1685729472556716,0.7822315945666217,1.5549142999447216,0.7117563036821508,1.0639869676986482,0.7081088158575728,1.4198651195397236,1.068746728794477,-0.35741636428008,-0.0047597610958287065,0.01739666801279708,0.07522202335654032,0.411945699362911,1.0115669080013907,0.3120670957509878,1.1114455116133137,8,normalized_compact_thermal,elastic_net
8,49.699999999999996,0.7986808820740297,1.1164970065391726,0.7171565655021578,1.5158374475761875,0.711908961177708,1.0934805001831396,0.7375260195942857,1.4494349807719935,1.0687841411747725,-0.3572780336508501,0.024696359008366985,0.017472794390997574,0.06911353172922449,0.4364448246154451,0.9873730977399708,0.31221975324654494,1.111598169108871,8,normalized_compact_thermal,elastic_net
8,49.9,0.7226728972765711,1.1227254370135933,0.7613889883753078,1.484061885651879,0.7171069626050781,1.0666591463451178,0.7081056650425788,1.4252126276476569,1.068746728794477,-0.35741636428008,-0.0020875824493592175,0.024886095531440708,0.0757329389961475,0.41526001414310315,1.0189539110670531,0.3174177546739151,1.116796170536241,8,normalized_compact_thermal,elastic_net
8,50.099999999999994,0.7791250377266383,1.1434233107623943,0.7538607918990752,1.5329858296257135,0.6806914943806714,1.0712710916803563,0.7309253444900206,1.411616838870692,1.0687093164141812,-0.3575546949093099,0.0025617752661750495,-0.02709139909779542,0.08504131567695535,0.3417443734774898,1.019638615283853,0.2810022864495084,1.0803807023118344,8,normalized_compact_thermal,elastic_net
8,50.3,0.7064903977116996,1.1339411758305618,0.7806959769747118,1.4871863746864116,0.7140343903926847,1.0858268292048534,0.7288096340085111,1.4428440244011957,1.068746728794477,-0.35741636428008,0.017080100410376407,0.020592212293676696,0.07980239261608442,0.3959679187830872,1.0321008620022822,0.31434518246152165,1.1137235983238476,8,normalized_compact_thermal,elastic_net
8,50.5,0.6366473187818059,1.0874527800823275,0.7691291206914247,1.4057764394732304,0.7190957468382819,1.0291289205646545,0.6695810471455136,1.3886767939837954,1.0687841411747725,-0.3572780336508501,-0.039655220610117864,0.02751727019741469,0.09565424826967042,0.3378489164585324,1.1003425772180315,0.3194065389071189,1.118784954769445,8,normalized_compact_thermal,elastic_net
8,50.699999999999996,0.7883504901626158,1.120070906663787,0.7258956615824793,1.514246151745095,0.6940375969752685,1.1041307982962614,0.7571119998086271,1.4511495967838957,1.068746728794477,-0.35741636428008,0.035384069501784424,-0.007812781346679051,0.08067436582639811,0.3724957227712045,1.0155794711793324,0.29434838904410543,1.0937268049064315,8,normalized_compact_thermal,elastic_net
8,50.9,0.997828569544983,0.9969618137968395,0.4980475290243481,1.495876098569331,0.7278759746708987,1.04187586293608,0.6779378756006307,1.4058138502715294,1.0687093164141812,-0.3575546949093099,-0.026833453478101094,0.03993008514713403,0.07304626002429265,0.43673725779085926,1.0190146915509382,0.3281867667397357,1.1275651826020616,8,normalized_compact_thermal,elastic_net
8,51.099999999999994,0.6829847739144295,1.0860909929224536,0.7445986059652387,1.4275833798796682,0.7008684824732241,1.060114242904712,0.7096800016680999,1.4105484841413238,1.0686832428618818,-0.35765815903049186,-0.008568999957169763,0.002223135320328057,0.07586791788029203,0.3984835519280779,1.0032534130183703,0.30117927454206106,1.1005576904043872,8,normalized_compact_thermal,elastic_net
8,51.3,0.7562161757863247,1.0855086011043813,0.7074005132112191,1.4636166889975437,0.7003518703661928,1.066556997426114,0.7163810622430176,1.4167329326092104,1.0687093164141812,-0.3575546949093099,-0.0021523189880673053,0.001382296625058281,0.07057832700149157,0.4190495346145675,0.9816542061178182,0.3006626624350298,1.1000410782973558,8,normalized_compact_thermal,elastic_net
8,51.5,0.7373315718882594,1.0875852630441096,0.71891947709998,1.4562510489882392,0.7143099539678976,1.0663336017920353,0.7091786248080865,1.4234885787759841,1.0686832428618818,-0.35765815903049186,-0.002349641069846477,0.021219857388537676,0.08742181716863678,0.3658749256812488,1.0627449822545465,0.3146207460367346,1.1139991618990606,8,normalized_compact_thermal,elastic_net
8,51.699999999999996,0.6498143847286413,1.053426885790075,0.7285196934257543,1.3783340781543956,0.7223526979538117,1.0660391159310114,0.7048627669541055,1.4272154649079174,1.0686907172435682,-0.35764716690021464,-0.0026516013125567634,0.03240540885404573,0.08697914429966819,0.3756820202448141,1.0690233756628094,0.3226634900226487,1.1220419058849749,8,normalized_compact_thermal,elastic_net
8,51.9,0.672800790322029,0.98943820487096,0.6530378097099455,1.3258386000319746,0.707426232841279,1.0434555127440135,0.689742396323374,1.397168629164653,1.0686773939901089,-0.35784536128588446,-0.02522188124609534,0.011723441849920968,0.07818140678031611,0.395820485383053,1.0190319802995051,0.307737024910116,1.107115440772442,8,normalized_compact_thermal,elastic_net
8,52.099999999999994,0.8340912009807723,1.0663969084302931,0.649351307939907,1.4834425089206793,0.7011587630214828,1.06783012359366,0.7172507420829186,1.4184095051044014,1.0686640707366493,-0.3580435556715543,-0.0008339471429892808,0.0030226188535523862,0.07841695317836136,0.38861420396537616,1.0137033220775895,0.3014695550903198,1.1008479709526457,8,normalized_compact_thermal,elastic_net
8,52.3,0.7800916257034,1.122766105469744,0.7327202926180443,1.512811918321444,0.6773910759523344,1.0225760805452004,0.6838805425690333,1.3612716185213676,1.0686773939901089,-0.35784536128588446,-0.04610131344490841,-0.03166115136993098,0.07045705586493427,0.3965720876449196,0.9582100642597492,0.27770186802117136,1.0770802838834974,8,normalized_compact_thermal,elastic_net
8,52.5,0.7038841791310052,1.0982367474113115,0.746294657845809,1.450178836976814,0.6946019490736957,1.0868276889912343,0.7395267144543864,1.434128663528082,1.0686640707366493,-0.3580435556715543,0.018163618254584957,-0.006372776966976648,0.07056740307836414,0.41334315253902076,0.9758607456083706,0.29491274114253263,1.0942911570048586,8,normalized_compact_thermal,elastic_net
8,52.699999999999996,0.7325331696832907,1.1016364193725987,0.7353698345309533,1.467903004214244,0.6945326452001654,1.0807997604164583,0.7335334378163756,1.428066083016541,1.0686268676258555,-0.3582817084630044,0.012172892790602838,-0.006234404101637954,0.07118575751369428,0.41080928830580576,0.9782560020945251,0.2948434372690024,1.0942218531313284,8,normalized_compact_thermal,elastic_net
8,52.9,0.7752417991333886,1.1248245540781756,0.7372036545114812,1.51244545364487,0.7187498762435095,1.0755859870835471,0.7162110489617923,1.434960925205302,1.0685896645150619,-0.35851986125445445,0.006996322568485154,0.028278002200919465,0.09781483391698229,0.32889165175735924,1.1086081007296598,0.3190606683123465,1.1184390841746725,8,normalized_compact_thermal,elastic_net
8,53.099999999999994,1.0473050589235147,1.1009493441117995,0.5772968146500421,1.6246018735735568,0.6829397803340838,1.0292302071094594,0.6877603169424176,1.3707000972765013,1.0686268676258555,-0.3582817084630044,-0.039396660516396065,-0.023066884185292368,0.0875775561852313,0.3338840268050418,1.0319955338631257,0.28325057240292073,1.0826289882652467,8,normalized_compact_thermal,elastic_net
8,53.3,0.8352241275927599,1.0712587181930786,0.6536466543966988,1.4888707819894587,0.6778783968746714,0.9921508396106283,0.6532116411732927,1.331090038047964,1.0686640707366493,-0.3580435556715543,-0.07651323112602096,-0.030743807098411298,0.08481632688985292,0.3398280083540596,1.0159287853952832,0.2781891889435084,1.0775676048058345,8,normalized_compact_thermal,elastic_net
8,53.5,0.7138289433122806,1.111191994211128,0.7542775225549876,1.4681064658672682,0.6885365427984337,1.0955664803425276,0.7512982089433107,1.4398347517417445,1.0686268676258555,-0.3582817084630044,0.02693961271667204,-0.01490517779894033,0.07341110915610134,0.39594365553302124,0.9811294300638461,0.28884733486727066,1.0882257507295967,8,normalized_compact_thermal,elastic_net
8,53.699999999999996,1.1758633334543944,0.8754355538669448,0.28750388713974745,1.4633672205941421,0.6958168744994113,1.0965517682850716,0.748643331035366,1.4444602055347773,1.0686640707366493,-0.3580435556715543,0.02788769754842237,-0.0046252089474480215,0.06390269744794477,0.4411214344593492,0.9505123145394734,0.2961276665682483,1.0955060824305742,8,normalized_compact_thermal,elastic_net
8,53.9,0.8178408654785377,0.9883476348024198,0.5794272020631509,1.3972680675416886,0.670569347137775,1.0601727858490835,0.724888112280196,1.395457459417971,1.0686773939901089,-0.35784536128588446,-0.008504608141025322,-0.04178279431549851,0.06662684624920094,0.4050163329204141,0.9361223613551359,0.270880139206612,1.070258555068938,8,normalized_compact_thermal,elastic_net
8,54.099999999999994,0.8874833723174758,1.1137545308059742,0.6700128446472363,1.5574962169647122,0.7009040095616994,1.0960088742773575,0.7455568694965078,1.4464608790582072,1.0686907172435682,-0.35764716690021464,0.027318157033789262,0.0022628319982343215,0.0676334819784626,0.4313388715958347,0.9704691475275641,0.3012148016305364,1.1005932174928623,8,normalized_compact_thermal,elastic_net
8,54.3,0.6542984367122949,1.1590268437480056,0.8318776253918579,1.486176062104153,0.656107119981374,1.0987450009124944,0.7706914409218073,1.4267985609031815,1.0687036303252468,-0.3575886026567817,0.030041370587247585,-0.063842608057527,0.07125068410983824,0.3721249867186356,0.9400892532441125,0.256417912050211,1.055796327912537,8,normalized_compact_thermal,elastic_net
8,54.5,0.9095584280992528,1.2605908679120734,0.8058116538624469,1.7153700819616997,0.69036812018882,1.063699451020325,0.718515390925915,1.408883511114735,1.0686907172435682,-0.35764716690021464,-0.0049912662232432445,-0.012883149235128136,0.067233380503455,0.4223976570224151,0.9583385833552249,0.29067891225765696,1.090057328119983,8,normalized_compact_thermal,elastic_net
8,54.699999999999996,0.677458590014373,1.0727594793189057,0.7340301843117191,1.4114887743260922,0.7360587061932728,1.0992916208619805,0.7312622677653441,1.4673209739586168,1.0686773939901089,-0.35784536128588446,0.03061422687187167,0.051399961701212436,0.07912871768066089,0.420677284526386,1.0514401278601597,0.3363694982621098,1.135747914124436,8,normalized_compact_thermal,elastic_net
8,54.9,0.7193863584198741,1.0293133466818487,0.6696201674719118,1.3890065258917859,0.7086698624744044,1.081060962689866,0.7267260314526638,1.4353958939270681,1.0686640707366493,-0.3580435556715543,0.012396891953216665,0.013678056519435836,0.07955397180879556,0.3915935156851103,1.0257462092636986,0.3089806545432414,1.1083590704055675,8,normalized_compact_thermal,elastic_net
8,55.099999999999994,0.925011604655086,1.0318400792480795,0.5693342769205365,1.4943458815756225,0.6924401513640388,1.0306364340841323,0.6844163584021129,1.3768565097661516,1.0686083738268561,-0.35810258918910404,-0.037971939742723865,-0.00943087948935916,0.07928872209163589,0.3764210039752475,1.00845929875283,0.2927509434328758,1.092129359295202,8,normalized_compact_thermal,elastic_net
8,55.3,0.708661516258852,1.042935210177316,0.68860445204789,1.397265968306742,0.6970704056573296,1.0630684448717855,0.7145332420431207,1.4116036477004503,1.0685742530158955,-0.3583705951928708,-0.005505808144110013,-0.0024982657093075913,0.08980343676231477,0.3391430135950518,1.0549977977196074,0.29738119772616656,1.0967596135884925,8,normalized_compact_thermal,elastic_net
8,55.5,0.7655454936227876,1.0372555007096356,0.6544827538982417,1.4200282475210293,0.7044294969076401,1.0592477224259806,0.7070329739721606,1.4114624708798007,1.0685743037187996,-0.3584727029678753,-0.009326581292818938,0.008105674954840165,0.0869164227745851,0.35800880686847497,1.0508501869468052,0.3047402889764771,1.104118704838803,8,normalized_compact_thermal,elastic_net
8,55.699999999999996,1.1395474580584368,0.9171516727752427,0.34737794374602426,1.486925401804461,0.6832542933141323,1.0315715774116894,0.6899444307546232,1.3731987240687555,1.0685742530158955,-0.3583705951928708,-0.03700267560420609,-0.022517575335800198,0.08216467209768082,0.3557725413471929,1.0107360452810719,0.2835650853829693,1.0829435012452953,8,normalized_compact_thermal,elastic_net
8,55.9,0.792736462369154,1.0966764154631543,0.7003081842785773,1.4930446466477314,0.6941104473451777,1.0734810135050696,0.7264257898324809,1.4205362371776584,1.0685743037187996,-0.3584727029678753,0.004906709786269959,-0.006651482139327966,0.07479796737752759,0.3959899927142863,0.9922309019760691,0.29442123941401466,1.0937996552763407,8,normalized_compact_thermal,elastic_net
8,56.099999999999994,0.7249006009248657,1.0933681639122765,0.7309178634498439,1.4558184643747094,0.7066213110647084,1.067201477339457,0.7138908218071027,1.420512132871811,1.0685743544217037,-0.35857481074287983,-0.0013728770822466537,0.011314426243307973,0.08627978366392883,0.3627380581746933,1.0505045639547235,0.30693210313354535,1.1063105189958713,8,normalized_compact_thermal,elastic_net
8,56.3,0.8202888413929444,1.1088544820286517,0.6987100613321796,1.5189989027251238,0.6943061988407967,1.0872522136562108,0.7400991142358124,1.4344053130766092,1.0685743037187996,-0.3584727029678753,0.018677909937411287,-0.006369504107079753,0.06591710120607705,0.4315819983244841,0.9570303993571093,0.29461699090963367,1.0939954067719597,8,normalized_compact_thermal,elastic_net
8,56.5,1.0008427467603243,0.9245568786874738,0.4241355053073116,1.424978252067636,0.6720901349962494,1.0370929699585716,0.7010479024604469,1.3731380374566964,1.0685742530158955,-0.3583705951928708,-0.031481283057323936,-0.038992222801963856,0.07825429559206974,0.36019387635891836,0.9839863936335804,0.27240092706508634,1.0717793429274125,8,normalized_compact_thermal,elastic_net
8,56.699999999999996,0.6670758836528319,1.0328403360485927,0.6993023942221768,1.3663782778750087,0.6898565899837479,1.0383659233157934,0.6934376283239194,1.3832942183076673,1.0686083738268561,-0.35810258918910404,-0.03024245051106272,-0.013168954406843375,0.06897333430808764,0.4149512349016881,0.9647619450658076,0.29016738205258485,1.0895457979149108,8,normalized_compact_thermal,elastic_net
8,56.9,0.7474068676313966,1.1145542034573317,0.7408507696416333,1.48825763727303,0.6850329733057348,1.064551427617861,0.7220349409649935,1.4070679142707283,1.0686424946378166,-0.35783458318533723,-0.004091067019955751,-0.020453722480333413,0.07774418672806452,0.3751698432650797,0.9948961033463899,0.28534376537457173,1.0847221812368977,8,normalized_compact_thermal,elastic_net
8,57.099999999999994,0.8306951838864827,1.0215256839706912,0.6061780920274499,1.4368732759139324,0.6957567424837193,1.0681409448223829,0.7202625735805233,1.4160193160642425,1.0687465730578187,-0.35761871543137835,-0.0006056282354357937,-0.00513647223415984,0.07846170133772638,0.38303383176804867,1.00847965319939,0.2960675345525563,1.0954459504148824,8,normalized_compact_thermal,elastic_net
8,57.3,1.016036839059522,0.9605811804263176,0.4525627608965566,1.4685995999560786,0.6870980137394571,1.0779800265328932,0.7344310196631646,1.4215290334026216,1.0686424946378166,-0.35783458318533723,0.009337531895076617,-0.017443744552105143,0.07196132328481268,0.40028350305591787,0.9739125244229964,0.2874088058082941,1.0867872216706203,8,normalized_compact_thermal,elastic_net
8,57.5,0.8067274981634929,1.0462638479248008,0.6429000988430544,1.4496275970065473,0.6986511012896884,1.084958631185275,0.7356330805404308,1.4342841818301193,1.0686083738268561,-0.35810258918910404,0.016350257358418867,-0.0005012119568066839,0.06988287776194384,0.4201206007995781,0.9771816017797987,0.2989618933585254,1.0983403092208515,8,normalized_compact_thermal,elastic_net
8,57.699999999999996,0.7668092071732555,1.106080116259872,0.722675512673244,1.4894847198464998,0.6920243031443643,1.0643643559264493,0.7183522043542672,1.4103765074986314,1.0685742530158955,-0.3583705951928708,-0.004209897089446129,-0.009763608637479444,0.09000507381731841,0.33329325113495556,1.050755355153773,0.2923350952132012,1.0917135110755272,8,normalized_compact_thermal,elastic_net
8,57.9,0.7949681071572471,1.0463629730295978,0.6488789194509742,1.4438470266082215,0.7296773837789207,1.0765429541776843,0.7117042622882239,1.4413816460671447,1.0686083738268561,-0.35810258918910404,0.007934580350828103,0.04294980663625203,0.09234127129753525,0.3616350058160338,1.0977197617418075,0.32998817584775764,1.1293665917100837,8,normalized_compact_thermal,elastic_net
8,58.099999999999994,0.706657809310869,1.0212419868508458,0.6679130821954113,1.3745708915062802,0.702589048117712,1.0865762763604447,0.7352817523015888,1.4378708004193008,1.0685742530158955,-0.3583705951928708,0.018002023344549336,0.005387468271828372,0.0754689440065748,0.40179429811875744,1.0033837981166664,0.3028998401865489,1.102278256048875,8,normalized_compact_thermal,elastic_net
8,58.3,0.7859146375927213,1.0861660730635463,0.6932087542671855,1.479123391859907,0.6838015118899524,1.0646263670835088,0.7227256111385325,1.406527123028485,1.0686083738268561,-0.35810258918910404,-0.00398200674334733,-0.021985001578354223,0.07374400861226219,0.38988179529084793,0.9777212284890568,0.2841123039587894,1.0834907198211154,8,normalized_compact_thermal,elastic_net
8,58.5,0.7680777693877103,1.001516161876668,0.6174772771828128,1.385555046570523,0.6647390053149116,1.0258231613458062,0.6934536586883504,1.358192664003262,1.0686424946378166,-0.35783458318533723,-0.042819333292010334,-0.05052620538937291,0.07959256158379578,0.3475088521900909,0.9819691584397323,0.26504979738374856,1.0644282132460745,8,normalized_compact_thermal,elastic_net
8,58.699999999999996,0.6673003551596985,1.0745171900679578,0.7408670124881085,1.408167367647807,0.7038819909660532,1.0641847609181743,0.7122437654351477,1.4161257564012009,1.0686666059406924,-0.3577408750427759,-0.004481845022518231,0.006596311699120075,0.08170696931496464,0.37822449394150354,1.0295394879906028,0.30419278303489017,1.103571198897216,8,normalized_compact_thermal,elastic_net
8,58.9,0.7349701259435379,1.0562998139202135,0.6888147509484447,1.4237848768919825,0.6710862858076215,1.0581202525910234,0.7225771096872127,1.393663395494834,1.0686424946378166,-0.35783458318533723,-0.01052224204679326,-0.041022974234614575,0.0779210252838091,0.36051833460025273,0.9816542370149903,0.2713970778764585,1.0707754937387846,8,normalized_compact_thermal,elastic_net
8,59.099999999999994,0.6796302239749648,1.0395173881045732,0.6997022761170908,1.3793325000920555,0.6836772977744798,1.0567340069921909,0.714895358104951,1.398572655879431,1.0687465730578187,-0.35761871543137835,-0.012012566065627917,-0.0226505441340698,0.07082940749566698,0.4013742365526727,0.965980358996287,0.2839880898433168,1.083366505705643,8,normalized_compact_thermal,elastic_net
8,59.3,0.896094582248155,0.9605794109894001,0.5125321198653227,1.4086267021134777,0.6793391021208115,1.0756475915393169,0.7359780404789111,1.4153171425997226,1.0688506514778207,-0.3574028476774194,0.006796940061496195,-0.02923201438988566,0.07832247589066513,0.36717109891171246,0.9915071053299105,0.2796498941896485,1.0790283100519744,8,normalized_compact_thermal,elastic_net
8,59.5,0.8682995025428683,1.0932134538030644,0.6590637025316305,1.5273632050744985,0.685114905302802,1.0554293087031197,0.7128718560517187,1.3979867613545207,1.068903424992238,-0.3573445429962664,-0.01347411628911823,-0.0208241668236653,0.07532047978121503,0.38491188558626654,0.9853179250193373,0.2854256973716389,1.084804113233965,8,normalized_compact_thermal,elastic_net
8,59.699999999999996,0.792033267339189,1.113194492660783,0.7171778589911886,1.5092111263303776,0.6851738481618511,1.0481563602897033,0.7055694362087777,1.3907432843706289,1.0690044211124068,-0.3570988220299908,-0.020848060822703605,-0.020983857952891545,0.07865221403199985,0.3716916155953192,0.9986560807283831,0.2854846402306881,1.0848630560930141,8,normalized_compact_thermal,elastic_net
8,59.9,0.7956277118174283,1.0865578034143417,0.6887439475056275,1.4843716593230558,0.6577142664267289,1.0620367222354117,0.7331795890220472,1.3908938554487762,1.0690173341940854,-0.3570402577865579,-0.0069806119586737474,-0.061944429734249455,0.07756570888126559,0.3485624912356072,0.9668660416178507,0.2580250584955659,1.057403474357892,8,normalized_compact_thermal,elastic_net
8,60.099999999999994,0.7518389057371044,1.10356143179149,0.7276419789229377,1.479480884660042,0.6798911868151452,1.050397143729215,0.7104515503216424,1.3903427371367876,1.069030247275764,-0.356981693543125,-0.018633103546548985,-0.028840819462820667,0.07796042486019154,0.3691662016664112,0.9906161719638791,0.28020197888398213,1.079580394746308,8,normalized_compact_thermal,elastic_net
8,60.3,0.7849102373466502,1.0867438051673393,0.6942886864940142,1.4791989238406644,0.6833625673291329,1.073427078954097,0.7317457952895305,1.4151083626186634,1.069138154906252,-0.3567535186869269,0.004288924047844873,-0.02397619628869877,0.07495608679486636,0.3846118999500116,0.9821132347082542,0.2836733593979699,1.083051775260296,8,normalized_compact_thermal,elastic_net
8,60.5,0.7556719898034209,1.0722760196956647,0.6944400247939543,1.4501120145973752,0.696999955440174,1.0470958932646548,0.6985959155445678,1.3955958709847418,1.06924606253674,-0.3565253438307288,-0.02215016927208519,-0.004444588321770214,0.06743712360038051,0.42821743832614284,0.9657824725542052,0.297310747509011,1.096689163371337,8,normalized_compact_thermal,elastic_net
8,60.699999999999996,0.7530341413996108,1.028732954132331,0.6522158834325255,1.4052500248321362,0.6598953408925764,1.1159168402472017,0.7859691698009135,1.44586451069349,1.0692134985736284,-0.3565865792570542,0.04670334167357343,-0.05908745168404909,0.0696659472386181,0.3822294551574469,0.9375612266277059,0.26020613296141337,1.0595845488237394,8,normalized_compact_thermal,elastic_net
8,60.9,0.7673061298471128,1.0349677139364597,0.6513146490129034,1.4186207788600163,0.6941462951737591,1.0439504787635243,0.6968773311766447,1.3910236263504039,1.0692368156372403,-0.35643578419377864,-0.025286336873715887,-0.008636756534555097,0.08146908397226506,0.36943693202238925,1.018855658325129,0.2944570872425961,1.093835503104922,8,normalized_compact_thermal,elastic_net
8,61.099999999999994,0.8581702390001473,1.0582485888605655,0.6291634693604918,1.4873337083606393,0.6886685677905899,1.0489743762799357,0.7046400923846408,1.3933086601752307,1.0692435775928035,-0.35640905220388486,-0.020269201312867843,-0.01658610518405896,0.07659435335253281,0.3833883009035969,0.993948834677583,0.2889793598594269,1.0883577757217529,8,normalized_compact_thermal,elastic_net
8,61.3,0.7567576799510303,1.1066751029157693,0.7282962629402541,1.4850539428912843,0.6890319510629231,1.1080771852232387,0.7635612096917772,1.4525931607547002,1.0692368156372403,-0.35643578419377864,0.03884036958599843,-0.01603185175421918,0.07174389628781655,0.4030840339174991,0.9749798682083473,0.2893427431317601,1.0887211589940862,8,normalized_compact_thermal,elastic_net
8,61.5,0.6520408398980949,1.1115440146848587,0.7855235947358113,1.4375644346339063,0.7200297918556888,1.0950097801140064,0.734994884186162,1.4550246760418508,1.0692482010425532,-0.3564538320223599,0.025761579071453062,0.02799114177164115,0.08745977799952044,0.3714434640009102,1.0686161197104673,0.3203405839245258,1.1197189997868517,8,normalized_compact_thermal,elastic_net
8,61.699999999999996,0.6347850802416679,1.079417041125744,0.7620245010049099,1.396809581246578,0.7172778144486992,1.1048230504283625,0.7461841432040128,1.4634619576527121,1.06924606253674,-0.3565253438307288,0.03557698789162253,0.02423329825227681,0.07900909341693776,0.4023731763246862,1.0321824525727121,0.3175886065175362,1.1169670223798622,8,normalized_compact_thermal,elastic_net
8,61.9,0.6594288296830528,1.120744526562663,0.7910301117211366,1.4504589414041895,0.7105006442817323,1.1134596328453874,0.7582093107045212,1.4687099549862537,1.0692482010425532,-0.3564538320223599,0.04421143180283413,0.014668407377434821,0.07402737465460518,0.4154515224817636,1.005549766081701,0.3108114363505693,1.1101898522128955,8,normalized_compact_thermal,elastic_net
8,62.1,0.6215120821355506,1.086922825538141,0.7761667844703657,1.3976788666059163,0.6631237853736308,1.063654773462365,0.7320928807755496,1.3952166661491803,1.0692503395483666,-0.3563823202139911,-0.005595566086001581,-0.05441128107187818,0.07912173763788567,0.3477701838948914,0.9784773868523702,0.2634345774424678,1.0628129933047938,8,normalized_compact_thermal,elastic_net
8,62.3,0.8244219698173406,1.08316622298578,0.6709552380771097,1.4953772078944503,0.6787880500627796,1.0789294895746244,0.7395354645432346,1.4183235146060142,1.0692539512469854,-0.3563666158263088,0.009675538327639111,-0.031079734454578435,0.07408586054592817,0.3835058224563029,0.9740702776692565,0.2790988421316166,1.0784772579939426,8,normalized_compact_thermal,elastic_net
8,62.5,0.7831154014239086,1.0806707777145523,0.6891130770025979,1.4722284784265065,0.6978561119968236,1.0480155939806826,0.6990875379822707,1.3969436499790944,1.069257562945604,-0.3563509114386265,-0.021241968964921382,-0.0033914293026088907,0.07268755587408576,0.4081470735971889,0.9875651503964584,0.2981669040656606,1.0975453199279865,8,normalized_compact_thermal,elastic_net
8,62.699999999999996,0.8364882984231115,1.0687310590316392,0.6504869098200836,1.486975208243195,0.6655197446827584,1.0711390656448012,0.738379193303422,1.4038989379861804,1.069250868947152,-0.35633676261399205,0.0018881966976491,-0.05085021002830208,0.07242725959245243,0.37684816289511414,0.9541913264704027,0.2658305367515954,1.0652089526139215,8,normalized_compact_thermal,elastic_net
8,62.9,1.0175574040476993,1.1463684143547672,0.6375897123309175,1.655147116378617,0.7190659531509073,1.109308757847272,0.7497757812718184,1.4688417344227256,1.0692503395483666,-0.3563823202139911,0.04005841829890547,0.026580123745924316,0.11241691420765938,0.2710085694169977,1.1671233368848168,0.31937674521974424,1.1187551610820703,8,normalized_compact_thermal,elastic_net
8,63.1,0.7595943538257114,1.083850438775031,0.7040532618621753,1.4636476156878866,0.735433724649582,1.0693706204117694,0.7016537580869784,1.4370874827365605,1.069249435963365,-0.356389065067436,0.00012118444840433958,0.04909421282072951,0.1370017208864972,0.18938926986179094,1.281478179437373,0.335744516718419,1.135122932580745,8,normalized_compact_thermal,elastic_net
8,63.3,0.8329690811059168,1.1035660539872312,0.6870815134342728,1.5200505945401896,0.7053285924018078,1.061525385046018,0.7088610888451141,1.414189681246922,1.0692485323783638,-0.35639580992088093,-0.0077231473323457495,0.007304313678703024,0.10334764385650042,0.2934183807776886,1.117238804025927,0.30563938447064476,1.1050178003329707,8,normalized_compact_thermal,elastic_net
8,63.5,0.7119462676014194,1.0610619905076766,0.705088856706967,1.4170351243083863,0.6908851405069402,1.0866625643237646,0.7412199940702946,1.4321051345772347,1.0692448600502253,-0.35647958259213286,0.01741770427353923,-0.013302108570543647,0.08576000366749979,0.34907356221285835,1.0326967188010219,0.29119593257577714,1.0905743484381032,8,normalized_compact_thermal,elastic_net
8,63.699999999999996,0.8012105629850438,1.0529668730613202,0.6523615915687981,1.453572154553842,0.6747777475539548,1.0904920801256466,0.7531032063486691,1.427880953902624,1.0692411877220869,-0.35656335526338473,0.02125089240355977,-0.0368085499481773,0.07954570148812343,0.3577343635823035,0.9918211315256061,0.2750885396227918,1.0744669554851178,8,normalized_compact_thermal,elastic_net
8,63.9,0.8489727183117903,1.0581563146087754,0.63366995545288,1.4826426737646705,0.7102879984770797,1.103482390276304,0.7483383910377641,1.458626389514844,1.0692302058752898,-0.35661106785246277,0.03425218440101424,0.014526308317264959,0.07791527315724418,0.39974297338183334,1.020833023572326,0.31059879054591666,1.1099772064082427,8,normalized_compact_thermal,elastic_net
8,64.1,0.7837861481073382,1.0654856840573752,0.6735926100037061,1.4573787581110442,0.7094008906964026,1.0813818377537434,0.7266813924055422,1.4360822831019446,1.069219224028493,-0.3566587804415408,0.01216261372525047,0.013324299361151648,0.07872048313142824,0.39564655962676415,1.023155221766041,0.3097116827652395,1.1090900986275656,8,normalized_compact_thermal,elastic_net
8,64.3,0.6655813298340213,1.0923474134134326,0.759556748496422,1.4251380783304433,0.6803022820571182,1.0858075388710955,0.7456563978425363,1.4259586798996546,1.0691954031839481,-0.3567443133763877,0.016612135687147308,-0.02847373377393072,0.07291341033010776,0.3896930609991787,0.9709115031150577,0.28061307412595515,1.0799914899882812,8,normalized_compact_thermal,elastic_net
8,64.5,1.0351637261065865,1.2080190829326942,0.6904372198794011,1.7256009459859876,0.6758302384961,1.0762450078293873,0.7383298885813372,1.4141601270774373,1.069219224028493,-0.3566587804415408,0.007025783800894201,-0.03515458052022712,0.07513115203820922,0.3763818177987365,0.9752786591934636,0.276141030564937,1.075519446427263,8,normalized_compact_thermal,elastic_net
8,64.69999999999999,0.7478212354820387,1.1200667260985098,0.7461561083574906,1.4939773438395292,0.6840029125565504,1.0624079487340483,0.7204064924557732,1.4044094050123235,1.0691954031839481,-0.3567443133763877,-0.006787454449899722,-0.02304878986865292,0.06501570430146963,0.42487138794342255,0.9431344371696784,0.2843137046253874,1.0836921204877135,8,normalized_compact_thermal,elastic_net
8,64.9,0.8182166314971133,1.1148790975960676,0.7057707818475111,1.5239874133446243,0.6738461360534057,1.093411364138501,0.7564882961117982,1.4303344321652038,1.0691715823394035,-0.3568298463112345,0.024239781799097613,-0.03792363260676566,0.06939234186823509,0.3972707526443132,0.9504215194624982,0.2741569281222427,1.0735353439845687,8,normalized_compact_thermal,elastic_net
8,65.1,0.8009252176528268,1.0947481194680364,0.694285510641623,1.4952107282944496,0.6967140578496808,1.0844605528733848,0.7361035239485445,1.4328175817982252,1.0691606315071485,-0.3568786545760467,0.015299921366236351,-0.004501544807429592,0.07947020137224645,0.37997159286900045,1.0134565228303611,0.29702484991851774,1.0964032657808438,8,normalized_compact_thermal,elastic_net
8,65.3,0.8010555814064699,1.1178107998567377,0.7172830091535028,1.5183385905599727,0.7083593426958349,1.0678417415355825,0.713662070187665,1.4220214128835,1.0691496806748937,-0.35692746284085897,-0.0013079391393112216,0.012123694975001972,0.07263408485415805,0.4188634224507346,0.9978552629409352,0.30867013476467187,1.108048550626998,8,normalized_compact_thermal,elastic_net
8,65.5,0.7736190531879097,1.0939802171399895,0.7071706905460345,1.4807897437339443,0.7013798141555209,1.0888120532251515,0.738122146147391,1.439501960302912,1.0690463354609934,-0.3571396852157096,0.01976571776415804,0.0024339641635560266,0.07979117973276194,0.3833580334645542,1.0194015948464874,0.30169060622435784,1.101069022086684,8,normalized_compact_thermal,elastic_net
8,65.69999999999999,0.7554873673393955,1.094357399608086,0.7166137159383882,1.4721010832777837,0.7103525572367719,1.1142651960781755,0.7590889174597896,1.4694414746965614,1.0691496806748937,-0.35692746284085897,0.0451155154032819,0.014933590137628641,0.0756757338151048,0.4087336100852285,1.0119715043883153,0.3106633493056089,1.110041765167935,8,normalized_compact_thermal,elastic_net
8,65.9,0.9911138513513459,1.1669843905140134,0.6714274648383406,1.6625413161896863,0.6722523271538023,1.0787915543737472,0.742665390796846,1.4149177179506482,1.0691606315071485,-0.3568786545760467,0.009630922866598734,-0.040242867524465785,0.074236088667203,0.3763713389474987,0.9681333153601059,0.2725631192226393,1.0719415350849655,8,normalized_compact_thermal,elastic_net
8,66.1,0.8459728528122397,1.0833962632875425,0.6604098368814227,1.506382689693662,0.6926035347486214,1.0999869674864273,0.7536852001121166,1.446288734860738,1.0691715823394035,-0.3568298463112345,0.030815385147023946,-0.010467697122446072,0.07841952038476291,0.38004874363987484,1.005158325857368,0.2929143268174583,1.0922927426797844,8,normalized_compact_thermal,elastic_net
8,66.3,0.8249878967680343,1.1494785894840893,0.7369846411000721,1.5619725378681066,0.7052767979553737,1.1134570476005003,0.7608186486228135,1.4660954465781872,1.0691907797341984,-0.35669953355791256,0.04426626786630203,0.0075346015458001014,0.07748324837308228,0.3964536836229705,1.0140999122877767,0.30558759002421065,1.1049660058865367,8,normalized_compact_thermal,elastic_net
8,66.5,0.9133079382824918,1.187689101286209,0.731035132144963,1.6443430704274549,0.6897498987121597,1.0819713218636213,0.7370963725075415,1.4268462712197012,1.0692099771289931,-0.35656922080459064,0.012761344734628227,-0.01485699192733856,0.0737761908960211,0.39570191396083604,0.9837978834634835,0.2900606907809967,1.0894391066433227,8,normalized_compact_thermal,elastic_net
8,66.69999999999999,0.902356037021847,1.12543326357096,0.6742552450600366,1.5766112820818836,0.7029409897856597,1.0826804997354353,0.7312100048426056,1.4341509946282651,1.069110812617072,-0.3568216931693102,0.01356968711836316,0.004339361913692677,0.0673448906692704,0.4345260832407193,0.9713558963306,0.30325178185449664,1.1026301977168227,8,normalized_compact_thermal,elastic_net
8,66.9,0.6875317895011263,1.0472808619449026,0.7035149671943395,1.3910467566954656,0.6947146413905957,1.0742404328551818,0.726883112159884,1.4215977535504796,1.0692099771289931,-0.35656922080459064,0.0050304557261886505,-0.007684884854257501,0.07265846036266395,0.40512156826912166,0.9843077145120698,0.29502543345943266,1.0944038493217587,8,normalized_compact_thermal,elastic_net
8,67.1,0.7000489227660747,1.064561522486553,0.7145370611035157,1.4145859838695902,0.6855153856848288,1.0932843850962453,0.7505266922538308,1.4360420779386596,1.069110812617072,-0.3568216931693102,0.024173572479173105,-0.020762642591391996,0.07106275232923048,0.40228228758759954,0.9687484837820581,0.2858261777536658,1.085204593615992,8,normalized_compact_thermal,elastic_net
8,67.3,0.7112431822016665,1.067740501017927,0.7121189099170938,1.4233620921187602,0.672462036998695,1.1008565216464525,0.764625503147105,1.4370875401458,1.0691715823394035,-0.3568298463112345,0.03168493930704898,-0.03997977334786248,0.07068402051650172,0.3907384411533652,0.9541856328440248,0.272772829067532,1.072151244929858,8,normalized_compact_thermal,elastic_net
8,67.5,0.7015628998536045,1.0573898725678592,0.7066084226410569,1.4081713224946615,0.6718136302290597,1.062449475987815,0.726542660873285,1.3983562911023448,1.0690806643900224,-0.35700081418744434,-0.00663118840220752,-0.040773498704936066,0.07702846962952156,0.3648031165667052,0.9788241438914143,0.2721244222978967,1.0715028381602227,8,normalized_compact_thermal,elastic_net
8,67.69999999999999,0.710785872401678,1.083229988237473,0.727837052036634,1.438622924438312,0.7287827886181618,1.072221599295304,0.7078302049862231,1.4366129936043848,1.068989746440641,-0.3571717820636542,0.0032318528546629484,0.040792232692092915,0.08274173874831059,0.39900103601925646,1.0585645412170672,0.3290935806869988,1.1284719965493248,8,normalized_compact_thermal,elastic_net
8,67.9,0.8188351928191355,1.1401466351311607,0.7307290387215928,1.5495642315407285,0.6896151617827463,1.1049167525897037,0.7601091716983306,1.4497243334810768,1.0690806643900224,-0.35700081418744434,0.035836088199681385,-0.014620759343015925,0.0830538933191256,0.3585892622393554,1.0206410613261372,0.28992595385158326,1.0893043697139093,8,normalized_compact_thermal,elastic_net
8,68.1,0.8089825555268608,1.1012154762676776,0.6967241985042472,1.505706754031108,0.7184332887754586,1.0900115541416617,0.7307949097539324,1.449228198529391,1.0691715823394035,-0.3568298463112345,0.02083997180225832,0.026147420625863962,0.07514198113150468,0.4189417068221189,1.0179248707287984,0.3187440808442956,1.1181224967066217,8,normalized_compact_thermal,elastic_net
8,68.3,0.8598341216315146,1.104015050604752,0.6740979897889944,1.5339321114205093,0.6658137022440578,1.0749288730153939,0.742022021893365,1.4078357241374229,1.0690806643900224,-0.35700081418744434,0.005848208625371564,-0.049744559745292925,0.08174434408234622,0.3400072415105442,0.9916201629775714,0.26612449431289475,1.065502910175221,8,normalized_compact_thermal,elastic_net
8,68.5,0.7858079078538612,1.0652369008450013,0.6723329469180709,1.458140854771932,0.6904174884474593,1.100386408164594,0.7551776639408643,1.4455951523883237,1.068989746440641,-0.3571717820636542,0.03139666172395297,-0.013287026578633086,0.09121891918148542,0.32684844224509896,1.0539865346498196,0.2907282805162963,1.0901066963786223,8,normalized_compact_thermal,elastic_net
8,68.7,0.7614513038049655,1.0215102594965157,0.640784607594033,1.4022359113989984,0.6971959064629925,1.086169826544953,0.7375718733134569,1.4347677797764493,1.0690806643900224,-0.35700081418744434,0.017089162154930726,-0.0036880225616566994,0.09497782961109077,0.3186450616171649,1.0757467513088201,0.2975066985318294,1.0968851143941554,8,normalized_compact_thermal,elastic_net
8,68.9,0.7201524942158734,1.0356333375720668,0.6755570904641301,1.3957095846800034,0.7383561345526288,1.0550087553492937,0.6858306880729793,1.4241868226256083,1.0691715823394035,-0.3568298463112345,-0.014162826990109696,0.053500842675974054,0.08876997415869053,0.38454778946500245,1.0921644796402552,0.3386669266214658,1.138045342483792,8,normalized_compact_thermal,elastic_net
8,69.1,0.6712003179082842,1.0690656031994203,0.7334654442452782,1.4046657621535623,0.6855544640658525,1.0499570953163802,0.7071798632834538,1.3927343273493065,1.0691907797341984,-0.35669953355791256,-0.019233684417818177,-0.020827797986642076,0.06905091748438669,0.41033988758913587,0.9607690405425692,0.2858652561346895,1.0852436719970155,8,normalized_compact_thermal,elastic_net
8,69.3,0.721077449331186,1.0891360571937225,0.7285973325281295,1.4496747818593156,0.670242469837791,1.0699977535196992,0.7348765186008037,1.4051189884385946,1.0691715823394035,-0.3568298463112345,0.0008261711802957077,-0.043285890473908066,0.07307412123505601,0.37899270720195694,0.961492232473625,0.270553261906628,1.069931677768954,8,normalized_compact_thermal,elastic_net
8,69.5,0.7287209918850672,1.0966518893124455,0.732291393369912,1.4610123852549792,0.7092788295162887,1.0559231417385202,0.7012837269803758,1.4105625564966646,1.0691907797341984,-0.35669953355791256,-0.013267637995678108,0.013192975329064861,0.08200542956437956,0.38243176667378403,1.0361258923587935,0.3095896215851257,1.1089680374474518,8,normalized_compact_thermal,elastic_net
8,69.7,0.6698313085066072,1.1001343825387573,0.7652187282854537,1.435050036792061,0.6758074613728673,1.0659503513526907,0.728046620666257,1.4038540820391243,1.0692099771289931,-0.35656922080459064,-0.003259625776302475,-0.035277843157969745,0.08625659351829175,0.3320166368870278,1.0195982858587067,0.27611825344170426,1.0754966693040302,8,normalized_compact_thermal,elastic_net
8,69.9,0.7183220210387258,1.132037395169771,0.7728763846504081,1.4911984056891339,0.6812871835501565,1.0681761847154139,0.7275325929403356,1.4088197764904922,1.0692209589757902,-0.3565215082155126,-0.0010447742603762059,-0.027249844920650808,0.07288452887039776,0.39079307462963236,0.9717812924706806,0.28159797561899347,1.0809763914813195,8,normalized_compact_thermal,elastic_net
8,70.1,0.8059687006188541,1.0983249937224027,0.6953406434129757,1.5013093440318297,0.6648467903198656,1.0389695019105187,0.7065461067505859,1.3713928970704514,1.0692099771289931,-0.35656922080459064,-0.030240475218474366,-0.05162943456210247,0.07602883439655231,0.36182049869677724,0.967873081942954,0.2651575823887026,1.0645359982510287,8,normalized_compact_thermal,elastic_net
8,70.3,0.7941470542262664,1.0575278360732143,0.6604543089600811,1.4546013631863475,0.6809656254304778,1.064394820820678,0.7239120081054391,1.4048776335359168,1.06922558242554,-0.3565662880339877,-0.004830761604862265,-0.027677162679851673,0.07732269912269434,0.37278240837328697,0.9891488424876687,0.28127641749931476,1.0806548333616408,8,normalized_compact_thermal,elastic_net
8,70.5,0.7550151722670316,1.0942061791956597,0.7166985930621438,1.4717137653291756,0.6831700281467106,1.0764666294376102,0.7348816153642549,1.4180516435109656,1.0692319408225872,-0.35647379562643455,0.007234688615022997,-0.024537711652329437,0.07884675144625425,0.3689124324999559,0.9974276237934652,0.28348082021554755,1.0828592360778737,8,normalized_compact_thermal,elastic_net
8,70.7,0.711791251565242,1.1228267593460686,0.7669311335634476,1.4787223851286895,0.7393582881328763,1.1190515346082923,0.7493723905418541,1.4887306786747305,1.0692402366004754,-0.35643480277365774,0.049811298007817,0.054462155574392546,0.08506062327542846,0.4003342134001129,1.0783823628656397,0.33966908020171327,1.1390474960640393,8,normalized_compact_thermal,elastic_net
8,70.9,0.7154212349621374,1.1579562094937605,0.8002455920126917,1.5156668269748292,0.7087029740848841,1.1228690251589082,0.7685175381164662,1.4772205122013502,1.0692319408225872,-0.35647379562643455,0.05363708433632093,0.012155018987449757,0.08024816523613566,0.3888597972945038,1.0285461508752645,0.3090137661537211,1.1083921820160472,8,normalized_compact_thermal,elastic_net
8,71.1,0.7198193646091182,1.1254388779953546,0.7655291956907955,1.4853485602999137,0.7438414272748762,1.093743671092519,0.721822957455081,1.465664384729957,1.0692448600502253,-0.35647958259213286,0.024498811042293765,0.06055218034328308,0.08976007890450977,0.38608684558076534,1.1015960089689871,0.3441522193437132,1.1435306352060393,8,normalized_compact_thermal,elastic_net
8,71.3,0.7855010052857343,1.1578501080166304,0.7650996053737632,1.5506006106594974,0.7017435894279647,1.0724640847370777,0.7215922900230953,1.42333587945106,1.0692485323783638,-0.35639580992088093,0.0032155523587137722,0.0022086110167653175,0.0935834853690881,0.3287501487992828,1.0747370300566466,0.30205438149680164,1.1014327973591276,8,normalized_compact_thermal,elastic_net
8,71.5,0.8713379646663952,1.126903275991063,0.6912342936578654,1.5625722583242607,0.6877775753742859,1.0741833884801482,0.7302946007930052,1.418072176167291,1.0692760823696381,-0.35629815491546846,0.004907306110510096,-0.01799163001046509,0.0742935449840604,0.3916675849115908,0.9838875658369809,0.28808836744312283,1.087466783305449,8,normalized_compact_thermal,elastic_net
8,71.7,0.7405025454867891,1.123865925089146,0.7536146523457516,1.4941171978325407,0.6575066213452784,1.1153221833589184,0.7865688726862792,1.4440754940315577,1.0693036323609124,-0.35620049991005603,0.04601855099800607,-0.06309994458375301,0.06841172645908479,0.38483965312236884,0.930173589568188,0.25781741341411535,1.0571958292764414,8,normalized_compact_thermal,elastic_net
8,71.9,0.7231190674625468,1.1347192140637563,0.7731596803324828,1.4962787477950297,0.7044632639348011,1.0822123076910248,0.7299806757236242,1.4344439396584254,1.0693041283786693,-0.3561550561968744,0.01290817931235556,0.005835962317800113,0.08325619902981063,0.37263103939945635,1.0362954884701459,0.30477405600363805,1.104152471865964,8,normalized_compact_thermal,elastic_net
8,72.1,0.6439507326005273,1.063357454690884,0.7413820883906201,1.3853328209911475,0.7251739011647099,1.1004126350813652,0.7378256844990103,1.4629995856637201,1.0693036323609124,-0.35620049991005603,0.03110900272045276,0.03485671069536368,0.0772930760226463,0.4171087521829432,1.0332390501464768,0.3254846932335469,1.124863109095873,8,normalized_compact_thermal,elastic_net
8,72.3,0.7147721275230318,1.0750969334820564,0.7177108697205404,1.4324829972435722,0.6937130210245347,1.0531751982419864,0.706318687729719,1.4000317087542538,1.0693041283786693,-0.3561550561968744,-0.016128930136682942,-0.009541862172973009,0.07607204408249502,0.39051450959829737,0.996911532450772,0.29402381309337167,1.0934022289556977,8,normalized_compact_thermal,elastic_net
8,72.5,0.6466696029357256,1.077944626763011,0.7546098252951482,1.401279428230874,0.6522660994485017,1.0234637567421023,0.6973307070178515,1.3495968064663533,1.069304624396426,-0.3561096124836928,-0.04584086765432349,-0.07119305984486576,0.07066524356290407,0.37061734245427136,0.933914856442732,0.25257689151733864,1.0519553073796648,8,normalized_compact_thermal,elastic_net
8,72.7,0.7302638467598169,1.024609254420214,0.6594773310403056,1.3897411778001225,0.6816577164906701,1.0926746985068099,0.7518458402614748,1.4335035567521448,1.0692948814791694,-0.3560654965599242,0.023379817027640398,-0.027162132542155278,0.06017289186938826,0.4418280725911883,0.9214873603901519,0.28196850855950706,1.0813469244218332,8,normalized_compact_thermal,elastic_net
8,72.9,0.7904052163899901,1.087621850788786,0.692419242593791,1.482824458983781,0.6879866345435732,1.1311005253833444,0.7871072081115578,1.475093842655131,1.069297467761246,-0.3561407934854226,0.061803057622098576,-0.017845074287572475,0.06632779941482085,0.423625524081716,0.9523477450054305,0.2882974266124102,1.0876758424747361,8,normalized_compact_thermal,elastic_net
8,73.1,0.9837876926095813,1.1847849237089911,0.6928910774042003,1.6766787700137817,0.7038737915495625,1.1052432422930025,0.7533063465182213,1.4571801380677838,1.0692948814791694,-0.3560654965599242,0.03594836081383307,0.004909284297339965,0.08192154677012435,0.3773610583370711,1.0303865247620538,0.3041845836183995,1.1035629994807254,8,normalized_compact_thermal,elastic_net
8,73.3,1.1392867812152994,1.109968840403298,0.5403254497956483,1.6796122310109476,0.7379400174852674,1.0806048731693756,0.7116348644267418,1.4495748819120093,1.069292295197093,-0.35599019963442585,0.011312577972282689,0.052097464829363206,0.08396084252869258,0.4032993123507226,1.0725807226198123,0.33825080955410436,1.1376292254164304,8,normalized_compact_thermal,elastic_net
8,73.5,1.0736682657607726,1.22374450638318,0.6869103735027936,1.7605786392635663,0.6897142996189063,1.0915084540638804,0.7466513042544273,1.4363656038733335,1.0693729394295364,-0.3558451832182811,0.022135514634343954,-0.01563264244177546,0.06629660315916346,0.42547752732084465,0.9539510719169679,0.29002509168774326,1.0894035075500694,8,normalized_compact_thermal,elastic_net
8,73.7,0.784567329927333,1.1122114247424693,0.7199277597788027,1.5044950897061358,0.6824114120220406,1.0897113104206742,0.7485056044096539,1.4309170164316944,1.069292295197093,-0.35599019963442585,0.020419015223581343,-0.02613235994835158,0.070877750704351,0.3999156704393026,0.9649071536047786,0.28272220409087756,1.0821006199532035,8,normalized_compact_thermal,elastic_net
8,73.9,0.7794600089840209,1.0920856664690066,0.7023556619769963,1.481815670961017,0.6909551816465477,1.0699423900011773,0.7244647991779034,1.4154199808244512,1.0693729394295364,-0.3558451832182811,0.0005694505716408883,-0.013835134234937728,0.08187226474257078,0.36463887062271344,1.0172714926703819,0.29126597371538465,1.0906443895777107,8,normalized_compact_thermal,elastic_net
8,74.1,0.7735110493196696,1.0455600472009403,0.6588045225411056,1.4323155718607752,0.6783608108875964,1.0389974009241163,0.6998169954803182,1.3781778063679144,1.06945358366198,-0.35570016680213634,-0.030456182737863876,-0.03237579634081773,0.07675745506751001,0.37243047342883684,0.9842911483463559,0.27867160295643334,1.0780500188187594,8,normalized_compact_thermal,elastic_net
8,74.3,0.8439361252728246,1.0637300522863755,0.6417619896499632,1.4856981149227877,0.6932842315282091,1.060238305299781,0.7135961895356765,1.4068804210638857,1.0694518823334223,-0.3557055268773251,-0.009213577033641202,-0.010609690496643231,0.08004024402787077,0.3742697612830544,1.0122987017733638,0.29359502359704603,1.0929734394593722,8,normalized_compact_thermal,elastic_net
8,74.5,0.7299301850237635,1.1109962511571585,0.7460311586452768,1.4759613436690402,0.7178473637887192,1.081372601952923,0.7224489200585635,1.4402962838472826,1.0694541533472965,-0.3556973344212465,0.011918448605626426,0.02419901663540568,0.07674229561673261,0.41197744698731387,1.0237172805901245,0.31815815585755614,1.1175365717198822,8,normalized_compact_thermal,elastic_net
8,74.7,0.6802894817802904,1.126342731042185,0.7861979901520398,1.4664874719323302,0.6806933154739037,1.0783449598660366,0.7379983021290848,1.4186916176029885,1.0697465150994108,-0.3550852769838251,0.008598444766625885,-0.02955814166915701,0.07200466014232411,0.3937060781225611,0.9676805528252462,0.28100410754274063,1.0803825234050666,8,normalized_compact_thermal,elastic_net
8,74.9,0.6985821633123248,1.0735153100001291,0.7242242283439666,1.4228063916562914,0.6793880763551573,1.08813572767297,0.7484416894953914,1.4278297658505485,1.070038876851525,-0.35447321954640376,0.018096850821445055,-0.032089554120606066,0.07721122050948857,0.3716491769180267,0.9871269757922879,0.2796988684239943,1.0790772842863203,8,normalized_compact_thermal,elastic_net
8,75.1,0.8086589523982148,1.1034736923371977,0.6991442161380902,1.5078031685363051,0.6940988839259932,1.0646156849244812,0.7175662429614846,1.4116651268874778,1.0697465150994108,-0.3550852769838251,-0.005130830174929615,-0.01005556759817676,0.07298842073526425,0.4031906957052907,0.9850070721466957,0.29440967599483014,1.093788091857156,8,normalized_compact_thermal,elastic_net
8,75.3,0.8513433117007759,1.0897973524045823,0.6641256965541943,1.5154690082549702,0.6930827308537361,1.1081186585683953,0.7615772931415272,1.4546600239952634,1.070038876851525,-0.35447321954640376,0.03807978171687039,-0.012132686629821844,0.07415055233489082,0.3975426627442001,0.9886227989632721,0.29339352292257304,1.092771938784899,8,normalized_compact_thermal,elastic_net
8,75.5,0.9720818566904798,1.2082951292075708,0.7222542008623307,1.6943360575528108,0.6925535888908403,1.0582258345404116,0.7119490400949915,1.4045026289858318,1.0700592698074063,-0.3543797319443857,-0.011833435266994749,-0.012989927290383833,0.07384478692668978,0.39823220259445047,0.9868749751872301,0.29286438095967726,1.0922427968220032,8,normalized_compact_thermal,elastic_net
8,75.7,0.9685391619865107,1.1222760379871008,0.6380064569938454,1.6065456189803562,0.6898947120336733,1.0451537726941666,0.7002064166773301,1.3901011287110032,1.070038876851525,-0.35447321954640376,-0.024885104157358427,-0.016743064743204285,0.07274916287521797,0.39994012809543744,0.9798492959719091,0.2902055041025102,1.0895839199648363,8,normalized_compact_thermal,elastic_net
8,75.9,1.1351124371960684,1.0321792305867399,0.46462301198870576,1.5997354491847742,0.6731935299128177,1.0953054255949555,0.7587086606385467,1.4319021905513643,1.0697465150994108,-0.3550852769838251,0.02555891049554462,-0.04063715067137339,0.07228538462576133,0.3850874157582337,0.9612996440674016,0.27350432198165464,1.0728827378439807,8,normalized_compact_thermal,elastic_net
8,76.1,0.7629161476598203,1.0949232439183019,0.7134651700883917,1.4763813177482121,0.721189617718269,1.0861080102561365,0.725513201397002,1.4467028191152709,1.070038876851525,-0.35447321954640376,0.01606913340461137,0.027620035947141262,0.07356964573238933,0.4279648550442635,1.0144143803922745,0.3215004097871059,1.120878825649432,8,normalized_compact_thermal,elastic_net
8,76.3,0.8421025764278284,1.0863971919383506,0.6653459037244365,1.5074484801522647,0.6802772578420194,1.0836937038007561,0.7435550748797464,1.423832332721766,1.0700592698074063,-0.3543797319443857,0.013634433993349869,-0.030875099847135677,0.07843474841390416,0.3676617727447878,0.9928927429392511,0.2805880499108564,1.0799664657731824,8,normalized_compact_thermal,elastic_net
8,76.5,0.8993272022532144,1.168855476651851,0.7191918755252438,1.6185190777784582,0.7174994312091173,1.1075823379856207,0.748832622381062,1.4663320535901794,1.0700796627632876,-0.3542862443423677,0.03750267522233301,0.022303120253786383,0.07393884845182218,0.4228031461605433,1.0121957162576913,0.3178102232779543,1.1171886391402803,8,normalized_compact_thermal,elastic_net
8,76.7,0.9483173187481286,1.1611197848587063,0.686961125484642,1.6352784442327706,0.6561980691850945,1.0685279592724621,0.740428924679915,1.3966269938650093,1.0701609458366417,-0.3541586486749682,-0.0016329865641794838,-0.06713395220282245,0.06996705016671244,0.37733208477133234,0.9350640535988566,0.25650886125393146,1.0558872771162575,8,normalized_compact_thermal,elastic_net
8,76.9,0.6253712519177149,1.056797793866523,0.7441121679076654,1.3694834198253805,0.7163164983936918,1.1026760240566849,0.7445177748598389,1.4608342732535307,1.0702422289099958,-0.3540310530075687,0.03243379514668898,0.020397880179262615,0.07378016767836044,0.42225266347690854,1.010380333310475,0.3166272904625288,1.116005706324855,8,normalized_compact_thermal,elastic_net
8,77.1,0.7890719567376087,1.0140888893373956,0.6195529109685912,1.4086248677061999,0.6796305232780255,1.1238558649224504,0.7840406032834376,1.4636711265614633,1.0702432253206906,-0.3539201718061986,0.05361263960175969,-0.03228580479341902,0.07192116000691637,0.3929760904025567,0.9662849561534943,0.2799413153468625,1.0793197312091887,8,normalized_compact_thermal,elastic_net
8,77.3,0.743354082290258,1.0166377954128087,0.6449607542676798,1.3883148365579379,0.6833684156396823,1.0957360210321978,0.7540518132123566,1.437420228852039,1.0702442217313857,-0.3538092906048286,0.02549179930081218,-0.026911866270304265,0.07830739539992626,0.3712605183788163,0.9954763129005484,0.2836792077085193,1.0830576235708453,8,normalized_compact_thermal,elastic_net
8,77.5,1.0732867338073575,0.9415598357231347,0.40491646881945603,1.4782032026268135,0.7073570027924246,1.1052304922442715,0.7515519908480592,1.4589089936404838,1.070239546898387,-0.3537577487286039,0.03499094534588451,0.0075379626411759895,0.0688989168153015,0.432748251716593,0.9819657538682562,0.3076677948612616,1.1070462107235877,8,normalized_compact_thermal,elastic_net
8,77.7,0.577320871291716,1.0632828386649944,0.7746224030191363,1.3519432743108524,0.6764476579414985,1.0713417994566734,0.7331179704859241,1.4095656284274227,1.0702438682526612,-0.3536755143550975,0.0010979312040121803,-0.0372246918624746,0.0769633606602562,0.36969664752767445,0.9831986683553227,0.2767584500103355,1.0761368658726616,8,normalized_compact_thermal,elastic_net
8,77.9,0.4839111687625792,1.059177840158914,0.8172222557776243,1.3011334245402035,0.690243764965198,1.0753560285735868,0.7302341460909878,1.4204779110561858,1.070239546898387,-0.3537577487286039,0.005116481675199881,-0.01695271249355943,0.098458335527476,0.2978207516298025,1.0826667783005934,0.290554557034035,1.089932972896361,8,normalized_compact_thermal,elastic_net
8,78.1,0.8915437313809697,1.0101477310368556,0.5643758653463709,1.4559195967273404,0.6934164031753002,1.149890747740704,0.803182546153054,1.4965989493283542,1.0702352255441128,-0.3538399831021104,0.07965552219659132,-0.012284606757622205,0.07859095619886614,0.3801783244768988,1.0066544818737015,0.29372719524413715,1.0931056111064632,8,normalized_compact_thermal,elastic_net
8,78.3,0.8951452993336714,1.0988890557307105,0.6513164060638749,1.5464617053975462,0.7168763938839554,1.0882527887359108,0.7298145917939332,1.4466909856778885,1.070239546898387,-0.3537577487286039,0.018013241837523772,0.02090590201733869,0.07686453748031105,0.41051926063506305,1.0232335271328479,0.3171871859527924,1.1165656018151184,8,normalized_compact_thermal,elastic_net
8,78.5,0.6470488227719753,1.0790565681375393,0.7555321567515516,1.402580979523527,0.6668597280194015,1.0860592137903848,0.7526293497806841,1.4194890778000855,1.0702352255441128,-0.3538399831021104,0.01582398824627215,-0.051335574900629656,0.09465126489368751,0.2896104642917785,1.0441089917470245,0.2671705200882385,1.0665489359505647,8,normalized_compact_thermal,elastic_net
8,78.7,0.6312538009502059,1.0780443087888822,0.7624174083137792,1.3936712092639854,0.7094537439293579,1.0903826535633612,0.7356557815986822,1.4451095255280402,1.07025187609772,-0.3538771615778708,0.020130777465641264,0.010617181763065774,0.07410157435121478,0.4141088861881292,1.0047986016705865,0.30976453599819487,1.109142951860521,8,normalized_compact_thermal,elastic_net
8,78.9,0.629573994217855,1.1070348658697884,0.7922478687608608,1.4218218629787158,0.6557126464859102,1.0766600859627513,0.7488037627197962,1.4045164092057063,1.0702506370432792,-0.35398924916369406,0.006409448919472106,-0.06804337573484548,0.07429697913487487,0.35958896861113737,0.9518363243606831,0.2560234385547472,1.0554018544170733,8,normalized_compact_thermal,elastic_net
8,79.1,0.659143378517384,1.0991822922838959,0.7696106030252039,1.4287539815425878,0.6907215222451736,1.077214681762531,0.7318539206399441,1.4225754428851178,1.07025187609772,-0.3538771615778708,0.006962805664811103,-0.016141381746774243,0.07622626142526126,0.38690835047522143,0.9945346940151257,0.29103231431401055,1.0904107301763366,8,normalized_compact_thermal,elastic_net
8,79.3,0.6701786867609166,1.1047987412543612,0.7697093978739027,1.4398880846348194,0.6807672363219445,1.0712798119480913,0.730896193787119,1.4116634301090636,1.070253115152161,-0.35376507399204765,0.0010266967959303465,-0.030769754150521307,0.0757351038193422,0.37891165957637263,0.9826228130675163,0.28107802839078144,1.0804564442531075,8,normalized_compact_thermal,elastic_net
8,79.5,0.6785383817302432,1.0606272872309386,0.7213580963658169,1.39989647809606,0.689720865056269,1.0802155178933233,0.7353550853651888,1.4250759504214576,1.070239546898387,-0.3537577487286039,0.009975970994936217,-0.017710557908694947,0.07565055876317646,0.3882022575020351,0.9912394726105028,0.2900316571251059,1.089410072987432,8,normalized_compact_thermal,elastic_net
8,79.7,0.6168518159414254,1.087040660029744,0.7786147520590313,1.3954665680004568,0.7177589149988656,1.081991943896708,0.7231124863972753,1.4408714013961408,1.0702438682526612,-0.3536755143550975,0.011748075644046879,0.022053975054733478,0.09357351273880185,0.3448052220422,1.0907126079555312,0.31806970706770255,1.1174481229300286,8,normalized_compact_thermal,elastic_net
8,79.9,0.7794141166622974,1.1471793241323125,0.7574722658011637,1.536886382463461,0.6926828736946034,1.0864461859962882,0.7401047491489865,1.4327876228435898,1.070239546898387,-0.3537577487286039,0.016206639097901206,-0.013425249517041576,0.08359432009860927,0.35950300817000874,1.025862739219198,0.2929936657634403,1.0923720816257663,8,normalized_compact_thermal,elastic_net
8,80.1,0.6930891157278588,1.110219513698663,0.7636749558347337,1.4567640715625925,0.674648764082332,1.0399037307632593,0.7025793487220933,1.3772281128044253,1.0702438682526612,-0.3536755143550975,-0.0303401374894018,-0.03988755869095333,0.08429497236595343,0.3386763257138186,1.0106212024508454,0.27495955615116896,1.074337972013495,8,normalized_compact_thermal,elastic_net
8,80.3,0.6249277109478705,1.16558554319574,0.8531216877218047,1.4780493986696752,0.6713496223953268,1.0567757554290889,0.7211009442314255,1.3924505666267524,1.0702349234486372,-0.3537129689101288,-0.013459168019548367,-0.04475226200920746,0.08080007293875535,0.3493067203852916,0.9933925244053621,0.2716604144641638,1.07103883032649,8,normalized_compact_thermal,elastic_net
8,80.5,0.6302962230805407,1.1701744313915923,0.8550263198513219,1.4853225429318626,0.6844699629431839,1.0819434873573264,0.7397085058857344,1.4241784688289183,1.0702438682526612,-0.3536755143550975,0.011699619104665146,-0.025435002609821143,0.07058900854868633,0.40312505400651744,0.9658148718798503,0.2847807550120208,1.0841591708743468,8,normalized_compact_thermal,elastic_net
8,80.7,0.7293443089073003,1.1799139773962477,0.8152418229425976,1.5445861318498977,0.6904523549645121,1.0981480580684846,0.7529218805862286,1.4433742355507406,1.0702349234486372,-0.3537129689101288,0.027913134619847357,-0.016695340378831934,0.07196933131853255,0.40360592685410995,0.9772987830749142,0.29076314703334905,1.090141562895675,8,normalized_compact_thermal,elastic_net
8,80.9,0.9380365286983658,1.1672511328646415,0.6982328685154586,1.6362693972138245,0.6789444894108148,1.1139136466477708,0.7744414019423634,1.4533858913531783,1.0702438682526612,-0.3536755143550975,0.043669778395109646,-0.033540393855383065,0.07726578220246945,0.3709881247498661,0.9869008540717634,0.27925528147965173,1.078633697341978,8,normalized_compact_thermal,elastic_net
8,81.1,0.785619279128523,1.0905052318152737,0.6976955922510123,1.4833148713795352,0.6778149317065614,1.0559683306299399,0.7170608647766592,1.3948757964832206,1.0703300406945708,-0.35350444474686615,-0.014361710064630988,-0.03537654564052369,0.07064672090079722,0.3962400000399686,0.9593898633731541,0.27812572377539835,1.0775041396377243,8,normalized_compact_thermal,elastic_net
8,81.3,0.6843358732822877,1.1314544827489657,0.7892865461078217,1.4736224193901097,0.6808865442799673,1.0769607931019298,0.7365175209619461,1.4174040652419135,1.0702438682526612,-0.3536755143550975,0.006716924849268561,-0.030684074001811064,0.07733512308758772,0.3726538093255369,0.9891192792343977,0.2811973363488043,1.0805757522111303,8,normalized_compact_thermal,elastic_net
8,81.5,0.6801682746838925,1.2155060028896894,0.8754218655477431,1.5555901402316357,0.6680600623676034,1.104598238564846,0.7705682073810444,1.4386282697486479,1.0702349234486372,-0.3537129689101288,0.03436331511620888,-0.049664226853401876,0.07640252435978362,0.36354436367056037,0.9725757610646464,0.2683708544364404,1.0677492702987665,8,normalized_compact_thermal,elastic_net
8,81.7,0.826167737463898,1.1273674184822515,0.7142835497503024,1.5404512872142004,0.7116759965422585,1.0779605228879068,0.7221225246167775,1.433798521159036,1.070225978644613,-0.3537504234651602,0.007734544243293718,0.013617891287149658,0.0833275838407708,0.37955925528749856,1.0437927377970184,0.3119867886110955,1.1113652044734215,8,normalized_compact_thermal,elastic_net
8,81.9,0.7175550618638529,1.0609743808144239,0.7021968498824975,1.4197519117463504,0.704380955381527,1.0845236061769423,0.7323331284861788,1.436714083867706,1.0702349234486372,-0.3537129689101288,0.014288682728305174,0.0032770295314043588,0.08782610116551301,0.3543345821188789,1.054427328644175,0.304691747450364,1.1040701633126901,8,normalized_compact_thermal,elastic_net
8,82.1,0.5971968289654137,1.0945523257503114,0.7959539112676044,1.393150740233018,0.6862359750425039,1.0968984783122322,0.7537804907909802,1.4400164658334842,1.070225978644613,-0.3537504234651602,0.026672499667619174,-0.022783299998610222,0.09268434121102409,0.3168262315994395,1.0556457184855683,0.28654676711134086,1.085925182973667,8,normalized_compact_thermal,elastic_net
8,82.3,0.6144834070919561,1.1112740997089132,0.8040323961629351,1.4185158032548912,0.6749671602890401,1.0559367153689736,0.7184531352244535,1.3934202955134936,1.0702349234486372,-0.3537129689101288,-0.014298208079663565,-0.03937827180664163,0.07768794801733907,0.3653281795213821,0.9846061410566982,0.2752779523578771,1.0746563682202033,8,normalized_compact_thermal,elastic_net
8,82.5,0.7907784218160169,1.0896103646428728,0.6942211537348643,1.4849995755508811,0.6810572103216432,1.0604533919902064,0.7199247868293848,1.400981997151028,1.070225978644613,-0.3537504234651602,-0.00977258665440679,-0.030358543613163806,0.0797024797759033,0.3633889589095,0.9987254617337864,0.2813680023904802,1.0807464182528062,8,normalized_compact_thermal,elastic_net
8,82.7,0.7965360491148152,1.0688490512171045,0.670581026659697,1.4671170757745122,0.6812377149067083,1.1022743949642195,0.7616555375108653,1.4428932524175737,1.0702333822987207,-0.35369804230397045,0.03204101266549883,-0.030145924027777153,0.07320305159058317,0.3894740776623373,0.9730013521510792,0.28154850697554523,1.0809269228378713,8,normalized_compact_thermal,elastic_net
8,82.9,0.7524449195432183,1.0650384010979996,0.6888159413263905,1.4412608608696087,0.6736211217415317,1.0587170682711704,0.7219065074004045,1.3955276291419363,1.07022289634478,-0.3537205702528435,-0.01150582807360949,-0.041366889788132334,0.0770340156492902,0.3665885034419419,0.9806537400411215,0.27393191381036863,1.0733103296726947,8,normalized_compact_thermal,elastic_net
8,83.1,0.8838709164775671,1.1132877302405675,0.6713522720017838,1.555223188479351,0.6929442381293793,1.0662569481343918,0.7197848290697021,1.4127290671990815,1.0703118082659302,-0.35356095608641447,-0.004054860131538541,-0.013244791403027797,0.07448988750896804,0.39605169000046586,0.9898367862582929,0.2932550301982163,1.0926334460605425,8,normalized_compact_thermal,elastic_net
8,83.3,0.8386242520144872,1.0868991680574334,0.6675870420501898,1.506211294064677,0.6637912931600928,1.0750828656899027,0.7431872191098563,1.4069785122699492,1.0704007201870804,-0.35340134191998557,0.004682145502822232,-0.05638615452380676,0.07718559923236727,0.35615451182926144,0.971428074490924,0.26410208522892975,1.0634805010912558,8,normalized_compact_thermal,elastic_net
8,83.5,0.5759802314443221,1.1178778725268361,0.8298877568046751,1.4058679882489973,0.6751040606477413,1.066603453801198,0.7290514234773273,1.4041554841250685,1.0703102671160136,-0.3535460294802561,-0.003706813314815793,-0.0393424065888077,0.07886219803506957,0.36078489990447976,0.9894232213910028,0.2754148527165783,1.0747932685789043,8,normalized_compact_thermal,elastic_net
8,83.7,0.7842636392612398,1.1017193716721274,0.7095875520415074,1.4938511913027472,0.6901426785644023,1.077760548880425,0.7326892095982238,1.422831888162626,1.0703976378872473,-0.3533714887076688,0.007362910993177575,-0.01748543353119058,0.0788715615829184,0.37578619775430566,1.004499159374499,0.29045347063323923,1.0898318864955652,8,normalized_compact_thermal,elastic_net
8,83.9,0.7499021286374126,1.0365341110873156,0.6615830467686094,1.411485175406022,0.6988037572820615,1.0698119004336448,0.7204100217926142,1.4192137790746755,1.0704038432120306,-0.3533225787108351,-0.0005919427783858573,-0.005062745262744889,0.0775121104240968,0.38986560816901245,1.0077419063951105,0.29911454935089843,1.0984929652132245,8,normalized_compact_thermal,elastic_net
8,84.1,0.8389642389212734,1.0703321827018528,0.650850063241216,1.4898143021624894,0.6617371639904345,1.058525092902851,0.7276565109076336,1.3893936748980682,1.070394555587414,-0.3533416354953521,-0.011869462684562931,-0.05954519963542266,0.06652384263168,0.3965946888072291,0.9268796391736398,0.26204795605927145,1.0614263719215975,8,normalized_compact_thermal,elastic_net
8,84.3,0.8469936071823497,1.0947943030908924,0.6712974994997175,1.5182911066820672,0.6717496459427239,1.0889669150274837,0.7530920920561217,1.4248417379988456,1.0704007609121975,-0.35329272549851837,0.01856615411528611,-0.04457683305518501,0.06900010399730307,0.39673759555597826,0.9467616963294696,0.2720604380115609,1.0714388538738868,8,normalized_compact_thermal,elastic_net
8,84.5,0.8527805972301823,1.0880110347086762,0.6616207360935852,1.5144013333237674,0.6954317889614193,1.0915293098640262,0.7438134153833165,1.439245204344736,1.0704069662369808,-0.35324381550168465,0.021122343627045383,-0.009978531748431635,0.0790730595448326,0.3802722025841639,1.0105913753386748,0.2957425810302563,1.0951209968925824,8,normalized_compact_thermal,elastic_net
8,84.7,1.14883102204373,0.9160676291470864,0.34165211812522145,1.4904831401689513,0.6927212732989978,1.0998282126721057,0.7534675760226068,1.4461888493216046,1.0703976786123641,-0.3532628722862016,0.02943053405974169,-0.01386469144311507,0.07621049446436949,0.3889709435248111,0.9964716030731845,0.29303206536783477,1.0924104812301607,8,normalized_compact_thermal,elastic_net
8,84.9,1.1437449262504633,0.9402629282200846,0.3683904650948529,1.5121353913453164,0.6801469296666253,1.1070372826656594,0.7669638178323468,1.447110747498972,1.0703914732875808,-0.3533117822830354,0.036645809378078695,-0.03213464883021155,0.07933924889143913,0.3639263988304422,0.9963674605028083,0.28045772173546224,1.0798361375977883,8,normalized_compact_thermal,elastic_net
8,85.1,0.7450781316028384,1.090456477552212,0.7179174117507928,1.4629955433536312,0.6766875466272005,1.0854841062121519,0.7471403328985515,1.4238278795257522,1.0703041025163471,-0.35348632305562266,0.015180003695804748,-0.037059315950328374,0.06866698769840819,0.40300318983900224,0.9503719034153988,0.2769983386960375,1.0763767545583636,8,normalized_compact_thermal,elastic_net
8,85.3,0.8509855085582156,1.0645332222008104,0.6390404679217025,1.4900259764799182,0.6604649930503174,1.0917361041960307,0.7615036076708721,1.4219686007211894,1.0702167317451134,-0.35366086382821,0.021519372450917205,-0.06115029327695438,0.07322011332447556,0.3686333532646592,0.9522966328359755,0.26077578511915434,1.0601542009814804,8,normalized_compact_thermal,elastic_net
8,85.5,0.9838250590709458,0.9301551631478251,0.4382426336123521,1.422067692683298,0.7075412813308272,1.1079543381202606,0.754183697454847,1.461724978785674,1.0702114007277332,-0.35366367315432534,0.03774293739252725,0.007704370158173081,0.08253967997519258,0.3785648695107703,1.0365176931508842,0.30785207339966414,1.1072304892619902,8,normalized_compact_thermal,elastic_net
8,85.7,1.175338205568971,0.8225301617902844,0.23486105900579882,1.4101992645747699,0.6845782786101653,1.0574037401896348,0.7151146008845521,1.3996928794947174,1.07021364944528,-0.3536310106158933,-0.012809909255645324,-0.025321271359315244,0.08768003386899544,0.33511408224845807,1.0340424749718724,0.28488907067900227,1.0842674865413282,8,normalized_compact_thermal,elastic_net
8,85.9,0.5877475457093219,1.0814449139647548,0.7875711411100941,1.3753186868194158,0.6932426149333706,1.0535344627357668,0.7069131552690815,1.400155770202452,1.0703010202165137,-0.3534564698433059,-0.016766557480747023,-0.01291877751848007,0.08450069097587028,0.356450248862746,1.030034981003995,0.29355340700220756,1.0929318228645335,8,normalized_compact_thermal,elastic_net
8,86.1,0.6444254293732763,1.0801013669680635,0.7578886522814253,1.4023140816547015,0.6856634708205331,1.0992966978004521,0.7564649623901856,1.4421284332107187,1.070228456753495,-0.3535262482935138,0.0290682410469572,-0.02384209064725857,0.07208884318971555,0.39834070712749364,0.9729862345135727,0.2859742628893701,1.085352678751696,8,normalized_compact_thermal,elastic_net
8,86.3,0.8109176355750118,1.117441787167472,0.7119829693799661,1.522900604954978,0.6805653576188088,1.0996682894752074,0.759385610665803,1.4399509682846119,1.0703161703453212,-0.35337010529144086,0.029352119129886275,-0.03146131268599155,0.06589643276943474,0.41792353479194877,0.9432071804456688,0.28087614968764574,1.0802545655499718,8,normalized_compact_thermal,elastic_net
8,86.5,0.7367690118276193,1.1141581364945763,0.7457736305807667,1.482542642408386,0.6427096540074175,1.0834669069399954,0.7621120799362866,1.4048217339437041,1.0704038839371477,-0.3532139622893679,0.013063023002847667,-0.08884824341166717,0.06940311672191082,0.36609132552389306,0.9193279824909419,0.2430204460762545,1.0423988619385804,8,normalized_compact_thermal,elastic_net
8,86.7,0.885633562242155,1.1255856792910595,0.682768898169982,1.568402460412137,0.6702671809229955,1.0576995690691924,0.7225659786076946,1.3928331595306902,1.0704067962495596,-0.3531817761310868,-0.01270722718036716,-0.04689709245964422,0.06419351083474897,0.4144126529808621,0.926121708865129,0.2705779729918325,1.0699563888541586,8,normalized_compact_thermal,elastic_net
8,86.9,0.9480138626861788,1.0168891887033449,0.5428822573602555,1.4908961200464343,0.641138896705431,1.089026505019381,0.7684570566666655,1.4095959533720965,1.0704038839371477,-0.3532139622893679,0.018622621082233396,-0.09129519571747713,0.06799123384917395,0.3701478757365803,0.9121299176742816,0.24144968877426798,1.040828104636594,8,normalized_compact_thermal,elastic_net
8,87.1,0.9919733482933513,0.9106222192237038,0.4146355450770282,1.4066088933703793,0.68718192938073,1.0986672976360512,0.7550763329456862,1.4422582623264162,1.0703146291954047,-0.3533551786852825,0.02835266844064659,-0.02180102598429847,0.07031013037804475,0.406948538442924,0.9674153203185359,0.28749272144956695,1.0868711373118929,8,normalized_compact_thermal,elastic_net
8,87.3,0.8022052278245477,1.068087254647986,0.6669846407357122,1.4691898685602598,0.6812086810786071,1.0881037785736962,0.7474994380343927,1.4287081191129998,1.070228456753495,-0.3535262482935138,0.017875321820201334,-0.03036033817828638,0.08050178969661408,0.36035463939290535,1.0020627227643089,0.2815194731474441,1.08089788900977,8,normalized_compact_thermal,elastic_net
8,87.5,0.8535756763158425,1.0548423860993592,0.628054547941438,1.4816302242572805,0.6901964010059968,1.1021214354273594,0.7570232349243611,1.4472196359303577,1.070219511949471,-0.35356370284854516,0.03190192347788841,-0.017215379905195387,0.07241397264441442,0.4015777766866986,0.978815025325295,0.29050719307483375,1.0898856089371598,8,normalized_compact_thermal,elastic_net
8,87.7,0.7144883093642628,1.0384230958155682,0.6811789411334368,1.3956672504976997,0.6804626466404267,1.0874331082949145,0.7472017849747011,1.4276644316151277,1.070219460566222,-0.35355694079079564,0.017213647728692296,-0.03142540865646055,0.07460267961743187,0.3831205457250812,0.9778047475557721,0.28077343870926363,1.0801518545715898,8,normalized_compact_thermal,elastic_net
8,87.9,0.5212625887725778,1.1067258964504507,0.8460946020641619,1.3673571908367397,0.6817722934180475,1.0916055615719746,0.7507194148629509,1.4324917082809985,1.0702288009850494,-0.35351751930459074,0.021376760586925184,-0.029542038203326453,0.08425952103294218,0.3459411525725168,1.0176034342635782,0.28208308548688443,1.0814615013492106,8,normalized_compact_thermal,elastic_net
8,88.1,0.7154901591073024,1.0831954208667103,0.7254503413130592,1.4409405004203615,0.7016068560249054,1.091079999102335,0.7402765710898823,1.4418834271147878,1.070219460566222,-0.35355694079079564,0.020860538536112857,-0.0008251251957868341,0.07593213626024146,0.3989659718315864,1.0042477402182244,0.30191764809374233,1.1012960639560685,8,normalized_compact_thermal,elastic_net
8,88.3,1.1377354084240665,0.9477355260861324,0.3788678218740992,1.5166032302981656,0.6807104279687691,1.0976444648298718,0.7572892508454871,1.4379996788142564,1.0702288009850494,-0.35351751930459074,0.027415663844822493,-0.031100759862843642,0.06598800893281496,0.41770361223611974,0.9437172437014185,0.2810212200376061,1.0803996358999322,8,normalized_compact_thermal,elastic_net
8,88.5,0.7132726593319142,1.0722348912857755,0.7155985616198185,1.4288712209517327,0.7095831412911278,1.1169193818607979,0.762127811215234,1.4717109525063616,1.070219460566222,-0.35355694079079564,0.046699921294575744,0.01047933447660386,0.08943920055661685,0.3531074766894055,1.06605880589285,0.30989393335996473,1.109272349222291,8,normalized_compact_thermal,elastic_net
8,88.7,0.7947023678902075,1.074732061032449,0.6773808770873451,1.4720832449775527,0.6689005212307048,1.112886441165422,0.7784361805500697,1.4473367017807743,1.0702158456588882,-0.3535963957982136,0.04267059550653386,-0.048523531824246784,0.07251536422416674,0.37987778293730695,0.9579232595241025,0.26921131329954173,1.0685897291618678,8,normalized_compact_thermal,elastic_net
8,88.9,0.6415744714585384,1.111338272386541,0.7905510366572718,1.4321255081158102,0.6688674333037724,1.0631749227474399,0.7287412060955536,1.3976086393993261,1.070219460566222,-0.35355694079079564,-0.007044537818782327,-0.04861245419530876,0.06307666023031036,0.41746430988001976,0.9202705567275251,0.2691782253726094,1.0685566412349354,8,normalized_compact_thermal,elastic_net
8,89.1,0.6303628235835722,1.0862007189038247,0.7710193071120386,1.401382130695611,0.6558830516142066,1.0786490113102243,0.750707485503121,1.4065905371173275,1.0702288009850494,-0.35351751930459074,0.008420210325174843,-0.06825526160467382,0.06861942945849271,0.3823882465558499,0.9293778566725632,0.25619384368304354,1.0555722595453696,8,normalized_compact_thermal,elastic_net
8,89.3,0.68502901861029,1.0669008961931212,0.7243863868879762,1.4094154054982662,0.629192283519793,1.0842847943835012,0.7696886526236048,1.3988809361433976,1.0702381414038766,-0.35347809781838585,0.014046652979624659,-0.109840274009388,0.06740911545884223,0.3605213977800024,0.8978631692595835,0.22950307558862992,1.028881491450956,8,normalized_compact_thermal,elastic_net
8,89.5,0.5979666788429416,1.0853727278673124,0.7863893884458416,1.3843560672887831,0.6750212962905584,1.091801688031927,0.7542910398866478,1.4293123361772062,1.0703207955114702,-0.3533245207847244,0.021480892520456787,-0.03968651776248889,0.07356317913762454,0.3818223073673484,0.9682202852137685,0.2753320883593954,1.0747105042217213,8,normalized_compact_thermal,elastic_net
8,89.7,0.7687163732479046,1.0863575412584296,0.7019993546344773,1.470715727882382,0.6608267670703735,1.0919939089355923,0.7615805254004056,1.4224072924707791,1.0704034496190635,-0.35317094375106306,0.0215904593165289,-0.06109260677693842,0.06837444367282737,0.3883083959494797,0.9333451381912672,0.26113755913921044,1.0605159750015365,8,normalized_compact_thermal,elastic_net
8,89.9,0.7666460817220158,1.0858971507437247,0.7025741098827167,1.4692201916047325,0.6440832069960344,1.09603650425104,0.7739949007530229,1.4180781077490572,1.07041018531829,-0.35309715939991054,0.025626318932750098,-0.08683019841392331,0.06737707988325066,0.37554000467725873,0.91262640931481,0.24439399906487136,1.0437724149271974,8,normalized_compact_thermal,elastic_net
8,90.1,0.7806567373034707,1.0773070857175537,0.6869787170658184,1.467635454369289,0.6560428069354275,1.0824074783946358,0.754386074926922,1.4104288818623496,1.070397285019397,-0.3531112373264296,0.012010193375238728,-0.06841800036586199,0.06751543833922126,0.3869481526555605,0.9251374612152945,0.25635359900426447,1.0557320148665905,8,normalized_compact_thermal,elastic_net
8,90.3,0.3267228479266914,1.109780184234686,0.9464187602713402,1.2731416081980316,0.6820153364294932,1.112678425086446,0.7716707568716995,1.4536860933011928,1.0703271359013304,-0.3531894657989914,0.04235128918511556,-0.02951366815924756,0.07414169934098452,0.3865105534842567,0.9775201193747296,0.28232612849833016,1.0817045443606563,8,normalized_compact_thermal,elastic_net
8,90.5,0.571998204025542,1.0899209953143514,0.8039218933015803,1.3759200973271224,0.6780271693994561,1.0989834806418721,0.7599698959421441,1.4379970653416,1.0702373507851446,-0.35335555654922474,0.028746129856727514,-0.035212362434857626,0.07389419054287963,0.38350887630151387,0.9725454624973983,0.27833796146829304,1.077716377330619,8,normalized_compact_thermal,elastic_net
8,90.7,0.5989123333077556,1.0802705390045355,0.7808143723506578,1.3797267056584133,0.6835553996001719,1.0606646189010436,0.7188869191009577,1.4024423187011295,1.0703271359013304,-0.3531894657989914,-0.00966251700028678,-0.027258107487105852,0.08506886554521415,0.3444984738515072,1.0226123253488364,0.28386619166900884,1.083244607531335,8,normalized_compact_thermal,elastic_net
8,90.9,0.765126401796839,1.0608557543589896,0.6782925534605702,1.443418955257409,0.6471312428241291,1.066339412451844,0.7427737910397794,1.3899050338639085,1.070416921017516,-0.3530233750487581,-0.004077508565672174,-0.08218278174354521,0.07757906509835179,0.33792623408068656,0.9563362515675717,0.24744203489296612,1.046820450755292,8,normalized_compact_thermal,elastic_net
8,91.1,0.7461298261244494,1.0204410201016851,0.6473761070394606,1.39350593316391,0.6729049736954364,1.1280078727984273,0.7915553859507091,1.4644603596461456,1.0703255947514136,-0.35317453919283304,0.05768227804701373,-0.042976618189094394,0.08038316104289864,0.35252374737381265,0.9932862000170603,0.2732157657642734,1.0725941816265996,8,normalized_compact_thermal,elastic_net
8,91.3,0.7210471128495035,1.0649960067646949,0.7044724503399429,1.4255195631894466,0.6928090612466339,1.1238740652842667,0.7774695346609497,1.4702785959075837,1.070413838717683,-0.35299352183644134,0.05346022656658379,-0.01400732081638257,0.08441863287214534,0.3563437521809832,1.0292743703122846,0.29311985331547086,1.092498269177797,8,normalized_compact_thermal,elastic_net
8,91.5,0.747314659280491,1.0532659010438867,0.6796085714036413,1.4269232306841324,0.6723042399310197,1.1237833225257106,0.7876312025602007,1.4599354424912203,1.070421666749483,-0.35292383688499,0.053361655776227465,-0.04412046603633132,0.07899285304980405,0.35746433064661326,0.9871441492154263,0.2726150319998567,1.0719934478621829,8,normalized_compact_thermal,elastic_net
8,91.7,0.6111132753107967,1.1039561736003056,0.7983995359449073,1.409512811255704,0.6838467810674937,1.1260300830663685,0.7841066925326217,1.4679534736001154,1.0704294947812831,-0.35285415193353875,0.05560058828508538,-0.0271672388060454,0.07578984411769135,0.38177302723499507,0.9859205348999924,0.2841575731363307,1.0835359889986567,8,normalized_compact_thermal,elastic_net
8,91.9,0.683442794827056,1.0861619479802131,0.7444405505666853,1.4278833453937412,0.6492279774036608,1.1252469747774256,0.8006329860755952,1.449860963479256,1.070432249251136,-0.3528202247534326,0.05481472552628952,-0.07915112431711588,0.07020314989765454,0.3694209759864361,0.9290349788208855,0.24953876947249776,1.0489171853348238,8,normalized_compact_thermal,elastic_net
8,92.1,0.7944078951478141,1.0535181055203278,0.6563141579464208,1.4507220530942349,0.6905435893611892,1.0908897012612653,0.7456179065806707,1.4361614959418598,1.0704350037209887,-0.3527862975733265,0.020454697540276696,-0.01748988330905244,0.07568634939326428,0.3888823319557975,0.9922048467665809,0.2908543814300262,1.0902327972923522,8,normalized_compact_thermal,elastic_net
8,92.3,0.7204347345698132,1.0334918549944265,0.6732744877095198,1.393709222279333,0.6649873981299647,1.0959616573604238,0.7634679582954416,1.428455356425406,1.0705609341663191,-0.3524833845749103,0.025400723194104597,-0.05550380411143379,0.07707669300313326,0.357784681730437,0.9721901145294923,0.26529819019880163,1.0646766060611277,8,normalized_compact_thermal,elastic_net
8,92.5,0.9042482898724046,1.0504779668879505,0.5983538219517482,1.5026021118241528,0.6778179589572644,1.1310793899721339,0.7921704104935017,1.469988369450766,1.0704350037209887,-0.3527862975733265,0.060644386251145266,-0.036090226633397594,0.08095878772871745,0.35514247123669335,1.0004934466778355,0.27812875102610135,1.0775071668884273,8,normalized_compact_thermal,elastic_net
8,92.7,0.9747264135650556,0.991303965300449,0.5039407585179213,1.4786671720829767,0.7069667315899009,1.1297825067289649,0.7762991409340144,1.4832658725239152,1.070432249251136,-0.3528202247534326,0.05935025747782881,0.006048554817997619,0.08394297662888486,0.37239723414133746,1.0415362290384642,0.30727752365873784,1.106655939521064,8,normalized_compact_thermal,elastic_net
8,92.9,1.0209791457059414,1.1938209017418902,0.6833313288889193,1.7043104745948607,0.7035465323209298,1.0820890124866143,0.7303157463261494,1.4338622786470792,1.0704294947812831,-0.35285415193353875,0.011659517705331232,0.0012328913424910076,0.07863288217999412,0.3901413502506997,1.01695171439116,0.30385732438976676,1.1032357402520927,8,normalized_compact_thermal,elastic_net
8,93.1,0.6759185054248886,1.044811225132231,0.7068519724197867,1.3827704778446754,0.6546255394374004,1.0565259229478325,0.7292131532291324,1.3838386926665327,1.070432249251136,-0.3528202247534326,-0.01390632630330356,-0.07087167758906301,0.07374919935026096,0.36068513423904225,0.9485659446357586,0.2549363315062374,1.0543147473685635,8,normalized_compact_thermal,elastic_net
8,93.3,0.9287376073984475,1.1957529622563299,0.7313841585571061,1.6601217659555538,0.6550198432012571,1.072047412301358,0.7445374907007294,1.3995573339019864,1.0704350037209887,-0.3527862975733265,0.0016124085803693629,-0.07030345126869053,0.06947643908907931,0.3781092755272669,0.9319304108752472,0.25533063527009403,1.05470905113242,8,normalized_compact_thermal,elastic_net
8,93.5,0.7880960646208804,1.1059003140384953,0.711852281728055,1.4999483463489354,0.6827775813615303,1.1524024608944636,0.8110136702136985,1.4937912515752287,1.070432249251136,-0.3528202247534326,0.08197021164332767,-0.028765897237120787,0.06778212662244125,0.41261999402310856,0.9529351686999521,0.2830883734303673,1.0824667892926934,8,normalized_compact_thermal,elastic_net
8,93.7,0.7622532484991918,1.1672780724984948,0.7861514482488989,1.5484046967480907,0.7118632693836141,1.152231679864775,0.7963000451729678,1.508163314556582,1.0704294947812831,-0.35285415193353875,0.08180218508349174,0.012984728539273904,0.07386588441260006,0.41745779534645194,1.0062687434207762,0.3121740614524511,1.1115524773147771,8,normalized_compact_thermal,elastic_net
8,93.9,0.8453829625838578,1.0905670256638489,0.66787554437192,1.513258506955778,0.6896300218369,1.1398824894614024,0.7950674785429523,1.4846975003798524,1.070421666749483,-0.35292383688499,0.06946082271191935,-0.018676188548973842,0.07873510996739269,0.37581739293992195,1.003442650733878,0.289940813905737,1.089319229768063,8,normalized_compact_thermal,elastic_net
8,94.1,1.0524321720764505,1.189203455599724,0.6629873695614986,1.7154195416379492,0.6959024008937659,1.0875858395813112,0.7396346391344282,1.4355370400281942,1.070413838717683,-0.35299352183644134,0.017172000863628353,-0.009552335245136732,0.08922002928300281,0.34030028195140705,1.0515045198361248,0.29621319296260284,1.095591608824929,8,normalized_compact_thermal,elastic_net
8,94.3,0.5247048602648128,1.0736739420256127,0.8113215118932063,1.3360263721580192,0.6460661792961641,1.0758425761588517,0.7528094865107697,1.3988756658069337,1.070421666749483,-0.35292383688499,0.00542090940936866,-0.08392949883074413,0.08389494164550475,0.31168813372237136,0.9804442248699567,0.24637697136500103,1.045755387227327,8,normalized_compact_thermal,elastic_net
8,94.5,0.6778109695514951,1.0851745210514359,0.7462690362756884,1.4240800058271834,0.6594122697454209,1.0875384980117888,0.7578323631390784,1.4172446328844992,1.0704076741180164,-0.3529338154118079,0.017130823893772375,-0.06347252566659584,0.07274943999771584,0.36945658128672887,0.9493679582041129,0.25972306181425786,1.059101477676584,8,normalized_compact_thermal,elastic_net
8,94.7,1.0061092728704177,1.198983828125431,0.6959291916902222,1.70203846456064,0.6749160447681911,1.0949021673276718,0.7574441449435763,1.4323601897117673,1.070417043299733,-0.3528790570665149,0.024485124027938576,-0.04028791689989065,0.0761323920624994,0.37147700585349736,0.9783550836828849,0.2752268368370281,1.0746052526993541,8,normalized_compact_thermal,elastic_net
8,94.9,0.8152399200726552,1.1187117595506342,0.7110917995143065,1.5263317195869617,0.6495666064022925,1.1067909500588933,0.782007646857747,1.4315742532600395,1.0704076741180164,-0.3529338154118079,0.0363832759408769,-0.07851608244462707,0.07895130013657277,0.3348923135619964,0.9642408992425886,0.24987739847112944,1.0492558143334554,8,normalized_compact_thermal,elastic_net
8,95.1,0.6896559834787696,1.064662776760669,0.7198347850212841,1.4094907685000535,0.6979085965802302,1.117634858597797,0.7686805603076821,1.4665891568879121,1.070417043299733,-0.3528790570665149,0.047217815298064125,-0.0067880781861324735,0.0840091121363875,0.3630755044344417,1.0327416887260186,0.29821938864906716,1.0975978045113932,8,normalized_compact_thermal,elastic_net
8,95.3,0.6056748583513102,1.0337568509986608,0.7309194218230057,1.336594280174316,0.6873963345393448,1.1368332529585763,0.7931350856889039,1.4805314202282487,1.0704076741180164,-0.3529338154118079,0.06642557884055982,-0.021910431523562694,0.08037394081823541,0.3670518570447917,1.007740812033898,0.28770712660818176,1.0870855424705077,8,normalized_compact_thermal,elastic_net
8,95.5,0.659554438939346,1.0622095251679884,0.7324323056983155,1.3919867446376615,0.6989402268300365,1.1423007788455481,0.7928306654305299,1.4917708922605664,1.070320971301664,-0.3531297593743579,0.07197980754388421,-0.005060293433744041,0.07779330670915761,0.38888132046539364,1.0089991331946795,0.2992510188988735,1.0986294347611996,8,normalized_compact_thermal,elastic_net
8,95.7,0.6825233127328709,1.0634302608875148,0.7221686045210792,1.4046919172539503,0.6953888855639037,1.1093452994021686,0.7616508566202168,1.4570397421841204,1.0702342684853114,-0.35332570333690805,0.03911103091685719,-0.009958338994846092,0.07573998987462832,0.3935138345856178,0.9972639365421896,0.29569967763274063,1.0950780934950668,8,normalized_compact_thermal,elastic_net
8,95.9,0.888543149430323,1.2031522662837504,0.7588806915685888,1.6474238409989117,0.6814710236353171,1.1032688845988439,0.7625333727811854,1.4440043964165024,1.0702300403449274,-0.3533421941530135,0.03303884425391655,-0.03015935310664678,0.07212147690706813,0.39401819252207154,0.9689238547485626,0.28178181570415406,1.0811602315664801,8,normalized_compact_thermal,elastic_net
10,25.5,0.8927281071823752,0.7557045672512166,0.309340513660029,1.202068620842404,0.6615724536717612,1.0751838602827286,0.7443976334468481,1.4059700871186092,1.0539686305439433,-0.4102265867727034,0.02121522973878523,-0.0029091852921423814,0.0994367889567743,0.3056824563097135,1.0174624510338088,0.2163654203492813,1.1067794869942411,10,normalized_compact_thermal,ridge
10,25.700000000000003,0.8117760293672148,0.8413840776874484,0.43549606300384097,1.2472720923710559,0.6579194932798752,1.0407857555076907,0.711826008867753,1.3697455021476284,1.0571356227090811,-0.4044652515213875,-0.016349867201390436,-0.01420745425936979,0.1095894787136674,0.26569243426583605,1.0501465522939144,0.2127124599573953,1.103126526602355,10,normalized_compact_thermal,ridge
10,25.89999999999999,0.7626323729592526,0.7752104520169185,0.39389426553729223,1.156526638496545,0.6458768818273166,1.0244218572804706,0.7014834163668123,1.347360298194129,1.0550110191269402,-0.40920682476914444,-0.030589161846469568,-0.027939554000727777,0.10895226905475576,0.2559304328994269,1.0358233307552063,0.2006698485048367,1.0910839151497966,10,normalized_compact_thermal,ridge
10,26.099999999999994,0.8016163566045447,0.8528934184943229,0.45208524019205043,1.2537015967965952,0.6671693180437926,1.0370857475431687,0.7035010885212725,1.370670406565065,1.0576607647663858,-0.40389579813049303,-0.020575017223217116,-0.0008156170098968588,0.13831308697539813,0.17213880996685593,1.1621998261207294,0.22196228472131274,1.1123763513662726,10,normalized_compact_thermal,ridge
10,26.299999999999997,0.7713493964724903,0.8714155723147333,0.48574087407848815,1.2570902705509786,0.6473444217454405,0.9997836641679507,0.6761114532952305,1.323455875040671,1.0550110191269402,-0.40920682476914444,-0.05522735495898942,-0.025669964806650507,0.06727681672528964,0.40655681810209976,0.8881320253887812,0.20213738842296058,1.0925514550679205,10,normalized_compact_thermal,ridge
10,26.5,0.7284495809757091,0.8824001709048941,0.5181753804170395,1.2466249613927487,0.720557113101106,1.1364433874738715,0.7761648309233184,1.4967219440244246,1.0543702975182303,-0.4111936645603097,0.08207308995564114,0.08346306657997687,0.10921486190967107,0.3296708292145098,1.1114433969877022,0.27535007977862613,1.165764146423586,10,normalized_compact_thermal,ridge
10,27.5,0.8026487711076454,0.9156131968476722,0.5142888112938494,1.3169375824014948,0.6839802973546057,1.0290025776013028,0.6870124289239998,1.3709927262786057,1.0549636459372684,-0.409921693438524,-0.025961068335965773,0.030095526626938214,0.11994925671034558,0.2546749959456726,1.1132855987635388,0.23877326403212584,1.1291873306770857,10,normalized_compact_thermal,ridge
10,27.700000000000003,0.9415574805966799,0.9469468272372659,0.476168086938926,1.4177255675356057,0.6639580159676437,1.0941199101588812,0.7621409021750594,1.426098918142703,1.0543466109233943,-0.4115510988949995,0.03977329923548692,0.002014738425869106,0.11105569917229709,0.26648326944651163,1.0614327624887758,0.2187509826451638,1.1091650492901235,10,normalized_compact_thermal,ridge
10,27.89999999999999,1.0802219399183342,0.9881351677430631,0.4480241977838961,1.52824613770223,0.6542448272680808,1.0406781237615053,0.7135557101274649,1.3678005373955457,1.0549636459372684,-0.409921693438524,-0.014285522175763087,-0.014351950518330069,0.11088752769047118,0.2573719761706777,1.0511176783654839,0.20903779394560085,1.0994518605905608,10,normalized_compact_thermal,ridge
10,28.099999999999994,0.8991347493811326,0.9918600373683473,0.542292662677781,1.4414274120589137,0.6795513220227457,1.075919167541132,0.736143506529759,1.4156948285525048,1.0575462795580122,-0.405623397414827,0.018372887983119705,0.019300878270673047,0.11330689528095052,0.27401941491169957,1.085083229133792,0.2343442887002658,1.1247583553452256,10,normalized_compact_thermal,ridge
10,28.299999999999997,0.6176233503234891,0.9864014887099802,0.6775898135482357,1.2952131638717248,0.6702698153331821,1.0556266757489334,0.7204917680823424,1.3907615834155245,1.0554557857069335,-0.409782565725647,0.00017089004199981328,0.009707627515343861,0.10739070107665448,0.2859123081786305,1.0546273224877336,0.22506278201070218,1.1154768486556619,10,normalized_compact_thermal,ridge
10,28.5,0.6819671816607155,0.9222408671817177,0.58125727635136,1.2632244580120755,0.695798329935035,1.0824309666893772,0.7345318017218597,1.4303301316568948,1.0552241067707544,-0.4100678785740647,0.02720685991862289,0.047372462098545905,0.1126115424991738,0.2927551304971599,1.0988415293729101,0.2505912966125551,1.141005363257515,10,normalized_compact_thermal,ridge
10,28.700000000000003,0.8485695320424032,0.8375247820569037,0.4132400160357022,1.2618095480781053,0.6548676508638486,1.035315171778894,0.7078813463469698,1.3627489972108182,1.0550462652331738,-0.4104822451748174,-0.0197310934542798,-0.01283987833873871,0.09716151082457138,0.3071210050416382,1.002614296686059,0.20966061754136867,1.1000746841863285,10,normalized_compact_thermal,ridge
10,28.89999999999999,0.9019788706771014,0.8448890988656508,0.39389966352710004,1.2958785342042014,0.7774296005214436,1.0815726295183887,0.6928578292576669,1.4702874297791104,1.0552824558882326,-0.41000460597507643,0.026290173630156153,0.15824242099366914,0.1121748626398315,0.375949303462254,1.1789098975806331,0.3322225671989637,1.2226366338439236,10,normalized_compact_thermal,ridge
10,29.099999999999994,0.8794830590049623,0.9158844260785066,0.4761428965760255,1.3556259555809878,0.7353971510883812,1.0495857657636765,0.6818871902194859,1.417284341307867,1.0555186465432915,-0.40952696677533545,-0.005932880779615112,0.10218238269091519,0.12301942809299111,0.2951035293934246,1.175690772783338,0.2901901177659013,1.180604184410861,10,normalized_compact_thermal,ridge
10,29.299999999999997,0.9622624075186089,0.9870091504840015,0.5058779467246971,1.468140354243306,0.7053608852452381,1.0376394525085348,0.6849590098859157,1.390319895131154,1.0552824558882326,-0.41000460597507643,-0.01764300337969775,0.06095889279706346,0.10914639370352724,0.3147196530136636,1.0960021174768126,0.2601538519227582,1.150567918567718,10,normalized_compact_thermal,ridge
10,29.5,0.6392177286024089,0.8878939742749783,0.5682851099737737,1.2075028385761828,0.7544920196101988,1.1092870580579777,0.7320410482528783,1.486533067863077,1.055168551838422,-0.4099066023692651,0.0541185062195558,0.1281960244817037,0.10626980424668345,0.3741462667977442,1.1348377724226535,0.30928498628771894,1.1996990529326788,10,normalized_compact_thermal,ridge
10,29.700000000000003,0.5618246111290024,0.8717428070423672,0.590830501477866,1.1526551126068685,0.7386663572466965,1.0434782411065482,0.6741450624831999,1.4128114197298964,1.055872484869595,-0.40713297615686006,-0.012394243763046792,0.10422403748384867,0.11580810355500698,0.324182481599711,1.153150232893682,0.2934593239242166,1.1838733905691763,10,normalized_compact_thermal,ridge
10,29.89999999999999,0.9816459897306444,1.018625463975267,0.5278024691099448,1.5094484588405892,0.7087205276272525,1.0086276498432332,0.6542673860296069,1.3629879136568595,1.0565764179007682,-0.4043593499444551,-0.047948768057534924,0.060065341544952744,0.13576213299156573,0.22282003084796004,1.194621024406545,0.26351349430477256,1.1539275609497324,10,normalized_compact_thermal,ridge
10,30.099999999999994,0.6147317802183861,0.9344720484815808,0.6271061583723876,1.241837938590774,0.639599702099345,1.0952730543433282,0.7754732032936558,1.4150729053930007,1.0583526655397621,-0.40284222566779254,0.03692038880356602,-0.04407053811552777,0.09922081725560353,0.2844826799003766,0.9947167242983135,0.19439266877686512,1.084806735421825,10,normalized_compact_thermal,ridge
10,30.299999999999997,0.5456879893269894,0.9854114386975081,0.7125674440340134,1.2582554333610028,0.727787460259723,1.050753173710163,0.6868594435803015,1.4146469038400245,1.0602552416845474,-0.39941878493945115,-0.009502067974384566,0.08167256133555781,0.12186431169954565,0.2916280666963171,1.1639468538231288,0.28258042693724306,1.1729944935822028,10,normalized_compact_thermal,ridge
10,30.5,0.5297033861676624,0.952385290318833,0.6875335972350017,1.2172369834026642,0.7326493949802154,1.1179002326590533,0.7515755351689455,1.484224930149161,1.0583526655397621,-0.40284222566779254,0.0595475671192912,0.09175421897287755,0.09738220962364844,0.3841128554391372,1.0811859345212937,0.2874423616577355,1.1778564283026953,10,normalized_compact_thermal,ridge
10,30.700000000000003,0.6955913983752594,0.9036110133003329,0.5558153141127031,1.2514067124879626,0.7047586964429657,1.1007646953165164,0.7483853470950336,1.4531440435379994,1.0564500893949769,-0.40626566639613393,0.04431460592153959,0.05636585708797778,0.08730387594080287,0.3922930938803627,1.0172242990055689,0.25955166312048583,1.1499657297654458,10,normalized_compact_thermal,ridge
10,30.89999999999999,0.8513129466072067,1.0789496121825768,0.6532931388789733,1.50460608548618,0.6941968503682341,1.0936920579307217,0.7465936327466046,1.4407904831148386,1.056386890142773,-0.4075427669764892,0.03730516778794862,0.042543054344955075,0.1051500432065471,0.3178587868406123,1.0705349138958558,0.24898981704575418,1.139403883690714,10,normalized_compact_thermal,ridge
10,31.099999999999994,0.94177192235671,0.9062613432072117,0.43537538202885684,1.3771473043855667,0.6674301398547431,1.1058489060425825,0.7721338361152109,1.439563975969954,1.0555068032458736,-0.40970568394268037,0.05034210279670881,0.005385130364128049,0.10525009644624683,0.29073398001702944,1.0441262996924567,0.22222310653226318,1.112637173177223,10,normalized_compact_thermal,ridge
10,31.299999999999997,0.7803706009656038,0.9053673165388705,0.5151820160560686,1.2955526170216725,0.664192224222771,1.0281445185058085,0.696048406394423,1.360240630617194,1.056386890142773,-0.4075427669764892,-0.028242371636964612,-0.0016409101132045106,0.0988087843943562,0.310549891376112,1.01783455706943,0.21898519090029112,1.109399257545251,10,normalized_compact_thermal,ridge
10,31.5,0.8460098768238864,0.9433206885022603,0.520315750090317,1.3663256269142035,0.7815123249250893,1.0918658068151164,0.7011096443525717,1.482621969277661,1.0572669770396728,-0.4053798500102981,0.03459882977544357,0.1588554916227736,0.11374610126282365,0.3744084742972611,1.1886161755529174,0.33630529160260936,1.226719358247569,10,normalized_compact_thermal,ridge
10,31.700000000000003,0.6276435173005626,0.876560090407738,0.5627383317574567,1.1903818490580191,0.8283224236012607,1.1084741049689417,0.6943128931683114,1.522635316769572,1.0585860620096752,-0.4025891352718395,0.049888042959266424,0.21423633536288403,0.13694270096029112,0.33819660603593565,1.3184482411665859,0.38311539027878083,1.2735294569237405,10,normalized_compact_thermal,ridge
10,31.89999999999999,0.7904156942901547,0.8818975589678826,0.4866897118228052,1.2771054061129599,0.7621602789581483,1.0665538764826297,0.6854737370035555,1.4476340159617038,1.0599051469796779,-0.39979842053338077,0.006648729502951731,0.1282000149596569,0.12439317031746969,0.3169499546848498,1.2073706032314468,0.3169532456356684,1.207367312280628,10,normalized_compact_thermal,ridge
10,32.099999999999994,0.7226393863933714,0.8274398464640754,0.4661201532673898,1.188759539660761,0.6539713057379491,1.0697843147872725,0.742798661918298,1.396769967656247,1.0596467018982754,-0.400559905623323,0.010137612888997217,-0.024131897882578558,0.09989824473178491,0.2964297315674165,1.0115128799084818,0.20876427241546924,1.099178339060429,10,normalized_compact_thermal,ridge
10,32.3,0.6366291253190836,0.8676006901505002,0.5492861274909585,1.185915252810042,0.6387702378998575,1.121405888043753,0.8020207690938241,1.4407910069936818,1.0592229616597455,-0.4019204562511377,0.06218292638400735,-0.04628999811444013,0.10121169783845875,0.2765277393775487,1.0010127364221664,0.19356320457737763,1.0839772712223374,10,normalized_compact_thermal,ridge
10,32.5,0.5700905865629554,0.9131246809380917,0.628079387656614,1.1981699742195695,0.5970249616069825,1.0833910718632083,0.784878591059717,1.3819035526666994,1.0582449693497091,-0.4036501531307179,0.0251461025134992,-0.11214620159591421,0.052444701805247886,0.40932235190951305,0.7847275713044519,0.15181792828450258,1.0422319949294625,10,normalized_compact_thermal,ridge
10,32.7,0.6717173091507896,0.9230917440202137,0.5872330894448188,1.2589503985956085,0.6337426942391261,1.0040611512777953,0.6871898041582323,1.3209324983973583,1.0592229616597455,-0.4019204562511377,-0.05516181038195024,-0.054191795719861234,0.06664461583339333,0.3952177740161748,0.8722676144620773,0.1885356609166462,1.078949727561606,10,normalized_compact_thermal,ridge
10,32.89999999999999,0.615070569245959,0.9828501810546517,0.6753148964316723,1.2903854656776312,0.6795960012866433,1.091445310921147,0.7516473102778254,1.4312433115644687,1.0582449693497091,-0.4036501531307179,0.03320034157143795,0.01739338000709826,0.08535961973333034,0.3740890037213249,0.9851029988519617,0.23438896796416342,1.1248030346091231,10,normalized_compact_thermal,ridge
10,33.099999999999994,0.5459643315222221,0.9579637531772514,0.6849815874161403,1.2309459189383625,0.7333259041722289,1.09898377645904,0.7323208243729256,1.4656467285451544,1.0572669770396728,-0.4053798500102981,0.04171679941936733,0.09521479098090954,0.09782602558850051,0.38320092171965336,1.0834508866248043,0.28811887084974896,1.1785329374947087,10,normalized_compact_thermal,ridge
10,33.3,0.7090026737387304,0.8931093100495312,0.5386079731801661,1.2476106469188963,0.6700378868972987,1.1092682483647578,0.7742493049161084,1.444287191813407,1.056795333965121,-0.4070998587835713,0.05247291439963665,0.006678838195598759,0.09645700790113237,0.32481269763251247,1.0152630761620849,0.2248308535748188,1.1152449202197787,10,normalized_compact_thermal,ridge
10,33.5,0.5738714716831044,0.9137833970671768,0.6268476612256246,1.200719132908729,0.6744794131194621,1.047021204733316,0.709781498173585,1.384260911293047,1.0563236908905695,-0.4088198675568445,-0.009302486157253431,0.015005742065783447,0.07636034999317398,0.4011813205045726,0.9477775057343516,0.22927237979698223,1.119686446441942,10,normalized_compact_thermal,ridge
10,33.7,0.6351006121029282,0.8784043502082508,0.5608540441567867,1.1959546562597148,0.6996978525548425,1.046923165521594,0.6970742392441728,1.3967720917990154,1.056795333965121,-0.4070998587835713,-0.009872168443527084,0.0499931824544531,0.0900740618145675,0.3773175951280821,1.022078109981603,0.2544908192323626,1.1449048858773225,10,normalized_compact_thermal,ridge
10,33.89999999999999,0.507258771660381,0.9283957707715611,0.6747663849413705,1.1820251566017517,0.6262496075655285,1.0699180546830256,0.7567932509002613,1.38304285846579,1.0563355341879874,-0.4086411503894996,0.013582520495038265,-0.05936510283562995,0.08642472851507157,0.31693052429731233,0.9355686908337446,0.1810425742430486,1.0714566408880084,10,normalized_compact_thermal,ridge
10,34.099999999999994,0.635592959591708,0.9038975855177246,0.5861011057218706,1.2216940653135786,0.6805260313913746,1.114363892867752,0.7741008771720647,1.4546269085634393,1.0562980535628153,-0.40883275678992004,0.05806583930493668,0.02394355249811862,0.09943778570003253,0.32463246662777195,1.0364195961549771,0.23531899806889467,1.1257330647138546,10,normalized_compact_thermal,ridge
10,34.3,0.6124362428562852,0.917867091119665,0.6116489696915224,1.2240852125478077,0.6991361230881245,1.098983507315906,0.7494154457718438,1.4485515688599682,1.0563355341879874,-0.4086411503894996,0.04264797312791853,0.05073133443596053,0.0921080952137525,0.36947594292185415,1.0287963032543948,0.25392908976564454,1.1443431564106044,10,normalized_compact_thermal,ridge
10,34.5,0.8230736732244057,0.7828691336387043,0.37133229702650145,1.1944059702509071,0.6864218209884492,1.1017020477586297,0.7584911372644051,1.4449129582528544,1.0563564026802936,-0.40876948419093173,0.045345645078336064,0.03250654336157782,0.0881523809496376,0.3709193701071907,1.0019242718697077,0.24121478766596927,1.1316288543109292,10,normalized_compact_thermal,ridge
10,34.7,0.5706132623856743,0.9293208169809191,0.6440141857880819,1.2146274481737562,0.719709624543139,1.1187300674478953,0.7588752551763258,1.4785848797194647,1.056260572937643,-0.4090243631903404,0.062469494510252147,0.08011691562565113,0.08585708132635324,0.4124221832719644,1.0269970658143137,0.2745025912206591,1.164916657865619,10,normalized_compact_thermal,ridge
10,34.89999999999999,0.49873534611379694,0.9369176026653215,0.6875499296084231,1.18628527572222,0.7595886251054277,1.1077178188346113,0.7279235062818974,1.4875121313873252,1.0563564026802936,-0.40876948419093173,0.05136141615431773,0.13379120918675977,0.10563665265894219,0.381508958308572,1.1376682919022834,0.3143815917829478,1.2047956584279076,10,normalized_compact_thermal,ridge
10,35.099999999999994,0.6153281288692677,0.9703226493473635,0.6626585849127296,1.2779867137819974,0.6968281700131531,1.1018445592474284,0.7534304742408519,1.450258644254005,1.056260572937643,-0.4090243631903404,0.04558398630978537,0.047807936617541534,0.07723531041218805,0.4203985436421789,0.9732577963841273,0.2516211366906732,1.1420352033356331,10,normalized_compact_thermal,ridge
10,35.3,0.7927327830035853,0.9292015482538866,0.5328351567520939,1.3255679397556792,0.7056045582954326,1.0692120962743483,0.716409817126632,1.4220143754220647,1.0563564026802936,-0.40876948419093173,0.012855693594054658,0.060069170049773225,0.09056463481750868,0.38146851182364855,1.0297406047672166,0.26039752497295265,1.1508115916179125,10,normalized_compact_thermal,ridge
10,35.5,0.8897065015193703,0.9525640891402589,0.5077108383805737,1.397417339899944,0.7138916399282809,1.079538213407453,0.7225923934433125,1.4364840333715934,1.0562724162350612,-0.40884564602299545,0.023265797172391838,0.07182155305666986,0.09891499703921416,0.35986916590555523,1.0679141139510064,0.26868460660580096,1.1590986732507607,10,normalized_compact_thermal,ridge
10,35.7,0.6187588805450355,0.9468251453604283,0.6374457050879105,1.256204585632946,0.7300136876961689,1.0940840400786893,0.7290771962306049,1.4590908839267738,1.0563623243290026,-0.4086801256072593,0.037721715749686746,0.09398813086049955,0.10332495733562702,0.36020771166455035,1.0998196637277875,0.284806654373689,1.1752207210186487,10,normalized_compact_thermal,ridge
10,35.89999999999999,0.9585429640855148,1.0795325327647691,0.6002610507220117,1.5588040148075264,0.7061334571613268,1.1196986832361215,0.7666319546554581,1.472765411816785,1.056452232422944,-0.40851460519152305,0.06324645081317752,0.06056357864459033,0.09875892540756179,0.352669572501349,1.0595973418213047,0.2609264238388469,1.1513404904838067,10,normalized_compact_thermal,ridge
10,36.099999999999994,0.6681896579158229,0.9793542475638957,0.6452594186059842,1.3134490765218072,0.7238795460561269,1.1129175920152599,0.7509778189871964,1.4748573650433232,1.0563623243290026,-0.4086801256072593,0.05655526768625724,0.08554985231868725,0.08112671275761005,0.4335223664628847,1.0142367256493692,0.278672512733647,1.169086579378607,10,normalized_compact_thermal,ridge
10,36.3,0.648302882573249,0.9223742467895825,0.5982228055029579,1.246525688076207,0.7059051627119336,1.0604916462092044,0.7075390648532376,1.4134442275651713,1.056452232422944,-0.40851460519152305,0.00403941378626059,0.06024022424313222,0.10176832932846161,0.3416704480130257,1.0701398774108415,0.2606981293894537,1.1511121960344135,10,normalized_compact_thermal,ridge
10,36.5,0.6354901457583686,0.9387696107125901,0.6210245378334058,1.2565146835917744,0.7247858588790723,1.1388052146475829,0.7764122852080467,1.5011981440871192,1.0563761415093236,-0.4084716222453569,0.08242907313825937,0.08659258742510365,0.08868262304538455,0.4073856409838503,1.0421860767742943,0.2795788255565924,1.1699928922015523,10,normalized_compact_thermal,ridge
10,36.699999999999996,0.6893384919554889,0.9240481881871245,0.5793789422093801,1.268717434164869,0.7518519457334414,1.1435349733955373,0.7676090005288166,1.519460946262258,1.0564798667835857,-0.4080975984677183,0.08705510661195166,0.12288174337826183,0.10190001423334495,0.38714592317208907,1.1165579682947937,0.3066449124109615,1.1970589790559214,10,normalized_compact_thermal,ridge
10,36.9,0.5265826713538401,0.9096031419273962,0.6463118062504761,1.1728944776043162,0.7036718205863018,1.0829751456984074,0.7311392354052564,1.4348110559915583,1.0571489931111615,-0.40669152568880773,0.025826152587245892,0.05524833023661246,0.09145174092503529,0.3763607702393953,1.0309828709332085,0.25846478726382194,1.1488788539087817,10,normalized_compact_thermal,ridge
10,37.099999999999994,0.6775231428083309,0.9148212880839497,0.5760597166797842,1.253582859488115,0.6917082406848243,1.0917592774926945,0.7459051571502824,1.4376133978351067,1.0564798667835857,-0.4080975984677183,0.03527941070910871,0.03950656869011976,0.07983903977886062,0.40595971688003,0.9774567644896186,0.24650120736234438,1.136915274007304,10,normalized_compact_thermal,ridge
10,37.3,0.4954560496177196,0.971456256931843,0.7237282321229831,1.2191842817407028,0.7231289722594578,1.1342696568935338,0.7727051707638048,1.4958341430232627,1.0564174655273881,-0.4081211008030985,0.07785219136614566,0.08395341293889069,0.08688510525373296,0.41216217411602607,1.0340957704028897,0.2779219389369779,1.1683360055819376,10,normalized_compact_thermal,ridge
10,37.5,0.6564547299146015,0.9402368088691455,0.6120094439118446,1.2684641738264464,0.722027845584955,1.121311243323955,0.7602973205314774,1.4823251661164325,1.056494986489418,-0.4079490794168166,0.06481625683453701,0.08225750587598832,0.09406506353696491,0.38536356302667735,1.0586921281432327,0.2768208122624751,1.167234878907435,10,normalized_compact_thermal,ridge
10,37.699999999999996,0.6408212216890212,0.9103788217896314,0.5899682109451208,1.230789432634142,0.6937538060706451,1.0696841476536194,0.7228072446182969,1.416561050688942,1.0564174655273881,-0.4081211008030985,0.013266682126231204,0.04248297309451328,0.08181576029339217,0.4009304856429635,0.9865771264983266,0.24854677274816517,1.138960839393125,10,normalized_compact_thermal,ridge
10,37.9,0.49713900701750063,0.9808456391632263,0.7322761356544759,1.2294151426719766,0.6696517464684806,1.0571985351299755,0.7223726618957352,1.392024408364216,1.0564870909578061,-0.4080682241950465,0.0007114441721694084,0.007070741074418373,0.06633955419400124,0.4322186594309885,0.9070848335059727,0.22444471314600067,1.1148587797909606,10,normalized_compact_thermal,ridge
10,38.099999999999994,0.5575984158941445,0.9328327948780282,0.6540335869309559,1.2116320028251004,0.6924527985196262,1.0840850677439484,0.7378586684841353,1.4303114670037615,1.056894213715078,-0.4072836617147615,0.027190854028870396,0.03976845748856343,0.10185100158860738,0.3279221950379662,1.056983402001286,0.24724576519714625,1.137659831842106,10,normalized_compact_thermal,ridge
10,38.3,0.5523926372273174,0.9404138212961131,0.6642175026824543,1.2166101399097717,0.6872404834817243,1.1133347159722076,0.7697144742313454,1.4569549577130698,1.0567283829593312,-0.40769598902086346,0.05660633301287639,0.03262498974444509,0.08205456740386466,0.3935624586452647,0.980918508318184,0.24203345015924438,1.1324475168042043,10,normalized_compact_thermal,ridge
10,38.5,0.7598614042405709,0.9700150940323834,0.5900843919120979,1.3499457961526689,0.737658345698275,1.1317647058954476,0.7629355330463101,1.5005938787445852,1.0570168335987438,-0.4070677579331125,0.07474787229670378,0.10279325015046839,0.10499507575542205,0.3618749196076694,1.1134417717888807,0.29245131237579514,1.1828653790207548,10,normalized_compact_thermal,ridge
10,38.699999999999996,0.6101715457355114,0.9394872481232337,0.634401475255478,1.2445730209909893,0.7703422202153465,1.1455781759257069,0.7604070658180336,1.5307492860333802,1.057305284238156,-0.4064395268453615,0.08827289168755079,0.14551910581404615,0.12520360409957618,0.32223130673756983,1.218453133693123,0.3251351868928666,1.2155492535378265,10,normalized_compact_thermal,ridge
10,38.9,0.6940333849460065,0.8817415343719608,0.5347248418989575,1.228758226844964,0.7170852679023196,1.086782888706111,0.7282402547549512,1.4453255226572708,1.0574482221616477,-0.4062550492426673,0.029334666544463425,0.07369452694461023,0.09564225141026567,0.37477613906574486,1.0593943967388944,0.27187823457983973,1.1622923012247997,10,normalized_compact_thermal,ridge
10,39.099999999999994,0.9375438559566008,0.7597416802828658,0.2909697523045654,1.2285136082611663,0.6921689748557083,1.0760060848498265,0.7299215974219724,1.4220905722776807,1.0575911600851393,-0.4060705716399732,0.018414924764687136,0.03814540178510922,0.08618882729664788,0.383694195641186,1.0006437540702304,0.24696194153322837,1.137376008178188,10,normalized_compact_thermal,ridge
10,39.3,0.8413130087840622,0.837747748844472,0.41709124445244083,1.2584042532365032,0.6962688013340218,1.1013706845141793,0.7532362838471685,1.4495050851811901,1.0576519962040494,-0.40581396435655637,0.04371868831012998,0.04379447996266134,0.0946524100030822,0.357502371929792,1.0350352307382515,0.2510617680115419,1.1414758346565017,10,normalized_compact_thermal,ridge
10,39.5,0.6217054384336091,1.0008839203430484,0.6900312011262437,1.3117366395598529,0.7121986568934668,1.0880284619214469,0.7319291334747134,1.4441277903681802,1.0577128323229592,-0.40555735707313967,0.030315629598487586,0.0661589630770563,0.07977291203123354,0.42668680810780246,0.9977105056791312,0.26699162357098694,1.1574056902159469,10,normalized_compact_thermal,ridge
10,39.699999999999996,0.6897990783471591,0.9773911190613664,0.6324915798877868,1.322290658234946,0.7268734407200826,1.0992806467883725,0.7358439264283312,1.4627173671484137,1.057746298132508,-0.40521623543260826,0.041534348655864306,0.08621333453806587,0.0911527355405457,0.40063254787336944,1.0531143335667958,0.28166640739760274,1.1720804740425625,10,normalized_compact_thermal,ridge
10,39.9,0.579733363615311,0.9510812717131184,0.6612145899054629,1.240947953520774,0.7379588795591638,1.112904227165373,0.7439247873857912,1.481883666944955,1.057779763942057,-0.40487511379207686,0.05512446322331603,0.1010079391035443,0.09672293611376002,0.39178191789823064,1.084135841220097,0.29275184623668393,1.1831659128816439,10,normalized_compact_thermal,ridge
10,40.099999999999994,0.8884282891209146,1.0643097696378563,0.620095625077399,1.5085239141983136,0.6987042591865125,1.0763481591618904,0.7269960295686342,1.4257002887551466,1.0578829512856143,-0.4046297902227515,0.018465207876276108,0.04610207265350741,0.09253954437261823,0.36749989761996255,1.0299086207530623,0.25349722586403256,1.1439112925089923,10,normalized_compact_thermal,ridge
10,40.3,0.9187799301978148,1.167174600757892,0.7077846356589845,1.6265645658567993,0.7692006825726461,1.1768108232380532,0.7922104819517302,1.5614111645243762,1.057779763942057,-0.40487511379207686,0.11903105929599632,0.1424717359041058,0.08239045489595807,0.47432049704768076,1.0640808680976113,0.32399364925016616,1.2144077158951259,10,normalized_compact_thermal,ridge
10,40.5,0.57593404224902,0.9540028265027527,0.6660358053782428,1.2419698476272627,0.7686923782931098,1.120767414560985,0.73642122541443,1.5051136037075399,1.0578829512856143,-0.4046297902227515,0.0628844632753707,0.14156537248619727,0.1294844821600076,0.30525995556691526,1.2321248010193042,0.32348534497062986,1.2138994116155897,10,normalized_compact_thermal,ridge
10,40.699999999999996,0.4983942130829573,0.9356543385020777,0.6864572319605992,1.1848514450435563,0.7423358780316645,1.1692562141309732,0.798088275115141,1.5404241531468055,1.0579861386291716,-0.40438446665342603,0.11127007550180165,0.10643099422727734,0.09358372076973745,0.407394348972932,1.077277407090397,0.29712884470918455,1.1875429113541442,10,normalized_compact_thermal,ridge
10,40.9,0.6957297682646469,0.9920004343378532,0.6441355502055298,1.3398653184701768,0.7981959500083889,1.1877418278261194,0.7886438528219248,1.586839802830314,1.0578829512856143,-0.4046297902227515,0.12985887654050518,0.1792286299365738,0.08826913073795695,0.48227564490745073,1.114116255109327,0.35298891668590904,1.2434029833308688,10,normalized_compact_thermal,ridge
10,41.099999999999994,0.48633999157398283,0.9421664171638684,0.698996421376877,1.18533641295086,0.757262091923483,1.1216876381702503,0.7430565922085088,1.5003186841319918,1.057779763942057,-0.40487511379207686,0.06390787422819341,0.126829252795122,0.09020633218606214,0.43440843121554096,1.0801157526314251,0.31205505860100313,1.202469125245963,10,normalized_compact_thermal,ridge
10,41.3,0.5367340317854326,0.9359092218783702,0.6675422059856538,1.2042762377710865,0.7587650792122149,1.1150856631679988,0.7357031235618914,1.4944682027741063,1.0578046472499862,-0.40515296283362,0.0572810159180126,0.1290898997835127,0.09830640737069068,0.40692078268091597,1.1106093757435138,0.313558045889735,1.2039721125346947,10,normalized_compact_thermal,ridge
10,41.5,0.9258388006390402,0.8161241637778156,0.35320476345829543,1.2790435640973357,0.7206943062756023,1.0733045563532726,0.7129574032154715,1.4336517094910737,1.0577523099810189,-0.40496163318198997,0.015552246372253633,0.0774214158293064,0.09058357607763011,0.39649046794242193,1.0448981446087826,0.27548727295312236,1.1659013395980822,10,normalized_compact_thermal,ridge
10,41.699999999999996,0.6304538599390368,0.9530121942076235,0.6377852642381051,1.268239124177142,0.7951160195710092,1.1369882774165478,0.7394302676310432,1.5345462872020526,1.0576835783304972,-0.4053373852436367,0.0793046990860507,0.17607014683543382,0.09518715897543299,0.4544356927817581,1.1357963463602603,0.3499089862485293,1.2403230528934892,10,normalized_compact_thermal,ridge
10,41.9,1.3272942715565712,1.0091427101717132,0.34549557439342754,1.6727898459499988,0.7850617703190693,1.0503884200186357,0.6578575348591011,1.4429193051781704,1.0577523099810189,-0.40496163318198997,-0.007363889962383178,0.16296875719104603,0.12549783941141107,0.3358977717059886,1.23422576893215,0.3398547369965894,1.2302688036415492,10,normalized_compact_thermal,ridge
10,42.099999999999994,0.790139584112092,1.1043868897730398,0.7093170977169937,1.4994566818290858,0.8022136984545171,1.1637834436746313,0.7626765944473728,1.5648902929018897,1.0576835783304972,-0.4053373852436367,0.10609986534413404,0.18495713556050403,0.09896020478982172,0.44802942328743367,1.1563979736216004,0.35700666513203716,1.247420731776997,10,normalized_compact_thermal,ridge
10,42.3,0.8248662172768384,1.0893630615411276,0.6769299529027083,1.5017961701795468,0.8176382811129195,1.1794028866160973,0.7705837460596375,1.5882220271725571,1.0576148466799753,-0.40571313730528336,0.12178803993612207,0.20437789799856632,0.10227254607788144,0.4515989456141693,1.1836776166116696,0.37243124779043957,1.2628453144353995,10,normalized_compact_thermal,ridge
10,42.5,0.5372798347727097,0.9819208830475703,0.7132809656612155,1.2505608004339253,0.7620972539975513,1.1000898207016008,0.7190411937028252,1.4811384477003764,1.0575381534055739,-0.40571519753075935,0.04255166729602697,0.1340340960093099,0.10294958465845175,0.3936347584070376,1.130559749588065,0.31689022067507144,1.2073042873200313,10,normalized_compact_thermal,ridge
10,42.699999999999996,0.4269518771123401,0.9942455399708837,0.7807696014147136,1.2077214785270538,0.7333447140839434,1.0607754838252008,0.6941031267832292,1.4274478408671725,1.0576345855090052,-0.40541527535970856,0.0031408983161956647,0.09527586614082471,0.13614235897052515,0.2460833666168067,1.22060606155108,0.2881376807614635,1.1785517474064233,10,normalized_compact_thermal,ridge
10,42.9,0.5741569267287022,0.9479860485427917,0.6609075851784405,1.2350645119071428,0.7174595547704552,1.0704108905972523,0.7116811132120247,1.4291406679824799,1.057695421627915,-0.40515866807629175,0.01271546896933726,0.07311996548119981,0.10035828937900487,0.35827145429911134,1.076647655241799,0.2722525214479753,1.162666588092935,10,normalized_compact_thermal,ridge
10,43.099999999999994,0.6347095569191514,0.9034953734056257,0.58614059494605,1.2208501518652013,0.7582598761890351,1.0555593083941153,0.6764293702995977,1.4346892464886327,1.057756257746825,-0.40490206079287505,-0.002196949352709675,0.1281729532719008,0.11991714861456644,0.3290694915050085,1.1874502608730617,0.3130528428665552,1.2034669095115151,10,normalized_compact_thermal,ridge
10,43.3,0.7621775551219186,0.918417115206965,0.5373283376460056,1.2995058927679244,0.7265174342137876,1.094736554914074,0.7314778378071802,1.4579952720209677,1.057695421627915,-0.40515866807629175,0.03704113328615896,0.08566586935790158,0.08650621198465303,0.4169067169127488,1.0361281515148264,0.28131040089130765,1.1717244675362675,10,normalized_compact_thermal,ridge
10,43.5,0.6727262737285064,0.9721490719270354,0.6357859350627822,1.3085122087912886,0.7440459849671198,1.1005523525586978,0.7285293600751379,1.4725753450422576,1.057756257746825,-0.40490206079287505,0.04279609481187294,0.10924962248531464,0.12570727242895213,0.2941324135164386,1.1939595564178012,0.2988389516446399,1.1892530182895997,10,normalized_compact_thermal,ridge
10,43.699999999999996,0.6848703640313875,1.0640853882955632,0.7216502062798695,1.406520570311257,0.7444935789971078,1.0726599769306697,0.7004131874321158,1.4449067664292237,1.0578303077277251,-0.4047657423043727,0.01482966920294461,0.10971469082496746,0.12084336531880768,0.31198821135871013,1.1769989466355053,0.29928654567462787,1.1897006123195877,10,normalized_compact_thermal,ridge
10,43.9,0.6210978290700077,0.9937774450286816,0.6832285304936777,1.3043263595636854,0.7780842434041196,1.1454115439223034,0.7563694222202435,1.5344536656243632,1.0577791702973702,-0.4048340072685493,0.08763237362493324,0.15391352861316673,0.10044165097067674,0.4185977869927716,1.1375706998154675,0.33287721008163973,1.2232912767265995,10,normalized_compact_thermal,ridge
10,44.099999999999994,0.6364485641180385,0.9763855387681666,0.6581612567091474,1.294609820827186,0.8325802954156445,1.1122341034476846,0.6959439557398623,1.5285242511555068,1.0578681356813195,-0.40465338791785244,0.05436596776636503,0.22142777708894362,0.13313143353079238,0.35609522359101303,1.309065367240276,0.3873732620931646,1.2777873287381243,10,normalized_compact_thermal,ridge
10,44.3,0.5249839637498314,0.9482245577762718,0.6857325759013562,1.2107165396511874,0.7538942910759768,1.071616013480557,0.6946688679425685,1.4485631590185455,1.057957101065269,-0.4044727685671555,0.013658912415287962,0.12196965025241766,0.1074627321824222,0.36927898044335034,1.1385096017086034,0.3086872577534969,1.1991013243984567,10,normalized_compact_thermal,ridge
10,44.5,0.6014586824890188,0.9143155425358471,0.6135862012913378,1.2150448837803565,0.7385854904904782,1.0638578245313035,0.6945650792860645,1.4331505697765425,1.0578681356813195,-0.40465338791785244,0.005989688849984026,0.10163496655044062,0.09293160633183148,0.40597791658074994,1.0711930644002063,0.29337845716799826,1.183792523812958,10,normalized_compact_thermal,ridge
10,44.699999999999996,0.45949067949053135,0.9809920808353828,0.7512467410901171,1.2107374205806485,0.6836979993814172,1.0145435838833436,0.6726945841926351,1.3563925835740522,1.0577791702973702,-0.4048340072685493,-0.04323558641402664,0.024595027037504744,0.07775872476097506,0.40539504289627315,0.9620009558665612,0.23849096605893727,1.128905032703897,10,normalized_compact_thermal,ridge
10,44.9,0.6453288234710737,0.9772174587072364,0.6545530469716996,1.2998818704427733,0.7709026857080776,1.0682841487426653,0.6828328058886265,1.4537354915967042,1.0577198087693647,-0.405084582136104,0.010564339973300661,0.1448914504736384,0.10193673752328894,0.40606522837596887,1.1357401430401863,0.3256956523855977,1.2161097190305576,10,normalized_compact_thermal,ridge
10,45.099999999999994,0.5619118690928797,0.9328201954342337,0.6518642608877939,1.2137761299806735,0.6904412495764743,1.0379691755940645,0.6927485508058273,1.3831898003823018,1.0577791702973702,-0.4048340072685493,-0.019809994703305783,0.03440961362956845,0.08627829036668375,0.3816462768793075,0.9992362222736412,0.24523421625399444,1.1356482828989543,10,normalized_compact_thermal,ridge
10,45.3,0.7059709000292759,0.909389071202877,0.556403621188239,1.262374521217515,0.6704233699767492,0.9998277398151486,0.664616054826774,1.3350394248035231,1.0578681356813195,-0.40465338791785244,-0.05804039586617095,0.004807517246522668,0.09108343719378104,0.34443049990617364,0.9964162400473249,0.22521633665426932,1.115630403299229,10,normalized_compact_thermal,ridge
10,45.5,0.8705355962886977,0.730687854388784,0.2954200562444352,1.165955652533133,0.7534504278794408,1.128155707727712,0.7514304937879916,1.5048809216674324,1.0577791702973702,-0.4048340072685493,0.07037653743034177,0.12174195504402485,0.08902395944092144,0.4348285473563155,1.072072308402566,0.3082433945569609,1.1986574612019207,10,normalized_compact_thermal,ridge
10,45.699999999999996,0.6680233906469786,0.9625763166235322,0.6285646213000429,1.2965880119470214,0.7641085137072228,1.1050955585935993,0.7230413017399879,1.4871498154472107,1.0578681356813195,-0.40465338791785244,0.04722742291227977,0.13560792166460953,0.09710983983958324,0.41654680131763877,1.1116702260968068,0.31890148038474286,1.2093155470297026,10,normalized_compact_thermal,ridge
10,45.9,0.7198320950500401,0.9743546504593046,0.6144386029342844,1.3342706979843246,0.7414291886018581,1.0460419867930035,0.6753273924920744,1.4167565810939327,1.057957101065269,-0.4044727685671555,-0.01191511427226562,0.10529714910027699,0.11519888779205223,0.3291257312743453,1.153732645929371,0.29622215527937823,1.186636221924338,10,normalized_compact_thermal,ridge
10,46.099999999999994,0.5069147663072718,1.0044872285165,0.7510298453628642,1.257944611670136,0.7260843975085454,1.0602984021218445,0.6972562033675718,1.4233406008761171,1.0579716198472204,-0.4044286176102908,0.0023267822746239532,0.08433959670821137,0.09828695157131098,0.3743097344042965,1.0778590606127942,0.28087736418606546,1.1712914308310252,10,normalized_compact_thermal,ridge
10,46.3,0.7700505095935758,0.9136554695407351,0.5286302147439471,1.298680724337523,0.7317333827256158,1.0666284782642894,0.7007617869014815,1.4324951696270973,1.0579861386291716,-0.40438446665342603,0.008642339635117829,0.09204540403512912,0.10399658778492364,0.3595236026156863,1.1039431628355454,0.2865263494031359,1.1769404160480956,10,normalized_compact_thermal,ridge
10,46.5,0.5021360254084657,0.9597198176164676,0.7086518049122347,1.2107878303207005,0.6827320918787394,1.048829020777177,0.7074629748378074,1.3901950667165468,1.058318504042402,-0.4037514219173267,-0.009489483265224728,0.022098673547335284,0.09285717450702113,0.3503909137588724,1.0150732699986065,0.2375250585562595,1.1279391252012192,10,normalized_compact_thermal,ridge
10,46.699999999999996,0.4727660230873074,0.9790664446574207,0.7426834331137669,1.2154494562010743,0.7296150634140374,1.0413535796044373,0.6765460478974186,1.406161111311456,1.058650869455632,-0.4031183771812274,-0.01729728985119479,0.08788018287277963,0.09737627147620916,0.3810997768448086,1.0781303499832662,0.28440803009155746,1.1748220967365173,10,normalized_compact_thermal,ridge
10,46.9,0.48547867231741987,0.9783086295211936,0.7355692933624837,1.2210479656799036,0.6754007172298431,1.0353881400340277,0.6976877814191061,1.3730884986489493,1.058318504042402,-0.4037514219173267,-0.022930364008374317,0.01130231281952973,0.08700198795682502,0.3640155891571013,0.9867858453025848,0.23019368390736317,1.120607750552323,10,normalized_compact_thermal,ridge
10,47.099999999999994,0.5682177864280662,0.9322390748172472,0.6481301816032141,1.2163479680312803,0.7495702246661703,1.0253206575561495,0.6505355452230643,1.4001057698892347,1.0579861386291716,-0.40438446665342603,-0.03266548107302206,0.11612919617660097,0.09993841305663832,0.3918848857464326,1.107255563585908,0.3043631913436904,1.1947772579886502,10,normalized_compact_thermal,ridge
10,47.3,0.5153589150124387,0.9336624436518082,0.6759829861455888,1.1913419011580275,0.683989896545468,1.0338916000791216,0.6918966518063876,1.3758865483518556,1.0579716198472204,-0.4044286176102908,-0.024080019768098787,0.02461648500925331,0.09362503069874921,0.3489005168704671,1.019079276220469,0.23878286322298814,1.1291969298679478,10,normalized_compact_thermal,ridge
10,47.5,0.626771102145284,0.9791314984686246,0.6657459473959827,1.2925170495412666,0.6893771204160855,1.022685717284472,0.6779971570764294,1.3673742774925148,1.057957101065269,-0.4044727685671555,-0.035271383780796986,0.03250595544094406,0.09526212112149052,0.3484284997866716,1.0303257410454993,0.24417008709360555,1.1345841537385652,10,normalized_compact_thermal,ridge
10,47.699999999999996,0.6379697536935133,0.9615763064505286,0.642591429603772,1.2805611832972852,0.7429018043329008,1.0481362241878756,0.6766853220214252,1.419587126354326,1.0579716198472204,-0.4044286176102908,-0.009835395659344888,0.10723721355251772,0.1296197209385182,0.27898535422577075,1.2068182544400308,0.29769477101042086,1.1881088376553808,10,normalized_compact_thermal,ridge
10,47.9,0.7985615581393106,0.8567977468379768,0.4575169677683215,1.2560785259076321,0.7339745168199522,1.1025500049287493,0.7355627465187733,1.4695372633387254,1.0579861386291716,-0.40438446665342603,0.04456386629957777,0.09510349745416495,0.10237262977261609,0.3675769760107853,1.100372057629119,0.2887674834974723,1.179181550142432,10,normalized_compact_thermal,ridge
10,48.099999999999994,0.5775156839417219,0.9494718535564244,0.6607140115855633,1.2382296955272853,0.7504859508072883,1.0925909733792354,0.7173479979755912,1.4678339487828795,1.058318504042402,-0.4037514219173267,0.03427246933683338,0.11671707405639153,0.10883582894747082,0.36095624773281193,1.1400156538817647,0.3052789174848084,1.195692984129768,10,normalized_compact_thermal,ridge
10,48.3,0.6856398013204029,0.9497044125801567,0.6068845119199553,1.292524313240358,0.7522188057447183,1.068300216573953,0.6921908137015939,1.4444096194463123,1.058452931568998,-0.40387828586151986,0.009847285004955113,0.11915025359315295,0.11302185119243571,0.3477070878511026,1.156730523638334,0.3070117724222384,1.1974258390671983,10,normalized_compact_thermal,ridge
10,48.5,0.954888529151851,1.1544495508326464,0.677005286256721,1.631893815408572,0.7454348452272341,1.0006293097387176,0.6279118871251005,1.3733467323523345,1.0583840114353742,-0.40392613702825786,-0.05775470169665667,0.11013859101669374,0.10009016288020905,0.3872063849449014,1.1036633055095668,0.3002278119047542,1.1906418785497141,10,normalized_compact_thermal,ridge
10,48.699999999999996,0.7296768513326235,1.0285247881734345,0.6636863625071228,1.3933632138397465,0.7135329372620872,1.035918599875276,0.6791521312442323,1.3926850685063197,1.05846082710061,-0.4037591410832899,-0.02254222722533386,0.06623246089873094,0.10453789935422575,0.3393857718545017,1.0876801026696727,0.2683259039396073,1.1587399705845671,10,normalized_compact_thermal,ridge
10,48.9,0.7330014446863483,0.9719021052920178,0.6054013829488437,1.338402827635192,0.672135849166611,1.0398381599726052,0.7037702353892997,1.3759060845559108,1.058555848278121,-0.4034387591322587,-0.018717688305515734,0.006143956740332676,0.08449355416964592,0.3697285501576186,0.9745431481756033,0.22692881584413105,1.117342882489091,10,normalized_compact_thermal,ridge
10,49.099999999999994,0.6236278486896464,0.9942993832145224,0.6824854588696992,1.3061133075593456,0.7384850116999321,1.043633719106929,0.6743912132569629,1.412876224956895,1.058650869455632,-0.4031183771812274,-0.015017150348703124,0.0999639043652868,0.10732513775343319,0.35436215945703914,1.122607863942825,0.2932779783774522,1.183692045022412,10,normalized_compact_thermal,ridge
10,49.3,0.6694741741471428,1.0767302635364342,0.7419931764628628,1.4114673506100055,0.7053711518550121,1.0326566379095588,0.6799710619820527,1.3853422138370648,1.0587358391163493,-0.40296752461248175,-0.026079201206790588,0.05393636644492317,0.09650186502133083,0.3599854163723061,1.0507568873377182,0.2601641185325322,1.1505781851774919,10,normalized_compact_thermal,ridge
10,49.5,0.6507206331056011,0.9994612905545446,0.674100974001744,1.324821607107345,0.7000079850916981,0.9919964545829906,0.6419924620371416,1.3420004471288396,1.0588208087770663,-0.40281667204373617,-0.06682435419407576,0.046153135313795855,0.09967890586783001,0.3432514373538697,1.0567645328295265,0.25480095176921824,1.145215018414178,10,normalized_compact_thermal,ridge
10,49.699999999999996,0.5066559393258881,0.9889680862122416,0.7356401165492977,1.2422960558751857,0.6478214558463298,0.985613363324273,0.6617026354011081,1.3095240912474377,1.0587358391163493,-0.40296752461248175,-0.07312247579207637,-0.031172627084391398,0.08850823022633343,0.33104539989924786,0.9645975117934117,0.20261442252384987,1.0930284891688098,10,normalized_compact_thermal,ridge
10,49.9,0.9925359474686276,1.124356835039136,0.6280888613048222,1.6206248087734498,0.722064717672134,1.0467147273313349,0.6856823684952679,1.4077470861674017,1.058650869455632,-0.4031183771812274,-0.011936142124297115,0.07747786973979623,0.08448954225166945,0.4196717775487517,1.0244576577955162,0.2768576843496541,1.167271750994614,10,normalized_compact_thermal,ridge
10,50.099999999999994,0.7842866909382846,0.9323275046053461,0.5401841591362038,1.3244708500744884,0.7109352862319954,0.9874095592900654,0.6319419161740676,1.3428772024060631,1.0587358391163493,-0.40296752461248175,-0.07132627982628388,0.06179365333338763,0.08952582864074342,0.39051718692430754,1.0313533855396833,0.2657282529095155,1.1561423195544753,10,normalized_compact_thermal,ridge
10,50.3,0.9848230865172968,1.1227172534979872,0.630305710239339,1.6151287967566357,0.6733118047601729,1.0311159142618647,0.6944600118817782,1.3677718166419512,1.0588208087770663,-0.40281667204373617,-0.02770489451520156,0.007269921149132448,0.08932843041385084,0.35360020508089335,0.9930234044394526,0.22810477143769303,1.118518838082653,10,normalized_compact_thermal,ridge
10,50.5,0.6904331974307386,1.0054712722889942,0.6602546735736249,1.3506878710043635,0.7610385587271816,1.0820678227354452,0.7015485433718545,1.462587102099036,1.0587358391163493,-0.40296752461248175,0.02333198361909595,0.1298962707066931,0.11140450548890836,0.36231541430019387,1.1597617031541694,0.3158315254047017,1.2062455920496615,10,normalized_compact_thermal,ridge
10,50.699999999999996,0.7737621633157334,1.0647760887926208,0.677895007134754,1.4516571704504875,0.7812954227335621,1.0772143426483491,0.6865666312815681,1.4678620540151301,1.0588208087770663,-0.40281667204373617,0.018393533871282786,0.15601473352104175,0.12355843853825038,0.33907265159649286,1.2235181938706314,0.3360883894110822,1.226502456056042,10,normalized_compact_thermal,ridge
10,50.9,0.7412407109982327,1.1056612159317094,0.7350408604325929,1.4762815714308257,0.7166362447522107,1.066299797336243,0.7079816749601375,1.4246179197123483,1.0587358391163493,-0.40296752461248175,0.007563958219893734,0.06978062799998949,0.07779677392011902,0.43819710813404505,0.9950753813703763,0.27142921142973075,1.1618432780746906,10,normalized_compact_thermal,ridge
10,51.099999999999994,0.9006929774994382,0.8999111175661643,0.4495646288164452,1.3502576063158833,0.7698854569664438,1.0734695195707395,0.6885267910875177,1.4584122480539614,1.058650869455632,-0.4031183771812274,0.01481865011510743,0.14160484479493562,0.11151826846437582,0.37075514829507755,1.1690157656378102,0.32467842364396393,1.2150924902889237,10,normalized_compact_thermal,ridge
10,51.3,0.6730634728814868,1.0190838198944736,0.6825520834537303,1.355615556335217,0.6243973406438754,0.966556159965627,0.6543574896436893,1.2787548302875646,1.0587358391163493,-0.40296752461248175,-0.09217967915072224,-0.06800082479594355,0.10836418489417289,0.23655567881293715,1.0122390024748138,0.17919030732139551,1.0696043739663552,10,normalized_compact_thermal,ridge
10,51.5,0.8352731155618064,1.2069007093422843,0.7892641515613811,1.6245372671231875,0.6832771992327062,1.054197658005539,0.7125590583891859,1.3958362576218921,1.058650869455632,-0.4031183771812274,-0.004453211450092958,0.022263730824814403,0.10405825687334098,0.3108467019018726,1.05570769656354,0.23807016591022634,1.128484232555186,10,normalized_compact_thermal,ridge
10,51.699999999999996,0.6697485300200033,1.0208860310062224,0.6860117659962207,1.3557602960162243,0.7148590117193702,1.0668527863087127,0.7094232804490277,1.4242822921683977,1.058615990449749,-0.40329110269296237,0.008236795858963681,0.0676211605545621,0.0821693882028494,0.4207700366272104,1.0089479868115299,0.26965197839689026,1.16006604504185,10,normalized_compact_thermal,ridge
10,51.9,0.7239760536648497,1.0431564204868335,0.6811683936544088,1.4051444473192585,0.6697177911690175,0.9615489208107667,0.6266900252262579,1.2964078163952755,1.058650869455632,-0.4031183771812274,-0.09710194864486535,0.0022195146410059763,0.09373792325164676,0.3342243625421707,1.0052112197958643,0.22451075784653762,1.1149248244914975,10,normalized_compact_thermal,ridge
10,52.099999999999994,0.5131549883555955,1.0049305831565163,0.7483530889787187,1.2615080773343141,0.7011584278069302,1.0298958233504016,0.6793166094469365,1.3804750372538668,1.0587318913505432,-0.4030270970015968,-0.028836068000141636,0.048005682096960864,0.10273582006016621,0.33346100803109313,1.0688558475827672,0.25595139448445026,1.14636546112941,10,normalized_compact_thermal,ridge
10,52.3,0.6362085923654044,1.0583632428515322,0.7402589466688299,1.3764675390342342,0.7224097857712393,1.0642692432365668,0.7030643503509472,1.4254741361221863,1.0586429739240202,-0.40323752195945733,0.005626269312546563,0.07807479118330737,0.09700839791939925,0.37521113985921795,1.0696084316832606,0.27720275244875936,1.1676168190937193,10,normalized_compact_thermal,ridge
10,52.5,0.6591872824410983,0.9881557858205643,0.658562144600015,1.3177494270411134,0.7103228110157215,1.014546844890717,0.6593854393828562,1.3697082503985776,1.058612042683943,-0.40335067508207734,-0.04406519779322596,0.06131492620963968,0.08903675825299218,0.39165512280670967,1.0289904992247334,0.26511577769324157,1.1555298443382014,10,normalized_compact_thermal,ridge
10,52.699999999999996,0.7068300798730206,1.0347243157736017,0.6813092758370916,1.388139355710112,0.7431690325019888,1.039478205374088,0.6678936891230937,1.4110627216250826,1.058581111443866,-0.4034638282046973,-0.019102906069777846,0.1066320680687948,0.0984821538196432,0.39069572930313456,1.0956423357008431,0.29796199917950894,1.1883760658244689,10,normalized_compact_thermal,ridge
10,52.9,0.6418068485518611,0.9831602789214327,0.6622568546455022,1.3040637031973632,0.6962938993012863,1.0156315194190186,0.6674845697683756,1.3637784690696617,1.058612042683943,-0.40335067508207734,-0.0429805232649242,0.041367236414892816,0.10669670688480533,0.31442023734827107,1.0781675612543014,0.25108686597880636,1.1415009326237662,10,normalized_compact_thermal,ridge
10,53.099999999999994,0.9848916882890965,1.0086930782907433,0.5162472341461951,1.5011389224352916,0.6716917683561945,1.0522026995922404,0.7163568154141432,1.3880485837703378,1.0586429739240202,-0.40323752195945733,-0.00644027433177971,0.005281800234142195,0.0799982270697944,0.3853735040645556,0.9580100326478334,0.22648473503371458,1.1168988016786745,10,normalized_compact_thermal,ridge
10,53.3,0.6485758888635962,0.9541749400743951,0.6298869956425969,1.2784628845061934,0.7317102215265007,1.0882160209965976,0.7223609102333473,1.454071131759848,1.058612042683943,-0.40335067508207734,0.029603978312654756,0.09097995945159768,0.09912443920899618,0.37693814190977676,1.0864823011432245,0.28650318820402076,1.1769172548489806,10,normalized_compact_thermal,ridge
10,53.5,0.5513722917139532,0.9973080857020309,0.7216219398450543,1.2729942315590075,0.7070178741531523,1.0383325288939889,0.6848235918174127,1.3918414659705651,1.0586429739240202,-0.40323752195945733,-0.020310445030031272,0.0565381902419437,0.09745341800026663,0.3582264757290321,1.0558092725772725,0.2618108408306724,1.1522249074756323,10,normalized_compact_thermal,ridge
10,53.699999999999996,0.7117514786297799,0.959794033509336,0.603918294194446,1.315669772824226,0.7533876460824844,1.0189451153222686,0.6422512922810264,1.3956389383635108,1.0586112453497807,-0.4032132145886883,-0.039666130027512,0.12003783317560993,0.1070935747367539,0.370093571219269,1.1366817209456999,0.3081806127600045,1.1985946794049642,10,normalized_compact_thermal,ridge
10,53.9,0.7580467525386322,0.9598729211665559,0.5808495448972397,1.338896297435872,0.6880334422475828,0.9815192613797089,0.6375025402559176,1.3255359825035002,1.0586962150104977,-0.40306236201994267,-0.07717695363078884,0.029144527707821014,0.10299635345264754,0.3194035584477595,1.056663326047406,0.24282640892510288,1.1332404755700627,10,normalized_compact_thermal,ridge
10,54.099999999999994,0.7178370357635243,0.9290110705384711,0.570092552656709,1.2879295884202333,0.6531567535632138,0.9997287605226609,0.673150383741054,1.3263071373042679,1.0587600216199216,-0.4027829725494141,-0.059031261097260646,-0.023155154565528975,0.09587601521683847,0.31001097059312005,0.9963025365333076,0.20794972024073388,1.0983637868856937,10,normalized_compact_thermal,ridge
10,54.3,1.0868967291602063,0.7973509325719639,0.2539025679918608,1.340799297152067,0.679835721230949,1.03594817996587,0.6960303193503956,1.3758660405813445,1.0588238282293454,-0.40250358307888556,-0.02287564826347525,0.016599486655124725,0.08598290481434298,0.3720979504461352,0.9875734920157628,0.23462868790846914,1.125042754553429,10,normalized_compact_thermal,ridge
10,54.5,0.8291895608854842,1.1047031283184034,0.6901083478756612,1.5192979087611456,0.714404715299155,1.0105730485671658,0.6533706909175883,1.3677754062167433,1.0589096634688766,-0.4023410314893764,-0.048336614901710886,0.06603538241050524,0.10427484588491986,0.3411990334157211,1.0876103971825888,0.26919768197667504,1.1596117486216349,10,normalized_compact_thermal,ridge
10,54.699999999999996,0.5493332602958102,1.0468118672548856,0.7721452371069804,1.3214784974027907,0.6518681917632045,1.0234602203298573,0.697526124448255,1.3493943162114594,1.0588238282293454,-0.40250358307888556,-0.03536360789948813,-0.0254093142860456,0.07397870898815523,0.38709412953873645,0.9166422539876726,0.20666115844072463,1.0970752250856846,10,normalized_compact_thermal,ridge
10,54.9,0.6474570599546249,1.037523553505246,0.7137950235279337,1.3612520834825586,0.7300876785080287,1.0315977432032784,0.6665539039492641,1.3966415824572926,1.0587600216199216,-0.4027829725494141,-0.027162278416643183,0.08819232804262496,0.10092556770645435,0.3688692562153788,1.0913061008006786,0.2848806451855488,1.1752947118305086,10,normalized_compact_thermal,ridge
10,55.099999999999994,0.5945884282114101,0.9970466495095045,0.6997524354037995,1.2943408636152096,0.6709444313952981,1.019402809288146,0.6839305935904969,1.354875024985795,1.0586962150104977,-0.40306236201994267,-0.03929340572235182,0.00399340196809371,0.08791162635712078,0.35630365507327105,0.9855852077173253,0.22573739807281823,1.116151464717778,10,normalized_compact_thermal,ridge
10,55.3,0.471742066685299,0.983081917360259,0.7472108840176095,1.2189529507029084,0.6669518564901402,1.0386249556470417,0.7051490274019716,1.3721008838921118,1.0586112453497807,-0.4032132145886883,-0.01998628970273897,-0.001824200258069071,0.08692182564368911,0.35585363395517555,0.9780500790251049,0.2217448231676603,1.11215888981262,10,normalized_compact_thermal,ridge
10,55.5,0.8504041245262233,0.8139165400569708,0.3887144777938592,1.2391186023200824,0.7012300578671492,0.9805900018540294,0.6299749729204549,1.331205030787604,1.0586962150104977,-0.40306236201994267,-0.07810621315646821,0.04814310149123486,0.1026493636965192,0.33384207039854047,1.0686180453357579,0.2560230245446693,1.146437091189629,10,normalized_compact_thermal,ridge
10,55.699999999999996,0.4803700005876006,0.9901354063939539,0.7499504061001536,1.2303204066877542,0.7059330443008597,1.0135894834917059,0.660622961341276,1.3665560056421358,1.0586112453497807,-0.4032132145886883,-0.04502176185807481,0.054978330501611,0.09753722232568443,0.35684170536714765,1.0550243832345716,0.2607260109783798,1.1511400776233396,10,normalized_compact_thermal,ridge
10,55.9,0.7120385578310163,1.0370423599277472,0.681023081012239,1.3930616388432553,0.6561950049522268,1.0120011954140395,0.6839036929379261,1.340098697890153,1.0585262756890634,-0.4033640671574339,-0.046525080275023833,-0.017933203408010752,0.07873436930146835,0.3744001604386652,0.9379898494657885,0.21098797162974692,1.1014020382747067,10,normalized_compact_thermal,ridge
10,56.099999999999994,0.7106000324072224,1.02002199553557,0.6647219793319589,1.3753220117391811,0.7062751409338155,0.9814223309051158,0.628284760438208,1.3345599013720235,1.0586112453497807,-0.4032132145886883,-0.07718891444466486,0.05546281521600953,0.1121546891404309,0.3048670459914056,1.1076832358762254,0.2610681076113356,1.1514821742562953,10,normalized_compact_thermal,ridge
10,56.3,0.6436950760378229,1.009777441132953,0.6879299031140415,1.3316249791518644,0.6753324149296055,0.9978576840414168,0.6601914765766141,1.3355238915062195,1.0586962150104977,-0.40306236201994267,-0.06083853096908086,0.010512119250853193,0.0987279182084898,0.3219795068217841,1.0286853230374269,0.2301253816071256,1.1205394482520854,10,normalized_compact_thermal,ridge
10,56.5,0.5225228377116846,0.9731920434012131,0.7119306245453708,1.2344534622570553,0.6259833150622127,0.9784761960543576,0.6654845385232513,1.291467853585464,1.0587201476030854,-0.40300799589093816,-0.08024395154872774,-0.06542356560155588,0.08807622278937197,0.3107534386248838,0.9412131914995416,0.1807762817397328,1.0711903483846927,10,normalized_compact_thermal,ridge
10,56.699999999999996,0.6123721766667883,0.9875183678284094,0.6813322794950153,1.2937044561618036,0.6086523282441316,0.9305576935372252,0.6262315294151594,1.234883857659291,1.058748027961479,-0.4028940573728187,-0.1281903344242538,-0.09361400650163282,0.1079272370450131,0.2223745279428776,0.9949301285453857,0.16344529492165172,1.0538593615666114,10,normalized_compact_thermal,ridge
10,56.9,0.645987002662157,0.9621892537863289,0.6391957524552505,1.2851827551174073,0.6069426455956114,0.971979008121059,0.6685076853232532,1.2754503309188647,1.0587800064467032,-0.40278817880952456,-0.08680099832564428,-0.09653280188777605,0.08055228532271189,0.31864137489117556,0.8952439163000472,0.1617356122731315,1.0521496789180913,10,normalized_compact_thermal,ridge
10,57.099999999999994,0.6023043471810832,1.0012866050534273,0.7001344314628856,1.3024387786439688,0.6611445444571801,1.0184106811547597,0.6878384089261698,1.3489829533833497,1.058744080195673,-0.4029536297619336,-0.04033339904091322,-0.010829157847604486,0.08860099487115383,0.3440364785010584,0.9782526104133018,0.21593751113470017,1.10635157777966,10,normalized_compact_thermal,ridge
10,57.3,0.74388910479029,1.105877749242023,0.7339331968468782,1.477822301637168,0.6564584857637126,0.9322628268428166,0.6040335839609603,1.2604920697246729,1.0587800064467032,-0.40278817880952456,-0.1265171796038867,-0.018107644128061158,0.10047238255813011,0.2968620392300722,1.0160549322973529,0.21125145244123267,1.1016655190861924,10,normalized_compact_thermal,ridge
10,57.5,0.7643201438478288,1.0470565217462997,0.6648964498223854,1.4292165936702141,0.6960420468829271,1.0255990052552997,0.6775779818138361,1.3736200286967633,1.058748027961479,-0.4028940573728187,-0.033149022706179296,0.04054884908847224,0.10006812635141188,0.3378924566069349,1.0541916371589193,0.25083501356044724,1.141249080205407,10,normalized_compact_thermal,ridge
10,57.699999999999996,0.9758554952858955,1.2038072631528558,0.715879515509908,1.6917350107958036,0.7007937869149753,1.0909185479972732,0.7405216545397855,1.4413154414547609,1.0587800064467032,-0.40278817880952456,0.03213854155056983,0.04724657370675169,0.10332648067921404,0.3309823587488816,1.070605215081069,0.2555867535924954,1.1460008202374552,10,normalized_compact_thermal,ridge
10,57.9,0.6103235642043435,1.0710833642788242,0.7659215821766525,1.376245146380996,0.6621968990499412,0.9959567073406178,0.6648582578156472,1.3270551568655884,1.0588159326977336,-0.4026227278571155,-0.06285922535711577,-0.009569608822687127,0.1002259769892663,0.30348235224549514,1.020911445854387,0.21698986572746126,1.1074039323724212,10,normalized_compact_thermal,ridge
10,58.099999999999994,0.6234440062409754,0.987793748162364,0.6760717450418764,1.2995157512828517,0.6931346604475311,1.0149874508778491,0.6684201206540836,1.3615547811016147,1.0588997940543619,-0.40248996246216384,-0.0439123431765128,0.035958979013275626,0.0953159089562341,0.35199353005824036,1.0342757908368219,0.24792762712505123,1.138341693770011,10,normalized_compact_thermal,ridge
10,58.3,0.5318754933323434,0.9695169697084327,0.7035792230422611,1.2354547163746044,0.6730413501317957,0.9835146804571964,0.6469940053912986,1.3200353555230941,1.0588119849319275,-0.4026823002462305,-0.07529730447473115,0.006733790524780507,0.08498375465343208,0.36887959534530057,0.9772031049182908,0.22783431680931576,1.1182483834542756,10,normalized_compact_thermal,ridge
10,58.5,0.6607854939687259,0.9993831840464886,0.6689904370621257,1.3297759310308515,0.6906790253526309,0.9845068088274639,0.6391672961511484,1.3298463215037795,1.0588997940543619,-0.40248996246216384,-0.07439298522689795,0.03240989188153202,0.09070327451851003,0.36604677940235114,1.0153112713029107,0.24547199203015102,1.1358860586751107,10,normalized_compact_thermal,ridge
10,58.699999999999996,0.5657304698769925,1.0248674078127227,0.7420021728742263,1.307732642751219,0.682066624511352,1.0651888571044437,0.7241555448487677,1.4062221693601198,1.0588119849319275,-0.4026823002462305,0.00637687217251612,0.020054364235551247,0.0746665399306719,0.4148307757098435,0.9493024733128606,0.23685959118887212,1.127273657833832,10,normalized_compact_thermal,ridge
10,58.9,0.45695935569959306,1.0313003727023784,0.8028206948525817,1.259780050552175,0.7507729023782401,1.052568063264395,0.6771816120752749,1.427954514453515,1.0587780325638003,-0.40281796500408207,-0.006209969299405307,0.11616589841840805,0.09967324682196445,0.39403660869164664,1.1075091960648336,0.3055658690557602,1.19597993570072,10,normalized_compact_thermal,ridge
10,59.099999999999994,0.5056253506357337,1.0280841934588347,0.775271518140968,1.2808968687767015,0.7507893170969089,1.0052267270752708,0.6298320685268164,1.3806213856237253,1.0588119849319275,-0.4026823002462305,-0.05358525785665666,0.11605209718170323,0.11502833069266051,0.33909629345585574,1.162482340737962,0.305582283774429,1.1959963504193887,10,normalized_compact_thermal,ridge
10,59.3,0.6106474169733638,1.067539253204515,0.762215544717833,1.3728629616911967,0.7099505920402114,1.0504637888512924,0.6954884928311867,1.4054390848713982,1.0588997940543619,-0.40248996246216384,-0.008436005203069375,0.05993006241822504,0.08969357730505499,0.3889321105970416,1.0309690734833812,0.2647435587177315,1.1551576253626914,10,normalized_compact_thermal,ridge
10,59.5,0.5530335358104083,1.0432017018954511,0.766684933990247,1.3197184698006552,0.6906625745536166,0.9704990037099805,0.6251677164331723,1.315830290986789,1.058987603176796,-0.40229762467809715,-0.08848859946681539,0.032193735515564724,0.09542254599608004,0.349139784054143,1.03218536505309,0.24545554123113666,1.1358696078760966,10,normalized_compact_thermal,ridge
10,59.699999999999996,0.5935203400793365,1.043916852852981,0.7471566828133127,1.3406770228926492,0.7200667170258337,1.0472570906983236,0.6872237321854068,1.4072904492112404,1.059054617189865,-0.4022084815906498,-0.011797526491541248,0.07379707286158632,0.09792314723590322,0.36959413060091983,1.0705393034507475,0.2748596837033538,1.1652737503483137,10,normalized_compact_thermal,ridge
10,59.9,0.5070143208369747,1.0790902546216614,0.8255830942031741,1.332597415040149,0.6659343476692583,1.004428926490674,0.6714617526560449,1.3373961003253032,1.0591216312029337,-0.4021193385032025,-0.054692704712259704,-0.004444851870770247,0.09415602621837799,0.3289445044328073,1.0029241909057092,0.2207273143467784,1.111141380991738,10,normalized_compact_thermal,ridge
10,60.099999999999994,0.5626357507911005,1.0501190430129599,0.7688011676174096,1.3314369184085102,0.733590097313303,1.0575547719726666,0.690759723316015,1.4243498206293181,1.059054617189865,-0.4022084815906498,-0.001499845217198331,0.09240362470461945,0.08882343329520666,0.41568591142028566,1.0514942832063205,0.28838306399082314,1.178797130635783,10,normalized_compact_thermal,ridge
10,60.3,0.6096248001180422,1.036986625064675,0.7321742250056541,1.3417990251236962,0.7360925222893303,0.9981908031525258,0.6301445420078606,1.366237064297191,1.058987603176796,-0.40229762467809715,-0.060796800024270084,0.09589816615628494,0.08659843014711754,0.4261517508710925,1.046033293707568,0.2908854889668504,1.1812995556118102,10,normalized_compact_thermal,ridge
10,60.5,0.5669204972229356,0.9930093451139976,0.7095490965025298,1.2764695937254655,0.7118769712394531,1.0099308787675716,0.6539923931478451,1.3658693643872981,1.059054617189865,-0.4022084815906498,-0.0491237384222933,0.062358305887007935,0.11158312042532675,0.3125145536629835,1.1112393888159229,0.26666993791697324,1.157084004561933,10,normalized_compact_thermal,ridge
10,60.699999999999996,0.5075233330729216,0.99916266198027,0.7454009954438092,1.2529243285167309,0.7520023156033487,1.0624990691851999,0.6864979113835254,1.4385002269868743,1.058987603176796,-0.40229762467809715,0.0035114660084040114,0.11728174890083126,0.09381906281027562,0.41621848382079524,1.0877861473859023,0.30679528228086883,1.1972093489258286,10,normalized_compact_thermal,ridge
10,60.9,0.49351770775545245,0.989871085231615,0.7431122313538888,1.2366299391093414,0.8199448797190712,1.1053190380572588,0.6953465981977233,1.5152914779167945,1.0588997940543619,-0.40248996246216384,0.04641924400289707,0.2039718016241786,0.11563218892600158,0.40609061266574104,1.2337991467724012,0.37473784639659125,1.2651519130415512,10,normalized_compact_thermal,ridge
10,61.099999999999994,0.5229610253495814,0.9707339079888679,0.7092533953140772,1.2322144206636587,0.745656554306504,0.9783566675331642,0.6055283903799122,1.3511849446864161,1.0588119849319275,-0.4026823002462305,-0.08045531739876331,0.10919213249192561,0.11199916392135492,0.344805093084746,1.146508015528262,0.3004495209840241,1.190863587628984,10,normalized_compact_thermal,ridge
10,61.3,0.45112725031276973,0.9927244145065853,0.7671607893502004,1.2182880396629703,0.6716705412449228,0.9539359792164386,0.6181007085939771,1.2897712498389,1.0588997940543619,-0.40248996246216384,-0.10496381483792326,0.004502637778924776,0.09752690608583045,0.3226161247280842,1.0207249577617614,0.22646350792244285,1.1168775745674027,10,normalized_compact_thermal,ridge
10,61.5,1.019574959708212,0.8340769207708069,0.3242894409167008,1.343864400624913,0.7039938723914683,1.0410380006053084,0.6890410644095742,1.3930349368010426,1.0588119849319275,-0.4026823002462305,-0.01777398432661908,0.05169667339486417,0.0813921113903927,0.4126868157988595,0.9953009289840771,0.25878683906898836,1.1492009057139483,10,normalized_compact_thermal,ridge
10,61.699999999999996,0.5913933551763739,1.0009177598290773,0.7052210822408904,1.2966144374172643,0.7208881954739723,0.9815649630770084,0.6211208653400222,1.3420090608139945,1.0587800064467032,-0.40278817880952456,-0.07721504336969488,0.07551695639719823,0.09718132549562288,0.37307063180231975,1.0687057591456248,0.2756811621514924,1.1660952287964523,10,normalized_compact_thermal,ridge
10,61.9,0.6693248141866628,0.9789565743431556,0.6442941672498242,1.3136189814364871,0.7058692391481622,1.0406708873427877,0.6877362677687066,1.393605506916869,1.058744080195673,-0.4029536297619336,-0.018073192852885188,0.054628357447710205,0.09089833543192474,0.3805388589490907,1.031199619347234,0.26066220582568234,1.1510762724706423,10,normalized_compact_thermal,ridge
10,62.1,0.5668878598667106,1.0659425359572996,0.7824986060239443,1.349386465890655,0.7509603699040325,1.086706093807543,0.7112259088555268,1.4621862787595592,1.0587261152546918,-0.4030141946018216,0.02797997855285109,0.11661179622318033,0.11112914699954213,0.3532227493770247,1.1486979904310402,0.30575333658155257,1.1961674032265124,10,normalized_compact_thermal,ridge
10,62.3,0.659438292897455,1.0586181215451773,0.7288989750964497,1.3883372679939048,0.6973147577373039,1.0385208884238009,0.6898635095551489,1.3871782672924529,1.0587081503137106,-0.4030747594417095,-0.020187261889909686,0.042556378577457955,0.09436967185022264,0.3595602644739231,1.0350692510006847,0.252107724414824,1.1425217910597838,10,normalized_compact_thermal,ridge
10,62.5,0.6251811672736615,1.0178887180660612,0.7052981344292305,1.330479301702892,0.7166104053902493,1.0457576487998579,0.6874524461047332,1.4040628514949827,1.0587261152546918,-0.4030141946018216,-0.01296846645483388,0.0697912408850459,0.09737193708938646,0.3681106318412124,1.0651101789392863,0.27140337206776943,1.1618174387127294,10,normalized_compact_thermal,ridge
10,62.699999999999996,0.8021794738253294,1.0414352854599598,0.6403455485472952,1.4425250223726245,0.7454270095026674,1.0540290539123962,0.6813155491610625,1.42674255866373,1.0587081503137106,-0.4030747594417095,-0.004679096401314308,0.10927670175927265,0.09776999292604044,0.39550257117771626,1.0953514478276185,0.3002199761801875,1.1906340428251472,10,normalized_compact_thermal,ridge
10,62.9,0.6691157648358906,1.0620792492509499,0.7275213668330046,1.3966371316688952,0.6982991065591804,1.0420057467616994,0.6928561934821093,1.3911553000412895,1.0586355284795632,-0.4032091229683442,-0.016629781717863723,0.04410137438611152,0.08581647744917592,0.39115698890407513,1.0054412242142856,0.25309207323670047,1.1435061398816604,10,normalized_compact_thermal,ridge
10,63.1,0.6095429950687052,1.0255412440811034,0.7207697465467509,1.330312741615456,0.7276505700081316,1.0846044115619122,0.7207791265578465,1.448429696565978,1.058562906645416,-0.403343486494979,0.02604150491649614,0.08540915422668591,0.0789604089709721,0.4450467164926966,1.0102544235235666,0.2824435366856517,1.1728576033306115,10,normalized_compact_thermal,ridge
10,63.3,0.5310757116158475,1.0486852342797632,0.7831473784718395,1.314223090087687,0.697657966353172,1.0277194867602455,0.6788905035836594,1.3765484699368316,1.0585347217527248,-0.40350270779899383,-0.030815234992479196,0.043476391929084056,0.09188748782905563,0.3687873527284354,1.0265285799779087,0.2524509330306921,1.142864999675652,10,normalized_compact_thermal,ridge
10,63.5,0.7979662175489954,1.1366219174804493,0.7376388087059516,1.535605026254947,0.6928433182908394,1.0163876146352882,0.6699659554898685,1.3628092737807078,1.058562906645416,-0.403343486494979,-0.04217529201012793,0.03639208920770061,0.11146598969223029,0.2939001183573574,1.0917865182243216,0.24763628496835954,1.1380503516133194,10,normalized_compact_thermal,ridge
10,63.699999999999996,0.7391630185815891,1.0356879292550571,0.6661064199642626,1.4052694385458515,0.6395744436454787,1.028303170688096,0.7085159488653567,1.3480903925108354,1.0586355284795632,-0.4032091229683442,-0.03033235779146717,-0.04374313262921218,0.08632749118518265,0.3306033783838848,0.9485455089070725,0.19436741032299876,1.0847814769679585,10,normalized_compact_thermal,ridge
10,63.9,0.6644054913601075,1.021514273291001,0.6893115276109473,1.3537170189710548,0.6747636968705941,1.0875901172736024,0.7502082688383054,1.4249719657088995,1.0585668544112221,-0.40328391410586395,0.029023262862380234,0.009891185994169112,0.08192187752520406,0.3815605767556357,0.9679668169855525,0.22955666354811421,1.119970730193074,10,normalized_compact_thermal,ridge
10,64.1,0.5237048428094785,0.9718596722028221,0.7100072507980827,1.2337120936075614,0.6747921919480255,1.0033933686027667,0.665997272628754,1.3407894645767795,1.058577179362085,-0.4032723955673325,-0.0551838107593183,0.009921896277239911,0.0937700231188608,0.33918387604678074,1.0104005078492704,0.22958515862554563,1.1199992252705053,10,normalized_compact_thermal,ridge
10,64.3,0.5818866557161482,1.0262862110907598,0.7353428832326856,1.3172295389488338,0.7034762334678916,1.0160287712795057,0.66429065454556,1.3677668880134515,1.058562906645416,-0.403343486494979,-0.04253413536591043,0.0516223002242535,0.10399822106747107,0.3312606077456127,1.0756918591901705,0.25826920014541166,1.1486832667903715,10,normalized_compact_thermal,ridge
10,64.5,0.6529305345550938,1.058343792231288,0.731878524953741,1.3848090595088347,0.6570278625488831,1.0300496998775368,0.7015357686030952,1.3585636311519784,1.058569283830473,-0.4033915403455624,-0.02851958395293608,-0.016637312300987063,0.08234383926301293,0.36231451706028595,0.9517412080374803,0.21182082922640322,1.102234895871363,10,normalized_compact_thermal,ridge
10,64.69999999999999,1.23022946973427,0.9856346057538148,0.37051987088667987,1.6007493406209496,0.6875625057237582,1.0529338139029873,0.7091525610411082,1.3967150667648665,1.058551063347998,-0.40352220366232383,-0.005617249445010687,0.02891966750455092,0.08054068676403352,0.3993027469291573,0.9758222645183592,0.2423554724012783,1.132769539046238,10,normalized_compact_thermal,ridge
10,64.9,0.5389658842084128,1.0364888229054885,0.767005880801282,1.305971765009695,0.7119853486801057,1.0933020740097164,0.7373093996696636,1.4492947483497691,1.0585347217527248,-0.40350270779899383,0.03476735225699153,0.0638047623206281,0.08446201440102108,0.4096909323203868,1.0142797650398245,0.26677831535762575,1.1571923820025856,10,normalized_compact_thermal,ridge
10,65.1,0.5414249753413611,1.0609738422969195,0.790261354626239,1.3316863299676,0.7196156193232867,1.07380872675509,0.7140009170934467,1.4336165364167333,1.058562906645416,-0.403343486494979,0.015245820109673795,0.07430541491686862,0.10306447440126734,0.3507419267231295,1.0884893119234438,0.27440858600080675,1.1648226526457666,10,normalized_compact_thermal,ridge
10,65.3,0.4613291294666716,1.0539115960555443,0.8232470313222086,1.2845761607888802,0.7044355890929662,1.1162804097691834,0.7640626152227004,1.4684982043156665,1.0585426172843369,-0.4033835630207639,0.057737792484846645,0.053025183366448965,0.09580694133641168,0.3615370255210528,1.0473341526648796,0.2592285557704863,1.1496426224154461,10,normalized_compact_thermal,ridge
10,65.5,0.5781540541206878,1.0547150316901743,0.7656380046298303,1.343792058750518,0.6680686136240372,1.0759848276729413,0.7419505208609227,1.41001913448496,1.058562906645416,-0.403343486494979,0.017421921027525235,-2.090921929361056e-05,0.09616982993771064,0.3238712508379301,1.0122659764101445,0.22286158030155734,1.113275646946517,10,normalized_compact_thermal,ridge
10,65.69999999999999,0.6373490386357253,1.0573902473690193,0.7387157280511565,1.376064766686882,0.6644017170553926,1.0790269620970463,0.74682610356935,1.4112278206247426,1.0585347217527248,-0.40350270779899383,0.020492240344321566,-0.005365609077396159,0.0731629693902433,0.40254723385589886,0.9262562002548864,0.21919468373291273,1.1096087503778724,10,normalized_compact_thermal,ridge
10,65.9,0.5507373154936714,1.063550482152945,0.7881818244061092,1.3389191398997806,0.7120538974766207,1.0487031165986536,0.6926761678603433,1.4047300653369639,1.058562906645416,-0.403343486494979,-0.009859790046762454,0.06374181476293445,0.10722127256028577,0.32830278474485897,1.0958050102083825,0.26684686415414083,1.1572609307991006,10,normalized_compact_thermal,ridge
10,66.1,0.560420332600686,1.0353001567968931,0.7550899904965501,1.3155103230972363,0.6454950310019149,1.1042403201435385,0.7814928046425811,1.4269878356444958,1.0585347217527248,-0.40350270779899383,0.045705598390813645,-0.034235058831706654,0.07618280052494393,0.3728323981644674,0.9181576638393623,0.20028799767943495,1.0907020643243948,10,normalized_compact_thermal,ridge
10,66.3,0.690604204141098,1.0954035492633627,0.7501014471928137,1.4407056513339116,0.7152240025417864,1.0621030748567053,0.7044910735858121,1.4197150761275985,1.058562906645416,-0.403343486494979,0.0035401682112891544,0.06818399140993373,0.10497215497910836,0.3395226112303344,1.0909253938532384,0.2700169692193065,1.1604310358642662,10,normalized_compact_thermal,ridge
10,66.5,0.6069921867150974,1.077672291610004,0.7741761982524554,1.381168384967553,0.6453525203866337,1.0064860111754634,0.6838097509821466,1.3291622713687803,1.058577179362085,-0.4032723955673325,-0.05209116818662164,-0.03468617268429796,0.09140327258318579,0.3182149410280196,0.9724900997452478,0.2001454870641538,1.0905595537091135,10,normalized_compact_thermal,ridge
10,66.69999999999999,0.6723037880702174,1.1183310890791351,0.7821791950440264,1.4544829831142438,0.6385420317021534,1.067151834164401,0.7478808183133243,1.3864228500154778,1.058562906645416,-0.403343486494979,0.008588927518984994,-0.04522429036027208,0.06523121127377642,0.40507576784040294,0.8720082955639039,0.1933349983796735,1.0837490650246333,10,normalized_compact_thermal,ridge
10,66.9,0.5856478927653999,1.0172606789380116,0.7244367325553118,1.3100846253207115,0.7325898631224381,1.0562398631206462,0.6899449315594272,1.4225347946818654,1.058577179362085,-0.4032723955673325,-0.002337316241438808,0.09210312998247064,0.11330813439094845,0.32705352116531017,1.138126205079566,0.2873828297999582,1.1777968964449181,10,normalized_compact_thermal,ridge
10,67.1,0.5754472027168465,1.0911313098588917,0.8034077085004685,1.3788549112173147,0.6509378222312175,1.0370898434764313,0.7116209323608225,1.3625587545920401,1.058562906645416,-0.403343486494979,-0.02147306316898484,-0.025997666005635182,0.07978717810427204,0.3653749143481175,0.9365007301143176,0.20573078890873764,1.0961448555536975,10,normalized_compact_thermal,ridge
10,67.3,0.6291136383392512,1.1013014785685717,0.7867446593989461,1.4158582977381973,0.6548937516812123,1.022607641166237,0.6951607653256309,1.3500545170068432,1.058577179362085,-0.4032723955673325,-0.03596953819584793,-0.020009872110929534,0.09435690587955527,0.31718494856244306,0.9926025547999816,0.20968671835873243,1.1001007850036921,10,normalized_compact_thermal,ridge
10,67.5,0.6185746893344529,1.019342195559331,0.7100548508921043,1.3286295402265573,0.6674148842407187,1.0690021468133912,0.7352947046930318,1.4027095889337506,1.058591452078754,-0.40320130463968606,0.010410694734637092,-0.0011421064447933935,0.07888455874249173,0.3850825030636104,0.949747265417827,0.2222078509182388,1.1126219175631986,10,normalized_compact_thermal,ridge
10,67.69999999999999,0.6055258576517037,0.9625691022252479,0.6598061733993961,1.2653320310510998,0.6925673615859582,1.0515419043776824,0.7052582235847032,1.3978255851706614,1.058577179362085,-0.4032723955673325,-0.007035274984402693,0.03592262296428787,0.0793662060509581,0.4085111369386626,0.9766235862332538,0.2473603282634783,1.1377743949084382,10,normalized_compact_thermal,ridge
10,67.9,0.7312651295616914,1.0056561097656127,0.6400235449847669,1.3712886745464583,0.7171463327027796,1.1167451095855006,0.7581719432341107,1.4753182759368904,1.058562906645416,-0.403343486494979,0.05818220294008446,0.07086811752985797,0.08434083703022763,0.41528561713553874,1.0190070482700204,0.2719392993802997,1.1623533660252594,10,normalized_compact_thermal,ridge
10,68.1,0.7412234427120025,1.0172802462036605,0.6466685248476591,1.3878919675596617,0.7098254550651836,1.0734597414621139,0.718547013929522,1.4283724689947057,1.0585347217527248,-0.40350270779899383,0.014925019709389139,0.060766530692757795,0.0860602639756874,0.4018108113843758,1.0178400987459915,0.26461842174270367,1.1550324883876635,10,normalized_compact_thermal,ridge
10,68.3,1.0043376738796206,1.1972887615574193,0.6951199246176089,1.6994575984972295,0.6742180286069775,1.0653060710024795,0.7281970566989908,1.4024150853059683,1.058562906645416,-0.403343486494979,0.006743164357063359,0.009141750695378259,0.08459453538895337,0.3714493119954058,0.9769867452185492,0.22901099528449764,1.1194250619294575,10,normalized_compact_thermal,ridge
10,68.5,0.5071692653056943,1.074921547722108,0.8213369150692608,1.3285061803749552,0.7261200750896838,1.0948586734212897,0.7317986358764479,1.4579187109661316,1.0585347217527248,-0.40350270779899383,0.036323951668565016,0.08346282265130553,0.09676243633348036,0.37980173986631405,1.0724384103130535,0.2809130417672039,1.1713271084121637,10,normalized_compact_thermal,ridge
10,68.7,0.5289022186641933,1.0572910606972459,0.7928399513651493,1.3217421700293426,0.7388152863578273,1.070874128969859,0.7014664857909452,1.4402817721487726,1.0585065368600337,-0.4036619291030087,0.01236759210982518,0.10095458902484941,0.09175308951037904,0.41042569205985185,1.0672048806558028,0.29360825303534743,1.1840223196803072,10,normalized_compact_thermal,ridge
10,68.9,0.9173734601984318,1.2004620892517868,0.7417753591525708,1.6591488193510027,0.739881089796249,1.0811451674603427,0.7112046225622182,1.4510857123584673,1.0584374557580047,-0.4037628903948548,0.02270771170233799,0.10249709523446959,0.10007857344093199,0.38169410878488846,1.0980680708076096,0.2946740564737691,1.185088123118729,10,normalized_compact_thermal,ridge
10,69.1,0.6400381028828146,1.1101710534132523,0.790152001971845,1.4301901048546595,0.6913912983560958,1.0489518120959702,0.7032561629179224,1.394647461274018,1.0585065368600337,-0.4036619291030087,-0.009554724764063511,0.03461259198695805,0.08989753801171162,0.36964282979130303,1.0131397669208886,0.2461842650336159,1.1365983316785757,10,normalized_compact_thermal,ridge
10,69.3,0.5280397839862391,1.0778886429450878,0.8138687509519683,1.3419085349382074,0.6767316458475827,1.0271164731720803,0.688750650248289,1.3654822960958717,1.0584433774067137,-0.4036735318111823,-0.031326904234633426,0.013193059932523434,0.09284704803462436,0.34442671095592514,1.0090365807392403,0.2315246125251028,1.1219386791700625,10,normalized_compact_thermal,ridge
10,69.5,0.6841147687854342,1.0120875686337387,0.6700301842410216,1.3541449530264558,0.7348412505135881,1.0941894229195934,0.7267687976627994,1.4616100481763874,1.0585183801574516,-0.40348321193566383,0.03567104276214181,0.09538242314229539,0.10819629147064327,0.3476004889197143,1.122082012107462,0.28963421719110816,1.180048283836068,10,normalized_compact_thermal,ridge
10,69.7,0.6580026187035672,1.089707515723938,0.7607062063721545,1.4187088250757216,0.6989943344474533,1.0234218771907018,0.6739247099669752,1.3729190444144284,1.0585426172843369,-0.4033835630207639,-0.035120740093635194,0.04527092101420086,0.0988766128596573,0.3451092396151113,1.0528794292797952,0.2537873011249734,1.1442013677699332,10,normalized_compact_thermal,ridge
10,69.9,0.7198912935044589,1.008939984839372,0.6489943380871428,1.3688856315916016,0.6728392553272526,1.026201449313738,0.6897818216501116,1.3626210769773643,1.0585183801574516,-0.40348321193566383,-0.03231693084371368,0.0072343861159772024,0.09287384217413482,0.34043842266637164,1.0052400879881336,0.22763222200477273,1.1180462886497327,10,normalized_compact_thermal,ridge
10,70.1,0.6180599556733003,1.095890255725259,0.7868602778886087,1.404920233561909,0.6945228175569028,1.0215337510886895,0.6742723423102381,1.3687951598671408,1.0584433774067137,-0.4036735318111823,-0.036909626318024295,0.03914326913730913,0.08491283011991205,0.39061490576264596,0.9984307293511596,0.2493157842344229,1.1397298508793827,10,normalized_compact_thermal,ridge
10,70.3,0.5598208420184293,1.0740401780731577,0.7941297570639431,1.3539505990823724,0.6778175715107017,1.0359348556865842,0.6970260699312334,1.374843641441935,1.0585183801574516,-0.40348321193566383,-0.022583524470867464,0.014606116120193812,0.09645922541571353,0.3325844456334532,1.02305069738795,0.23261053818822175,1.1230246048331816,10,normalized_compact_thermal,ridge
10,70.5,0.5947494135337708,1.0469873579514646,0.7496126511845793,1.34436206471835,0.7145158903114206,1.0807292828079174,0.7234713376522071,1.4379872279636277,1.0584433774067137,-0.4036735318111823,0.022285905401203662,0.06752348971572708,0.09358247925524105,0.37957880470460853,1.0494529759182327,0.2693088569889407,1.1597229236339004,10,normalized_compact_thermal,ridge
10,70.7,0.672634707404067,1.0223806879207262,0.6860633342186926,1.3586980416227596,0.6874924476170166,1.0571024867350247,0.7133562629265164,1.400848710543533,1.058368374655976,-0.4038638516867008,-0.001265887920951279,0.029159416900611843,0.08766455419214873,0.3737359568100654,1.0012489384239678,0.24228541429453665,1.1326994809394964,10,normalized_compact_thermal,ridge
10,70.9,0.6408237445945534,1.0362358610890552,0.7158239887917788,1.3566477333863318,0.7125421938114852,1.0280383507905508,0.6717672538848083,1.3843094476962934,1.0584374557580047,-0.4037628903948548,-0.030399104967453894,0.06484674118666546,0.10711053522313994,0.3291874163902074,1.095896971232763,0.2673351604890053,1.157749227133965,10,normalized_compact_thermal,ridge
10,71.1,0.5601944860728564,1.059932417098556,0.7798351740621278,1.3400296601349841,0.6587135960573685,1.0179166511105442,0.68855985308186,1.3472734491392284,1.058368374655976,-0.4038638516867008,-0.04045172354543185,-0.01360259111887547,0.08071679627048464,0.36982353119150485,0.9476036609232321,0.21350656273488855,1.1039206293798483,10,normalized_compact_thermal,ridge
10,71.3,0.5157416842811776,1.0616737210606284,0.8038028789200397,1.3195445632012173,0.7181397925376294,1.0743468247333616,0.7152769284645469,1.4334167210021764,1.0584374557580047,-0.4037628903948548,0.015909368975356778,0.07267185863753352,0.11723281783479908,0.2985567823892543,1.1377228026860045,0.2729327592151495,1.1633468258601094,10,normalized_compact_thermal,ridge
10,71.5,0.5924259914231517,1.0866656220386552,0.7904526263270795,1.382878617750231,0.6565717952823616,1.0914309351572413,0.7631450375160604,1.4197168327984222,1.0585065368600337,-0.4036619291030087,0.03292439829720764,-0.017061301441901794,0.08399957072645554,0.355932491480559,0.9572110990841642,0.21136476195988174,1.1017788286048416,10,normalized_compact_thermal,ridge
10,71.7,0.5981053493010948,1.1079790109367873,0.80892633628624,1.4070316855873348,0.6772066775967217,1.0714198536614958,0.7328165148631349,1.4100231924598567,1.0584374557580047,-0.4037628903948548,0.012982397903491084,0.013984122220722435,0.08579841329643716,0.37012921258515,0.9842841426082933,0.2319996442742418,1.1224137109192016,10,normalized_compact_thermal,ridge
10,71.9,0.6068932982018393,1.1442830162931248,0.8408363671922052,1.4477296653940446,0.7457102190794992,1.0671268587456297,0.6942717492058801,1.4399819682853794,1.058368374655976,-0.4038638516867008,0.008758484089653767,0.11044565116939767,0.11347182712603321,0.33958801139130035,1.151832426767698,0.3005031857570193,1.190917252401979,10,normalized_compact_thermal,ridge
10,72.1,0.5031466300770348,1.0727856861398113,0.821212371101294,1.3243590011783286,0.669890033622914,1.01566776448935,0.680722747677893,1.3506127813008069,1.0582977931443074,-0.4040137149436913,-0.04263002865495755,0.0033720059549168027,0.09140734465643607,0.3427378800794986,0.9970421871663293,0.2246830003004341,1.115097066945394,10,normalized_compact_thermal,ridge
10,72.3,0.5130522568374942,1.0852896348659957,0.8287635064472486,1.3418157632847427,0.6746403150177822,1.0601552627425637,0.7228351052336726,1.3974754202514548,1.058368374655976,-0.4038638516867008,0.0017868880865877287,0.010288254912887311,0.09636877727890586,0.32973090823391554,1.019549721801649,0.2294332816953023,1.119847348340262,10,normalized_compact_thermal,ridge
10,72.5,0.5605938230204309,1.1096393131155902,0.8293424016053746,1.3899362246258056,0.6493249006150607,1.076589112240982,0.7519266619334517,1.4012515625485125,1.0582977931443074,-0.4040137149436913,0.018291319096674745,-0.027808355320856216,0.07406297804180875,0.38424923459186683,0.9144005666382544,0.20411786729258075,1.0945319339375406,10,normalized_compact_thermal,ridge
10,72.7,0.4842305846603964,1.0755500418889579,0.8334347495587598,1.317665334219156,0.7643860899708604,1.0641415463638004,0.6819485013783702,1.4463345913492307,1.058360479124364,-0.40398299646493074,0.005781067239436492,0.13530073236630613,0.1295580936221889,0.3006902075799245,1.2280819723617964,0.31917905664838053,1.2095931232933403,10,normalized_compact_thermal,ridge
10,72.9,0.4079804985036515,1.0625048100398824,0.8585145607880567,1.2664950592917081,0.6828497931957968,1.0197690603303782,0.6783441637324799,1.3611939569282765,1.0582918714955984,-0.40410307352736374,-0.03852281116522023,0.02262270781510279,0.09415151269724097,0.3458761041115705,1.019823482280023,0.23764275987331684,1.1280568265182767,10,normalized_compact_thermal,ridge
10,73.1,0.6173265293128423,1.0816597960883887,0.7729965314319678,1.3903230607448098,0.7147119446664033,1.1361428945356706,0.778786922202469,1.4934988668688722,1.058223263866833,-0.40422315058979674,0.0779196306688377,0.06834745853345264,0.08156982992500215,0.4227688231980387,1.006655066134768,0.2695049113439234,1.1599189779888832,10,normalized_compact_thermal,ridge
10,73.3,0.5547936467139113,1.0812346232062473,0.8038377998492917,1.358631446563203,0.7657412976135193,1.0757356092485173,0.6928649604417576,1.458606258055277,1.0582898976126955,-0.40413285972192126,0.017445711635821745,0.13722196186118296,0.11910058664402577,0.3394734352734915,1.192009159953547,0.3205342642910394,1.2109483309359992,10,normalized_compact_thermal,ridge
10,73.5,0.851058598776599,0.9694302279407784,0.543900928552479,1.3949595273290778,0.7039118638624773,1.0827696715455848,0.7308137396143461,1.4347256034768234,1.058223263866833,-0.40422315058979674,0.024546407678751905,0.05312102655119412,0.09132613197622269,0.37705037518113294,1.0307733525438216,0.2587048305399974,1.149118897184957,10,normalized_compact_thermal,ridge
10,73.7,0.9511030042819243,1.2386038024122277,0.7630523002712656,1.7141553045531899,0.7051227912592469,1.06415034418489,0.7115889485552667,1.4167117398145135,1.0582898976126955,-0.40413285972192126,0.005860446572194488,0.05474954038480305,0.0907234271673505,0.3804184178175435,1.0298271647009503,0.259915757936767,1.1503298245817268,10,normalized_compact_thermal,ridge
10,73.9,0.6618194442143381,1.071823709857768,0.7409139877505991,1.4027334319649372,0.7056617922261113,1.0503102218980123,0.6974793257849566,1.4031411180110678,1.058223263866833,-0.40422315058979674,-0.00791304196882077,0.05560394648245842,0.08783273130623122,0.3913033858372602,1.0200201986149624,0.26045475890363134,1.1508688255485913,10,normalized_compact_thermal,ridge
10,74.1,0.5358264742932013,1.0745582031410372,0.8066449659944367,1.3424714402876379,0.7482637779851247,1.040713194600069,0.6665813056075066,1.4148450835926312,1.0581981304108647,-0.4043347820292551,-0.017484935810795743,0.11433506322232534,0.11270244623990604,0.3448952288211692,1.15163232714908,0.30305674466264476,1.1934708113076047,10,normalized_compact_thermal,ridge
10,74.3,0.5230950116644268,1.073805185230649,0.8122576793984355,1.3353526910628624,0.6876540625504135,1.0253695465496073,0.6815425152744006,1.369196577824814,1.0581729969548965,-0.40444641346871335,-0.03280345040528912,0.02997702990508848,0.09659144221114982,0.34194772514378335,1.0333603999570435,0.2424470292279336,1.1328610958728933,10,normalized_compact_thermal,ridge
10,74.5,0.6794503655660943,1.1015490691794105,0.7618238863963634,1.4412742519624577,0.7108202854793189,1.0528045874896075,0.697394444749948,1.408214730229267,1.0581644650712263,-0.40450154868372395,-0.005359877581618879,0.0631659045159342,0.0998627574649331,0.35340572228167433,1.0682348486769633,0.26561325215683895,1.1560273188017987,10,normalized_compact_thermal,ridge
10,74.7,0.5342645485509896,1.0231549462677314,0.7560226719922367,1.290287220543226,0.6885333952839386,1.056579605449968,0.7123129078079988,1.4008463030919374,1.0581729969548965,-0.40444641346871335,-0.001593391504928386,0.03125495588557725,0.10095111684484027,0.32722353115282876,1.0498432594150486,0.24332636196145874,1.1337404286064185,10,normalized_compact_thermal,ridge
10,74.9,0.5103857481098643,1.05002170713043,0.794828833075498,1.3052145811853622,0.6573792471033588,1.0352838124902157,0.7065941889385363,1.3639734360418951,1.0581981304108647,-0.4043347820292551,-0.022914317920648908,-0.015159404363184699,0.10432845399823769,0.2839816986933866,1.0307767955133311,0.21217221378087892,1.1025862804258386,10,normalized_compact_thermal,ridge
10,75.1,0.43853549499945027,1.1169837749801241,0.8977160274803989,1.3362515224798492,0.624929419682078,1.0738325053760247,0.7613677955349857,1.3862972152170636,1.0581729969548965,-0.40444641346871335,0.01565950842112827,-0.0656701506626014,0.058469822925124475,0.41566255432073124,0.8341962850434248,0.17972238635959814,1.070136453004558,10,normalized_compact_thermal,ridge
10,75.3,0.5811410659231477,1.054380993723709,0.7638104607621351,1.3449515266852827,0.7479782434102121,0.9969635239831921,0.6229744022780861,1.370952645688298,1.0581644650712263,-0.40450154868372395,-0.06120094108803423,0.11412016090306432,0.10346763148484783,0.3776616283774498,1.1182948584429744,0.3027712100877322,1.193185276732692,10,normalized_compact_thermal,ridge
10,75.5,0.6210227464814038,1.0304500578199884,0.7199386845792866,1.3409614310606903,0.6587971853360997,0.9910365488929318,0.661637956224882,1.3204351415609816,1.0581690491890905,-0.4045059858578284,-0.06713250029615869,-0.012833567240242177,0.09970789639218552,0.30193687884112863,1.0156574918310706,0.21359015201361975,1.1040042186585795,10,normalized_compact_thermal,ridge
10,75.7,0.604256769896783,1.0344617557776907,0.7323333708292993,1.3365901407260823,0.6549603056143023,1.0465439675047472,0.7190638146975961,1.3740241203118984,1.0581882609963498,-0.4044837130020425,-0.011644293491602516,-0.018696934296793984,0.0887484507330074,0.3373244866319953,0.9725961245966093,0.2097532722918224,1.100167338936782,10,normalized_compact_thermal,ridge
10,75.9,0.8943980885201182,0.9664277717876064,0.5192287275275475,1.4136268160476655,0.7297116456961162,1.0958549176564396,0.7309990948083815,1.4607107405044977,1.058207472803609,-0.4044614401462566,0.03764744485283052,0.08935561137544606,0.10337135581202415,0.35973960684392775,1.0996836845483047,0.28450461237363633,1.1749186790185961,10,normalized_compact_thermal,ridge
10,76.1,0.5117142643702958,1.0803002810942324,0.8244431489090844,1.3361574132793803,0.6854327695249317,1.0701692938534193,0.7274529090909534,1.4128856786158852,1.0581843132305437,-0.40454328539115747,0.011984980622875549,0.02683842551043922,0.08218775843523675,0.3912780463125393,0.979587492737324,0.2402257362024518,1.1306398028474116,10,normalized_compact_thermal,ridge
10,76.3,0.4468610189996177,1.0602546523929632,0.8368241428931544,1.2836851618927723,0.7824483436367087,1.0752420271367555,0.6840178553184012,1.4664661989551098,1.058207472803609,-0.4044614401462566,0.017034554333146493,0.1591340668775954,0.1373813094424903,0.2907527210403634,1.274143966233054,0.33724131031422877,1.2276553769591887,10,normalized_compact_thermal,ridge
10,76.5,0.5800294059952646,0.9876045667928952,0.6975898637952629,1.2776192697905275,0.6440320158991596,1.0403266387026624,0.7183106307530827,1.3623426466522421,1.0581843132305437,-0.40454328539115747,-0.017857674527881288,-0.035463554593202516,0.0841544307128748,0.34283845928271517,0.945225572515604,0.1988249825766797,1.0892390492216395,10,normalized_compact_thermal,ridge
10,76.7,0.5738521983294185,1.0227363732854369,0.7358102741207276,1.309662472450146,0.7335211118157129,1.016876496169906,0.6501159402620496,1.3836370520777623,1.0581611536574784,-0.4046251306360583,-0.041284657487572526,0.09472623112093233,0.12437050413794346,0.28839191110499546,1.1786503125264303,0.288314078493233,1.1787281451381928,10,normalized_compact_thermal,ridge
10,76.9,0.7384273162285403,1.1168028976540807,0.7475892395398105,1.4860165557683507,0.5727376485822795,0.9355894268700519,0.6492206025789121,1.2219582511611917,1.0581526217738084,-0.40468026585106887,-0.1225631949037566,-0.15264725714168378,0.05431594519827427,0.37833775095752786,0.7671375462070311,0.12753061525979958,1.0179446819047593,10,normalized_compact_thermal,ridge
10,77.1,1.1114536749629567,0.875757945707887,0.3200311082264088,1.4314847831893653,0.5153907239194124,0.7871292806946301,0.5294339187349238,1.0448246426543362,1.0581440898901382,-0.4047354010660794,-0.27101480919550813,-0.25809457768782645,0.03927371348019241,0.37482784036793915,0.6559536074708857,0.07018369059693252,0.9605977572418923,10,normalized_compact_thermal,ridge
10,77.3,0.6549190043651352,1.0641491083030679,0.7366896061205003,1.3916086104856353,0.6376728313801023,0.8028790848122165,0.4840426691221653,1.1217155005022676,1.0580385144288165,-0.40497273407363604,-0.2551594296166,-0.04495719657184625,0.08702004144934199,0.32622308881737505,0.9491225739428296,0.19246579805762243,1.0828798647025821,10,normalized_compact_thermal,ridge
10,77.5,0.8984014801597762,1.2301948638826625,0.7809941238027744,1.6793956039625506,0.46640387104831427,0.8818727554979723,0.6486708199738151,1.1150746910221294,1.0579329389674947,-0.40521006708119267,-0.17606018346952246,-0.35749327705280537,0.046143687567579306,0.3012529543806439,0.6315547877159846,0.02119683772583436,0.9116109043707942,10,normalized_compact_thermal,ridge
10,77.7,0.809045331548757,1.1880950506369263,0.7835723848625478,1.5926177164113047,0.5603175592696458,1.0453934735250914,0.7652346938902685,1.3255522531599142,1.0579245360950726,-0.4052600820960104,-0.01253106256998137,-0.1739915037560691,0.05665759567503196,0.35753675965942877,0.7630983588798628,0.11511052594716586,1.0055245925921257,10,normalized_compact_thermal,ridge
10,77.9,0.5511359968535692,1.0558359909065467,0.7802679924797622,1.3314039893333314,0.6844600052755959,1.076645055347916,0.7344150527101181,1.4188750579857141,1.0579289912016887,-0.4052696394703076,0.0187160641462273,0.026144574401659237,0.08274320599004073,0.3883173032589013,0.9806027072922905,0.239252971953116,1.1296670385980758,10,normalized_compact_thermal,ridge
10,78.1,0.6203597860070282,1.0059220641335407,0.6957421711300268,1.3161019571370547,0.6584896539543738,1.0323119379965326,0.7030671110193458,1.3615567649737195,1.0579225622121695,-0.4052898682905679,-0.025610624215636844,-0.01251660116640086,0.08771635302688233,0.3445477721331903,0.9724315357755572,0.21328262063189385,1.1036966872768537,10,normalized_compact_thermal,ridge
10,78.3,0.679826864507552,1.0665980780203115,0.7266846457665354,1.4065115102740875,0.6622236043369685,1.039478823533637,0.7083670213651527,1.3705906257021212,1.0579161332226503,-0.4053100971108281,-0.018437309689013352,-0.006841912064284562,0.0831580183383858,0.36459626502348375,0.9598509436504532,0.21701657101448857,1.1074306376594483,10,normalized_compact_thermal,ridge
10,78.5,0.6043150930204756,1.0901402020728104,0.7879826555625726,1.3922977485830481,0.6577712586242501,1.0368295513009356,0.7079439219888105,1.3657151806130607,1.0579050350175119,-0.4053680119519116,-0.02107548371657627,-0.013530027412801897,0.09073396441436467,0.3330291717683122,0.982513345480188,0.21256422530177022,1.1029782919467301,10,normalized_compact_thermal,ridge
10,78.7,0.6867428579943708,1.1522666507961825,0.8088952217989971,1.495638079793368,0.6605693748329121,1.0260289686258017,0.6957442812093457,1.3563136560422577,1.0578939368123734,-0.405425926792995,-0.03186496818657163,-0.00922719993029638,0.09394192145543291,0.32434582488005503,0.9967929247857692,0.2153623415104322,1.105776408155392,10,normalized_compact_thermal,ridge
10,78.9,0.38041187862712966,1.146804501579987,0.9565985622664223,1.3370104408935517,0.669214139710724,1.0446454971593728,0.7100384273040108,1.3792525670147349,1.0578858823565038,-0.40545233828532723,-0.013240385197130961,0.0038011574674806717,0.0921660228333325,0.33934663325610703,0.9990816461653409,0.22400710638824406,1.1144211730332039,10,normalized_compact_thermal,ridge
10,79.1,0.6616407151435914,1.1780103265419404,0.8471899689701449,1.508830684113736,0.6464733441463009,1.0097451766458092,0.6865085045726588,1.3329818487189597,1.0578939368123734,-0.405425926792995,-0.04814876016656423,-0.030797385846121288,0.08419898635832702,0.3451203203074248,0.9478263679851769,0.20126631082382096,1.0916803774687809,10,normalized_compact_thermal,ridge
10,79.3,0.8184360438960913,1.245695088198633,0.8364770662505875,1.6549131101466787,0.6478223657366076,1.0297398408117513,0.7058286579434475,1.353651023680055,1.0579614102520871,-0.40533452554748073,-0.028221569440335825,-0.02880422161172152,0.10434050490578746,0.2743816864341247,1.0212630450390905,0.20261533241412766,1.0930293990590876,10,normalized_compact_thermal,ridge
10,79.5,0.7062603124610581,1.1543919530226754,0.8012617967921464,1.5075221092532045,0.6762271506865222,1.0840347682669007,0.7459211929236396,1.4221483436101618,1.058028883691801,-0.4052431243019665,0.026005884575099714,0.014016886645761662,0.11490563471186585,0.2649732630306457,1.0874810383423985,0.23102011736404227,1.121434184009002,10,normalized_compact_thermal,ridge
10,79.7,0.6115796467550254,1.0587194469209609,0.7529296235434482,1.3645092702984736,0.6962912189980011,1.1303931775497111,0.7822475680507106,1.4785387870487117,1.0580372865642231,-0.4051931092871488,0.07235589098548807,0.043205821227564514,0.09674287625015857,0.35004289043991915,1.042539547556083,0.25108418567552115,1.1414982523204809,10,normalized_compact_thermal,ridge
10,79.9,0.5496856786774552,1.0872656210972291,0.8124227817585016,1.3621084604359568,0.7162163159618324,1.0959049039924544,0.7377967460115382,1.4540130619733707,1.0580456894366452,-0.4051430942723311,0.037859214555809276,0.0713700538877376,0.12119114845331294,0.2824662124452937,1.1499664194783712,0.27100928263935253,1.1614233492843122,10,normalized_compact_thermal,ridge
10,80.1,0.5796809477965065,1.0801796806244823,0.790339206726229,1.3700201545227355,0.7132660480957346,1.1230769733338277,0.7664439492859605,1.479709997381695,1.058039260447126,-0.4051633230925913,0.06503771288670167,0.0672625339099122,0.1060691918436381,0.33363829863334427,1.092893797558125,0.26805901477325467,1.1584730814182145,10,normalized_compact_thermal,ridge
10,80.3,0.5823011762671033,1.0625177650986062,0.7713671769650545,1.3536683532321578,0.6726626435784486,1.0656606893806315,0.7293293675914072,1.4019920111698558,1.058032831457607,-0.4051835519128516,0.007627857923024452,0.0086722043531927,0.09695601665345761,0.3256514732355137,1.0196738139213837,0.22745561025596872,1.1178696769009284,10,normalized_compact_thermal,ridge
10,80.5,0.8174131819524604,1.0083214386787256,0.5996148477024954,1.4170280296549558,0.6742116799713896,1.0204314366020095,0.6833255966163148,1.3575372765877043,1.0579633841349902,-0.4053047393529233,-0.037531947532980635,0.011093587214380252,0.09352068857706514,0.33949574676223376,1.0089276131805456,0.22900464664890974,1.1194187132938695,10,normalized_compact_thermal,ridge
10,80.7,0.8259644116589198,1.1786502976771607,0.7656680918477008,1.5916325035066206,0.6737248579235648,1.0594024223549428,0.7225399933931603,1.396264851316725,1.058032831457607,-0.4051835519128516,0.0013695908973356489,0.010250077832132234,0.1001770954619798,0.3151852609218987,1.032264454925231,0.22851782460108494,1.1189318912460449,10,normalized_compact_thermal,ridge
10,80.9,0.6097152811052591,1.1379842756544478,0.8331266351018183,1.4428419162070774,0.6676472479036082,1.0691385521370282,0.7353149281852241,1.4029621760888324,1.0579633841349902,-0.4053047393529233,0.011175168002038011,0.0013094224277210714,0.09871637798921575,0.3143356429055321,1.0209588529016842,0.22244021458112828,1.1128542812260882,10,normalized_compact_thermal,ridge
10,81.1,0.6212089387528893,1.1282697048931798,0.8176652355167353,1.4388741742696245,0.7281727080207911,1.0714363323928926,0.707349978382497,1.4355226864032882,1.058032831457607,-0.4051835519128516,0.013403500935285556,0.08796652928361672,0.1215457254206646,0.29315355310688396,1.1631918629346982,0.28296567469831124,1.173379741343271,10,normalized_compact_thermal,ridge
10,81.3,0.5452277824696217,1.0776538204949384,0.8050399292601276,1.3502677117297492,0.6645160276055588,1.0852122297728506,0.7529542159700712,1.4174702435756301,1.0579633841349902,-0.4053047393529233,0.027248845637860324,-0.0033915419691105952,0.09203345770707189,0.33512297937641516,0.9939090758347024,0.21930899428307893,1.1097230609280389,10,normalized_compact_thermal,ridge
10,81.5,0.6152723730824179,1.072978387488117,0.7653422009469079,1.3806145740293259,0.691910899618716,1.0875220143633106,0.7415665645539526,1.4334774641726686,1.058032831457607,-0.4051835519128516,0.029489182905703546,0.03688546248196799,0.10455990999866682,0.317684956846392,1.06613684239104,0.24670386629623609,1.1371179329411958,10,normalized_compact_thermal,ridge
10,81.7,0.6623661864352596,1.0777464965790344,0.7465634033614047,1.4089295897966643,0.6628328594314776,1.047174787883925,0.7157583581681862,1.3785912175996637,1.058039260447126,-0.4051633230925913,-0.010864472563201048,-0.006069094873991286,0.10631117794557295,0.28233902776668757,1.0433266910962677,0.21762582610899772,1.1080398927539576,10,normalized_compact_thermal,ridge
10,81.9,0.549431252165137,1.0722747193295328,0.7975590932469643,1.3469903454121013,0.622417937265716,1.041131545079742,0.729922576446884,1.3523405137126001,1.058032831457607,-0.4051835519128516,-0.016901286377865095,-0.06895993510605264,0.09001967763252014,0.30023232396019517,0.9446035505712369,0.17721090394323613,1.067624970588196,10,normalized_compact_thermal,ridge
10,82.1,0.6082355905876832,1.049528415615527,0.7454106203216855,1.3536462109093685,0.6648955149613258,1.0869072573040706,0.7544594998234077,1.4193550147847334,1.058039260447126,-0.4051633230925913,0.028867996856944456,-0.0029620479372968744,0.1072424364833802,0.2810686553293145,1.0487223745933372,0.2196884816388459,1.1101025482838058,10,normalized_compact_thermal,ridge
10,82.3,0.744906840700623,1.0598416600902176,0.687388239739906,1.432295080440529,0.6462661971054084,1.036378921170276,0.7132458226175719,1.3595120197229802,1.058032831457607,-0.4051835519128516,-0.021653910287331095,-0.031360238341523065,0.08939749507841586,0.32630741101204885,0.966224983198768,0.20105916378292854,1.0914732304278885,10,normalized_compact_thermal,ridge
10,82.5,0.6245449036156994,1.1385322290913609,0.8262597772835111,1.4508046808992106,0.6554824448450611,1.0739024592087412,0.7461612367862106,1.4016436816312718,1.058039260447126,-0.4051633230925913,0.015863198761615054,-0.01722043436392729,0.09607103411320127,0.31163867800762557,0.9993262116824967,0.21027541152258122,1.1006894781675411,10,normalized_compact_thermal,ridge
10,82.7,0.4883516359676175,1.1570882810106253,0.9129124630268165,1.401264098994434,0.6590018807389688,1.0679572495136869,0.7384563091442025,1.3974581898831713,1.0580456894366452,-0.4051430942723311,0.009911560077041671,-0.01188579628273867,0.09756135792216507,0.30982415911472605,1.0081796023632115,0.2137948474164889,1.1042089140614486,10,normalized_compact_thermal,ridge
10,82.9,0.6391190149822016,1.1376968475496818,0.8181373400585811,1.4572563550407827,0.6713743304610886,1.0665115360813062,0.7308243708507619,1.4021987013118506,1.0580412343300292,-0.40513353689803383,0.008470301751277153,0.00670510887584122,0.09522184117435885,0.3305698740834455,1.0121787868387317,0.22616729713860872,1.1165813637835686,10,normalized_compact_thermal,ridge
10,83.1,0.6587688196703645,1.1808641674245655,0.8514797575893833,1.5102485772597478,0.7373843774840642,1.1030766149791282,0.7343844262370962,1.4717688037211603,1.058032831457607,-0.4051835519128516,0.04504378352152111,0.10053757256120752,0.10998929401972511,0.3437263564517318,1.1310423985163967,0.29217734416158425,1.182591410806544,10,normalized_compact_thermal,ridge
10,83.3,0.6503889675821637,1.1351417887838926,0.8099473049928108,1.4603362725749744,0.6726443112289765,1.0528608297497934,0.7165386741353053,1.3891829853642816,1.0579653580178932,-0.4052749531583658,-0.005104528268099802,0.008736351819325555,0.10500659168855604,0.29681966895012024,1.0484689535078329,0.2274372779064966,1.1178513445514564,10,normalized_compact_thermal,ridge
10,83.5,0.6617641006122899,1.1013206697249602,0.7704386194188153,1.4322027200311052,0.6516666964160372,1.0277660205919015,0.7019326723838828,1.3535993687999202,1.0578978845781792,-0.40536635440388,-0.030131863986277787,-0.022855695175693656,0.08909475478937431,0.33279143526147287,0.9705419575706016,0.20645966309355734,1.0968737297385172,10,normalized_compact_thermal,ridge
10,83.7,0.7072628420407344,1.141600230668214,0.7879688096478468,1.4952316516885813,0.6873162286525876,1.011987278007946,0.6683291636816522,1.3556453923342398,1.057887856239407,-0.4054225520907697,-0.04590057823146104,0.030461763139282005,0.1202232651406434,0.25703023528287255,1.1176022220223025,0.24210919533010766,1.1325232619750674,10,normalized_compact_thermal,ridge
10,83.9,0.5595615607347519,1.1570216197405907,0.8772408393732147,1.4368024001079667,0.6842846727366476,1.0616780620144153,0.7195357256460915,1.403820398382739,1.0578933431676865,-0.4053848202694674,0.0037847188467289086,0.026003560539062467,0.11570843936662313,0.27015750096267677,1.0984118445106184,0.2390776394141677,1.1294917060591274,10,normalized_compact_thermal,ridge
10,84.1,0.5611731165416869,1.1212928163528006,0.8407062580819572,1.4018793746236442,0.7253774298965382,1.1132396891768315,0.7505509742285623,1.4759284041251006,1.0578722681547423,-0.4054859349267047,0.05536742102208904,0.08442276829848089,0.10971150160517247,0.33271364392267405,1.1180412158704023,0.2801703965740583,1.170584463219018,10,normalized_compact_thermal,ridge
10,84.3,0.7492031979569312,1.0327563201786598,0.6581547212001941,1.4073579191571255,0.7062948390880253,1.0857875755314925,0.7326401559874799,1.4389349950755053,1.0578511931417982,-0.40558704958394204,0.02793638238969424,0.05786454002131112,0.12030768104160432,0.2757067163446098,1.1368829618314407,0.26108780576554536,1.1515018724105053,10,normalized_compact_thermal,ridge
10,84.5,0.4235935112460739,1.0877235526281923,0.8759267970051553,1.2995203082512292,0.6281561501493725,0.9003912438154305,0.5863131687407441,1.2144693188901168,1.0578722681547423,-0.4054859349267047,-0.1574810243393119,-0.059480561760040164,0.11529600661914116,0.21550509894358683,1.0408072013551584,0.18294911682689263,1.0733631834718524,10,normalized_compact_thermal,ridge
10,84.7,0.5347587954908544,1.1011520525143998,0.8337726547689728,1.3685314502598271,0.6050429701168193,0.9749201940228412,0.6723987089644317,1.2774416790812508,1.0578511931417982,-0.40558704958394204,-0.082930999118957,-0.0968687489030303,0.08416815112616255,0.30380030735062874,0.9062856328830098,0.15983593679433938,1.0502500034392992,10,normalized_compact_thermal,ridge
10,84.9,0.5822828849540113,1.1642758926232866,0.8731344501462809,1.4554173351002921,0.6026307014870828,1.0485763982405372,0.7472610474969958,1.3498917489840785,1.057820566768126,-0.40568901605435465,-0.009244168527588905,-0.10076168916053285,0.0779950803812385,0.3234818146178771,0.8817795883562884,0.15742366816460285,1.0478377348095627,10,normalized_compact_thermal,ridge
10,85.1,0.6760785279879865,1.158166510131153,0.8201272461371597,1.4962057741251462,0.6721612775063637,1.0838478820195072,0.7477672432663254,1.419928520772689,1.0577899403944537,-0.4057909825247672,0.026057941625053514,0.008534011560508856,0.08921117539943141,0.3528693402800879,0.9914532147326395,0.22695424418388377,1.1173683108288435,10,normalized_compact_thermal,ridge
10,85.3,1.0235035100958452,1.0528690653627992,0.5411173103148766,1.564620820410722,0.6572598848978174,1.0444149608598392,0.7157850184109305,1.373044903308748,1.057708894186578,-0.405955748427823,-0.01329393332673885,-0.013720027273749456,0.09138522464776652,0.33018690014001595,0.9843328696556188,0.2120528515753375,1.1024669182202973,10,normalized_compact_thermal,ridge
10,85.5,0.6513739882862182,1.0670541462317347,0.7413671520886257,1.3927411403748438,0.6425124726486557,1.0224244435632346,0.7011682072389067,1.3436806798875625,1.0576278479787022,-0.4061205143308788,-0.03520340441546776,-0.03624853538757445,0.09510409352628717,0.30212944188824403,0.9828955034090674,0.19730543932617584,1.0877195059711355,10,normalized_compact_thermal,ridge
10,85.7,0.6166856423795172,1.062176735942942,0.7538339147531833,1.3705195571327005,0.6733430019648254,1.052683356345543,0.7160118553631304,1.3893548573279557,1.057708894186578,-0.405955748427823,-0.005025537841034885,0.010455330423433357,0.10158988043798899,0.3097469661273917,1.0369390378022592,0.22813596864234553,1.1185500352873055,10,normalized_compact_thermal,ridge
10,85.9,0.6544448561547667,1.2225157829449738,0.8952933548675904,1.549738211022357,0.6763967227787117,1.033455032024639,0.6952566706352832,1.3716533934139947,1.057744546213659,-0.4059939691329023,-0.024289514189020135,0.015018462069886537,0.12135785938285497,0.2420499512392269,1.1107434943181964,0.23118968945623175,1.1216037561011916,10,normalized_compact_thermal,ridge
10,86.1,0.5298375166003481,1.1242706002351697,0.8593518419349956,1.3891893585353436,0.5700958211428453,1.0058347764746498,0.7207868659032272,1.2908826870460723,1.0576701856928077,-0.40611938365965783,-0.05183540921815788,-0.15583144135417715,0.07974482470151247,0.28468449852868355,0.855507143757007,0.12488878782036539,1.0153028544653253,10,normalized_compact_thermal,ridge
10,86.3,0.5731806043085694,1.1107998395294572,0.8242095373751723,1.3973901416837418,0.6479180855895987,1.0215759472741082,0.6976169044793088,1.3455349900689075,1.057744546213659,-0.4059939691329023,-0.036168598939550906,-0.027997032614682414,0.10406586358020158,0.275460363416602,1.0203758077625955,0.20271105226711883,1.0931251189120785,10,normalized_compact_thermal,ridge
10,86.5,0.6206244406648723,1.115656268862557,0.8053440485301209,1.4259684891949933,0.6157557449188064,1.0583351616525754,0.7504572891931722,1.3662130341119785,1.0576701856928077,-0.40611938365965783,0.0006649759597676264,-0.07878552841195521,0.07422980581629217,0.35008299267788856,0.8814284971597242,0.17054871159632645,1.0609627782412863,10,normalized_compact_thermal,ridge
10,86.7,0.6422819391735853,1.115302384981491,0.7941614153946982,1.4364433545682835,0.668312800754888,1.0426554598633895,0.7084990594859455,1.3768118602408335,1.0575958251719564,-0.40624479818641335,-0.01494036530856689,0.0032458477423922064,0.09810350244266465,0.31719471265265764,1.0194308888571184,0.22310576743240806,1.1135198340773678,10,normalized_compact_thermal,ridge
10,86.9,0.6079981658868289,1.0961212859894651,0.7921222030460507,1.4001203689328794,0.6151106855695687,1.0182205189973603,0.710665176212576,1.3257758617821447,1.0576439462144143,-0.40621355709243495,-0.039423427217053955,-0.07973949374113387,0.09353347797211058,0.28034897837860256,0.9498723927605348,0.1699036522470888,1.0603177188920485,10,normalized_compact_thermal,ridge
10,87.1,0.6377402955265691,1.1057449750928718,0.7868748273295872,1.4246151228561565,0.6401184985632897,1.0572528857711805,0.7371936364895356,1.3773121350528252,1.0575753690219154,-0.40630886119643306,-0.0003224832507349208,-0.039793104565733574,0.09976415869653997,0.2830568260391221,0.9971801710874574,0.19491146524080982,1.0853255318857697,10,normalized_compact_thermal,ridge
10,87.3,0.5732419372886559,1.0908031641477578,0.8041821955034298,1.3774241327920858,0.6393858287892039,1.0726686727167578,0.7529757583221559,1.3923615871113597,1.0575601029100492,-0.4064059709695557,0.015108569806708584,-0.04084123492740759,0.0969453405747013,0.29241286874730826,0.9863587888310996,0.194178795466724,1.0845928621116838,10,normalized_compact_thermal,ridge
10,87.5,0.7292515245867895,1.1267132715163175,0.7620875092229227,1.4913390338097121,0.6569649378794091,1.0623601928777238,0.7338777239380192,1.3908426618174283,1.0575753690219154,-0.40630886119643306,0.004784823855808426,-0.013815767727584076,0.10460823718631075,0.2825660293178279,1.0313638464409904,0.21175790455692922,1.102171971201889,10,normalized_compact_thermal,ridge
10,87.7,0.6329024893340063,1.1355733048994785,0.8191220602324755,1.4520245495664816,0.6597533333740108,1.0559954046976079,0.7261187380106024,1.3858720713846133,1.057585597096936,-0.4062768296914232,-0.0015901923993280054,-0.009612421439542697,0.10566423671349098,0.2815749416564935,1.037931725091528,0.21454630005153086,1.1049603666964907,10,normalized_compact_thermal,ridge
10,87.9,1.049905922075992,1.136461080692177,0.611508119654181,1.661414041730173,0.6768310354907745,1.0681347045518177,0.7297191868064304,1.4065502222972048,1.0575958251719564,-0.40624479818641335,0.010538879379861255,0.01591118266651899,0.11094319738889491,0.27975893933494766,1.0739031316466012,0.2316240021682946,1.1220380688132545,10,normalized_compact_thermal,ridge
10,88.1,0.43567033316511056,1.1566352867333514,0.9388001201507961,1.3744704533159067,0.6656733736356759,1.0481893242960285,0.7153526374781906,1.3810260111138666,1.0576721595757106,-0.4060895974651003,-0.009482835279682088,-0.0008665612532252551,0.11185802790027327,0.2653270463658225,1.0660197009055294,0.220466340313196,1.110880406958156,10,normalized_compact_thermal,ridge
10,88.3,0.43227467501176786,1.160611963875936,0.944474626370052,1.37674930138182,0.6381480575557352,1.0756457658718217,0.7565717370939541,1.3947197946496894,1.0575958251719564,-0.40624479818641335,0.018049940699865274,-0.042940159239500654,0.09299763133495538,0.3053041763553742,0.9709919387560962,0.19294102423325532,1.0833550908782152,10,normalized_compact_thermal,ridge
10,88.5,0.3815525565218902,1.099792892880613,0.909016614619668,1.2905691711415581,0.6690598851029763,1.0800512908757878,0.7455213483242996,1.4145812334272758,1.057585597096936,-0.4062768296914232,0.022465693778851787,0.004395121185568604,0.09784286938516028,0.3188746177315926,1.01924515247436,0.2238528517804964,1.1142669184254563,10,normalized_compact_thermal,ridge
10,88.7,0.5607446507368495,1.1118231581742661,0.8314508328058414,1.3921954835426908,0.6800158801699543,1.0622282528352336,0.7222203127502564,1.4022361929202107,1.0575753690219154,-0.40630886119643306,0.004652883813318199,0.02066973330287618,0.10699287072751547,0.297082230758508,1.0629495295814007,0.23480884684747438,1.125222913492434,10,normalized_compact_thermal,ridge
10,88.9,1.1370275109715364,0.9970005544731719,0.4284867989874036,1.5655143099589401,0.6931326685302919,1.05245442029915,0.705888086034004,1.3990207545642959,1.057585597096936,-0.4062768296914232,-0.005131176797785897,0.039742972457374535,0.12098637440777955,0.2601154631220817,1.126149873938502,0.24792563520781197,1.1383397018527717,10,normalized_compact_thermal,ridge
10,89.1,0.5819746150678631,1.1534535180090832,0.8624662104751518,1.4444408255430148,0.6578271774724948,1.0483025782075295,0.7193889894712822,1.3772161669437768,1.0575958251719564,-0.40624479818641335,-0.009293246964426953,-0.012568232186583553,0.11055852129170689,0.26213185923407434,1.053522495710915,0.21262014415001484,1.1030342107949747,10,normalized_compact_thermal,ridge
10,89.3,0.520465074546346,1.1272309176188782,0.866998380345705,1.3874634548920513,0.6528377951986083,1.0426930015637472,0.7162741039644431,1.3691118991630513,1.0576721595757106,-0.4060895974651003,-0.014979158011963293,-0.02033698248641768,0.1034573573162267,0.2825579520073529,1.0231176383898637,0.2076307618761284,1.0980448285210882,10,normalized_compact_thermal,ridge
10,89.5,0.6898417302675243,1.1241780475176557,0.7792571823838934,1.4690989126514178,0.647325466169753,1.041497523155455,0.7178347900705786,1.3651602562403315,1.0577484939794648,-0.4059343967437873,-0.016250970824009822,-0.028971675316857064,0.11111522380470205,0.24963767755935157,1.0450132547801543,0.20211843284727304,1.0925324994922327,10,normalized_compact_thermal,ridge
10,89.7,0.6380492722452911,1.1390082382169162,0.8199836020942706,1.4580328743395619,0.5931452215918439,1.0160579980867717,0.7194853872908498,1.3126306088826936,1.0576721595757106,-0.4060895974651003,-0.041614161488938886,-0.11622641942847559,0.0854250388924909,0.2874040850863471,0.8988863580973407,0.147938188269364,1.0383522549143238,10,normalized_compact_thermal,ridge
10,89.9,0.5714054202750658,1.1303547520018953,0.8446520418643625,1.4160574621394282,0.6584568020755173,1.0737047960949908,0.7444763950572322,1.4029331971327494,1.0575958251719564,-0.40624479818641335,0.0161089709230345,-0.011611562256954831,0.10124524972593064,0.2960942194146402,1.0208193847363942,0.21324976875303736,1.103663835397997,10,normalized_compact_thermal,ridge
10,90.1,0.5082898178097823,1.1326369562327945,0.8784920473279033,1.3867818651376855,0.6433807589905168,1.0761418614434377,0.7544514819481793,1.397832240938696,1.057585597096936,-0.4062768296914232,0.018556264346501736,-0.034741740138868514,0.09505422636086289,0.3031762056885739,0.9835853122924598,0.19817372566803693,1.0885877923129967,10,normalized_compact_thermal,ridge
10,90.3,0.42797151818066376,1.0911494782206859,0.8771637191303538,1.3051352373110177,0.6604702928533722,1.0537580241751956,0.7235228777485094,1.3839931706018818,1.0575753690219154,-0.40630886119643306,-0.0038173448467198764,-0.00849427158973319,0.10008569053842938,0.3022578393399715,1.018682746366773,0.21526325953089231,1.1056773261758521,10,normalized_compact_thermal,ridge
10,90.5,0.6438971064191819,1.0812117955294673,0.7592632423198764,1.4031603487390583,0.6309587627619757,1.0615841078908004,0.7461047265098125,1.3770634892717881,1.057585597096936,-0.4062768296914232,0.003998510793864431,-0.05423794108477018,0.09282114570293647,0.2987465338079574,0.9631709917159941,0.1857517294394958,1.0761657960844557,10,normalized_compact_thermal,ridge
10,90.7,0.6466122618249066,1.119846413264531,0.7965402823520777,1.4431525441769844,0.6427478124192938,1.0544407536704377,0.7330668474607908,1.3758146598800844,1.0575753690219154,-0.40630886119643306,-0.0031346153514778185,-0.03569397511606275,0.09230508420957603,0.3123825972861918,0.9731130275523958,0.1975407790968139,1.0879548457417738,10,normalized_compact_thermal,ridge
10,90.9,0.5037906399540121,1.1432951460210004,0.8913998260439943,1.3951904659980063,0.6349418900006282,1.059966470427397,0.7424955254270829,1.3774374154277111,1.0575601029100492,-0.4064059709695557,0.002406367517347867,-0.04781582511738527,0.09879374053012496,0.2813534000109011,0.9885303799903553,0.18973485667814827,1.080148923323108,10,normalized_compact_thermal,ridge
10,91.1,0.5507766802621973,1.139258548919283,0.8638702087881844,1.4146468890503816,0.6709546953072932,1.0931415556474784,0.7576642079938318,1.428618903301125,1.057544836798183,-0.40650308074267844,0.035596718849295356,0.007449418281819865,0.09772908354966969,0.321176673997628,1.0207327166169584,0.22574766198481333,1.1161617286297731,10,normalized_compact_thermal,ridge
10,91.3,0.5068995709191999,1.162647515050165,0.909197729590565,1.416097300509765,0.6129989405680881,1.021704886084232,0.7152054158001879,1.328204356368276,1.0575186871114512,-0.40654778571013883,-0.03581380102721926,-0.08284428561119844,0.07924999043166595,0.3293586583187443,0.896639222817432,0.16779190724560822,1.058205973890568,10,normalized_compact_thermal,ridge
10,91.5,0.43490985916594893,1.1600610589743128,0.9426061293913381,1.3775159885572872,0.642396908978386,1.0310712823927033,0.7098728279035103,1.3522697368818963,1.057552732329795,-0.4063839359644485,-0.026481449937091887,-0.03616499207419411,0.08216507577119471,0.34832336832760663,0.9364704496291654,0.19718987565590607,1.0876039423008659,10,normalized_compact_thermal,ridge
10,91.7,0.6509645969621569,1.1549203661125755,0.8294380676314971,1.4804026645936539,0.6147890015594801,1.0382177146100906,0.7308232138303505,1.3456122153898307,1.0575186871114512,-0.40654778571013883,-0.019300972501360654,-0.07992837122840832,0.08452786470976892,0.3122589031503666,0.9173190999685936,0.16958196823700022,1.05999603488196,10,normalized_compact_thermal,ridge
10,91.9,0.8169586504989265,1.279509702807119,0.8710303775576557,1.6879890280565821,0.660899073813215,1.0681254165856378,0.7376758796790303,1.3985749534922451,1.0574846418931076,-0.4067116354558291,0.010640774692530209,-0.007442502453190281,0.092965252760307,0.32817107739721896,0.993627070229211,0.2156920404907351,1.106106107135695,10,normalized_compact_thermal,ridge
10,92.1,0.5610397493572217,1.2001701725716036,0.9196502978929929,1.4806900472502145,0.6533474507049031,1.0346405386730224,0.7079668133205709,1.361314264025474,1.0574743129508415,-0.40675321959103944,-0.022833774277819165,-0.018892987846308225,0.09237414068496096,0.3227350784672685,0.9839598229425377,0.20814041738242317,1.098554484027383,10,normalized_compact_thermal,ridge
10,92.3,0.43825024350486924,1.160179072816773,0.9410539510643383,1.3793041945692077,0.646306244937364,1.030152280927354,0.706999158458672,1.3533054033960359,1.0574639840085753,-0.40679480372624977,-0.02731170308122138,-0.02968702043529218,0.09083685833307086,0.3211958948174862,0.9714165950572418,0.2010992116148841,1.091513278259844,10,normalized_compact_thermal,ridge
10,92.5,0.5378300592831542,1.1857791397955881,0.9168641101540111,1.4546941694371653,0.6411837578465249,1.0675260238398674,0.7469341449166049,1.3881179027631299,1.057456223235147,-0.4068420372373334,0.010069800604720382,-0.03759715219966218,0.07683492588667704,0.3661871307630665,0.9161803849299833,0.19597672452404502,1.0863907911690047,10,normalized_compact_thermal,ridge
10,92.7,0.6057624486907777,1.1869071838165524,0.8840259594711635,1.4897884081619412,0.6682743440186352,1.089686808377273,0.7555496363679555,1.4238239803865906,1.0574639840085753,-0.40679480372624977,0.032222824368697764,0.003738308607474282,0.09137421646344829,0.34124075818681554,0.9953079298504548,0.22306731069615526,1.113481377341115,10,normalized_compact_thermal,ridge
10,92.9,0.5165425910851603,1.12046982963233,0.8621985340897499,1.3787411251749102,0.690509244763031,1.0288289455207333,0.6835743231392178,1.374083567902249,1.057456223235147,-0.4068420372373334,-0.02862727771441368,0.03651611952039377,0.10664931315161408,0.308805207712,1.072213281814062,0.2453022114405511,1.135716278085511,10,normalized_compact_thermal,ridge
10,93.1,0.9665555421937392,0.926257745765062,0.44297997466819233,1.4095355168619317,0.6602976235726982,1.0217785407662119,0.6916297289798627,1.351927352552561,1.0574484624617189,-0.4068892707484171,-0.035669921695506875,-0.008175330051183552,0.08512192735890511,0.3556413407116121,0.9649539064337842,0.21509059025021826,1.105504656895178,10,normalized_compact_thermal,ridge
10,93.3,0.37971484442412806,1.147601037016861,0.957743614804797,1.337458459228925,0.6758996310573183,1.0390188150249167,0.7010689994962576,1.3769686305535758,1.057356892380489,-0.407115991562664,-0.018338077355572347,0.015405302832741039,0.09238658430425166,0.3452427223892237,1.006556539725413,0.2306925977348384,1.1211066643797982,10,normalized_compact_thermal,ridge
10,93.5,0.6344988227935444,1.1385369609801328,0.8212875495833607,1.455786372376905,0.6392375678932619,0.9897002193690356,0.6700814354224047,1.3093190033156665,1.057420069212477,-0.4070917614605143,-0.06771984984344148,-0.04038735149679402,0.09531284599543721,0.29810740001715524,0.9803677357693685,0.194030534570782,1.0844446012157418,10,normalized_compact_thermal,ridge
10,93.7,0.6020321885848524,1.1859554986237764,0.88493940433135,1.4869715929162026,0.6492034204061792,1.001865071649533,0.6772633614464434,1.3264667818526226,1.0574398160131766,-0.406974031294447,-0.05557474436364371,-0.02503514341329107,0.10332124479648605,0.2794107317660678,1.0189961090462907,0.20399638708369927,1.094410453728659,10,normalized_compact_thermal,ridge
10,93.9,0.47230969453936694,1.1409469216088992,0.9047920743392158,1.3771017688785827,0.6393952500421974,1.0645940767528768,0.744896451731778,1.3842917017739755,1.057420069212477,-0.4070917614605143,0.0071740075403996986,-0.04014070969701684,0.083484867649165,0.34059809821192316,0.9381924018724717,0.19418821671971753,1.0846022833646773,10,normalized_compact_thermal,ridge
10,94.1,0.5725886624407333,1.191056506869381,0.9047621756490145,1.4773508380897475,0.6515068174634249,1.0709655820032347,0.7452121732715222,1.396718990734947,1.0573426957558683,-0.40721723691871264,0.013622886247366475,-0.021250181296290936,0.09308387045252767,0.318354281492055,0.9846593534347947,0.20629978414094496,1.0967138507859047,10,normalized_compact_thermal,ridge
10,94.3,0.6125686327820976,1.2049656949534397,0.8986813785623909,1.5112500113444884,0.6764424286041227,1.0825288470964507,0.7443076327943894,1.420750061398512,1.057420069212477,-0.4070917614605143,0.025108777883973563,0.01618382462620133,0.1078359458925756,0.29049136459776537,1.06239349261048,0.23123539528164283,1.1216494619266026,10,normalized_compact_thermal,ridge
10,94.5,0.2829683875975956,1.1522495967168462,1.0107654029180484,1.293733790515644,0.6768395782553881,1.0652300987705667,0.7268103096428726,1.4036498878982608,1.0573426957558683,-0.40721723691871264,0.00788740301469852,0.016896243028521968,0.09981695849524942,0.31958893220924167,1.0340902243015346,0.2316325449329082,1.122046611577868,10,normalized_compact_thermal,ridge
10,94.7,0.5420874561876203,1.137379045984964,0.8663353178911537,1.408422774078774,0.6567104539673998,1.055660089398461,0.727304862414761,1.3840153163821607,1.0572653222992592,-0.407342712376911,-0.0016052329007981902,-0.013169354595762801,0.10090621386893973,0.2955613001744097,1.0178596077603899,0.2115034206449199,1.1019174872898798,10,normalized_compact_thermal,ridge
10,94.9,0.6285754984555117,1.160521306389597,0.846233557161841,1.4748090556173528,0.6206866122164837,1.0079051560547236,0.6975618499464817,1.3182484621629655,1.0572105102701783,-0.407564122248509,-0.049305354215454775,-0.06936485239392737,0.08999658214884317,0.2985836589778365,0.9427895654551308,0.17547957889400378,1.0658936455389636,10,normalized_compact_thermal,ridge
10,95.1,0.6333705565488931,1.190334707000147,0.8736494287257005,1.5070199852745936,0.6190358376978891,1.0416649687435773,0.7321470498946328,1.3511828875925218,1.0571556982410977,-0.40778553212010693,-0.015490729497520467,-0.07180657973398114,0.08395311078167947,0.3185628167155265,0.9195088586802516,0.17382880437540915,1.0642428710203689,10,normalized_compact_thermal,ridge
10,95.3,0.6597529598220861,1.1605781841043223,0.830701704193279,1.4904546640153655,0.6446870598751281,1.0545125915337428,0.7321690615961787,1.3768561214713069,1.0571489666435572,-0.4078334081272166,-0.0026363751098144707,-0.031156850284488176,0.08629365194405925,0.3358371072073789,0.9535370125428773,0.19948002655264818,1.089894093197608,10,normalized_compact_thermal,ridge
10,95.5,1.0476069098095155,0.9800942472948728,0.45629079239011505,1.5038977021996307,0.5854035363779031,1.0331499867899816,0.74044821860103,1.3258517549789333,1.057142235046017,-0.4078812841343262,-0.023992248256035187,-0.12757257964841004,0.07661930295653532,0.3111786361859143,0.8596284365698919,0.1401965030554232,1.0306105697003831,10,normalized_compact_thermal,ridge
10,95.7,0.5730826797286265,1.1751544520566068,0.8886131121922936,1.4616957919209204,0.6177200191249742,1.0598522249191846,0.7509922153566975,1.3687122344816718,1.0571324986055584,-0.4079187159245077,0.0027197263136261706,-0.07380125174224189,0.06500767268741098,0.3850538127444292,0.8503862255055192,0.1725129858024943,1.0629270524474541,10,normalized_compact_thermal,ridge
10,95.9,0.6156143293943482,1.1753582549292236,0.8675510902320493,1.4831654196263977,0.6329062084622045,1.0485799891937635,0.7321268849626612,1.3650330934248658,1.0571227621651,-0.407956147714689,-0.008542772971336458,-0.04947688998744681,0.0729405602705926,0.3718477403174626,0.8939646766069463,0.18769917513972456,1.0781132417846844,10,normalized_compact_thermal,ridge
14,24.700000000000003,0.44435651707097945,0.499445155680062,0.27726689714457226,0.7216234142155517,0.6552233598651395,0.9150709108508572,0.5874592309182876,1.242682590783427,1.0085091643305393,-0.5418291412944811,-0.09343825347968204,0.11905004724547176,0.11826550427842171,0.2061622319535013,1.1042844877767777,0.25663945931207754,1.0538072604182014,14,compact_thermal,spline_ridge
14,24.89999999999999,0.4080430343402491,1.0722117550774866,0.868190237907362,1.276233272247611,0.6719226861202658,0.9195487899508903,0.5835874468907574,1.2555101330110232,1.0047802697697108,-0.5541184236992632,-0.08523147981882048,0.15650642820519778,0.10154810762397501,0.2863385039435287,1.057506868297003,0.2733387855672039,1.0705065866733277,14,compact_thermal,spline_ridge
14,25.099999999999994,0.4634846804473713,1.0509786412137327,0.8192363009900473,1.2827209814374183,0.6583246330069138,0.9414695110139707,0.6123071945105139,1.2706318275174275,1.0058911964501045,-0.5501370009866717,-0.06442168543613382,0.1320798948986187,0.10137104488027937,0.27341276856035696,1.0432364974534707,0.2597407324538519,1.0569085335599757,14,compact_thermal,spline_ridge
14,25.299999999999997,1.109778152125103,1.048548588823528,0.4936595127609767,1.6034376648860793,0.6690513500834664,0.9535613437894397,0.6190356687477065,1.2880870188311728,1.0068425686261586,-0.54718484988074,-0.05328122483671892,0.14529038455873194,0.0966183472842157,0.30218576004408415,1.0359169401228487,0.27046744953040447,1.0676352506365283,14,compact_thermal,spline_ridge
14,25.5,0.5272563282983598,1.0672184803884308,0.8035903162392509,1.3308466445376108,0.7536408461567613,0.9311022195519485,0.5542817964735678,1.3079226426303292,1.0058911964501045,-0.5501370009866717,-0.07478897689815595,0.26729764517359134,0.09350756845612117,0.39858706766590224,1.1086946246476204,0.3550569456036994,1.1522247467098232,14,compact_thermal,spline_ridge
14,25.700000000000003,0.4021715717241879,1.0627011795892842,0.8616153937271902,1.2637869654513783,0.7552579784055239,0.8658246061379857,0.4881956169352238,1.2434535953407477,1.0034712858294934,-0.5582723535453584,-0.13764667969150773,0.2775764587007509,0.11066425087895786,0.335059260086031,1.1754566967250168,0.35667407785246197,1.1538418789585858,14,compact_thermal,spline_ridge
14,25.89999999999999,0.5775632307882308,1.1381485611831714,0.8493669457890559,1.4269301765772868,0.7589805578722102,0.8449887817480006,0.46549850281189553,1.2244790606841058,1.001051375208882,-0.5664077061040452,-0.15606259346088144,0.2906285887378234,0.10526348725188911,0.35928885908265595,1.1586722566617644,0.3603966573191483,1.1575644584252722,14,compact_thermal,spline_ridge
14,26.099999999999994,1.0674567168079823,0.8477738698162918,0.3140455114123006,1.381502228220283,0.7084188313765221,0.8644073749525334,0.5101979592642724,1.2186167906407945,0.9928887420157086,-0.592958654435207,-0.12848136706317526,0.24823886397923783,0.10022795680552467,0.32784734008681776,1.0889903226662263,0.30983493082346014,1.107002731929584,14,compact_thermal,spline_ridge
14,26.299999999999997,0.4733283558706848,1.0561677782962198,0.8195036003608774,1.2928319562315622,0.6752607564918738,0.9196385900400023,0.5820082117940654,1.2572689682859393,1.001051375208882,-0.5664077061040452,-0.08141278516887988,0.1737513493114064,0.10311188557636065,0.28373881676371704,1.0667826962200304,0.27667685593881186,1.0738446570449356,14,compact_thermal,spline_ridge
14,26.5,0.6311204669421341,1.0548866823872345,0.7393264489161675,1.3704469158583015,0.6804182025568136,0.918261528015261,0.5780524267368541,1.2584706292936678,1.00199878848556,-0.5632100153980211,-0.08373726047029895,0.1781623493087458,0.0961834328181781,0.31520400851709796,1.0456323965965293,0.2818343020037517,1.0790021031098755,14,compact_thermal,spline_ridge
14,26.700000000000003,0.4821923435813862,1.0695958528735638,0.8284996810828708,1.3106920246642568,0.6616198963804008,0.952708035339243,0.6218980871490426,1.2835179835294435,1.0020240225444228,-0.5631051542373514,-0.049315987205179795,0.15004109163887003,0.09460771363703435,0.3023888014453115,1.02085099131549,0.26303599582733883,1.0602037969334628,14,compact_thermal,spline_ridge
14,26.89999999999999,0.41362592599994585,1.0757541557360135,0.8689411927360405,1.2825671187359864,0.6974278097286022,0.9552763590463982,0.6065624541820971,1.3039902639106993,1.0025584979111393,-0.5613485633118287,-0.04728213886474106,0.2009922940718768,0.10523932846263905,0.29782784329342976,1.0970277761637746,0.29884390917554027,1.096011710281664,14,compact_thermal,spline_ridge
14,27.099999999999994,0.554936849534779,1.0949045757036389,0.8174361509362494,1.3723730004710284,0.680859706290326,0.9634507089218799,0.623020855776717,1.3038805620670428,1.002135911583518,-0.562761506502356,-0.03868520266163811,0.178362501125377,0.09720789807796752,0.3117555569515209,1.049963855629131,0.2822758057372641,1.079443606843388,14,compact_thermal,spline_ridge
14,27.299999999999997,0.476901759190771,1.0553375354116201,0.8168866558162345,1.2937884150070058,0.6614749093300024,0.9683662023492962,0.637628747684295,1.2991036570142973,1.002614442430687,-0.561176739444331,-0.03424824008139093,0.14789351333564166,0.10178771505173026,0.2749809235514435,1.0479688951085613,0.2628910087769405,1.0600588098830643,14,compact_thermal,spline_ridge
14,27.5,0.5582687837288468,1.0239348295100967,0.7448004376456733,1.30306922137452,0.6684732650520068,0.9468128840903213,0.6125762515643178,1.2810495166163247,1.0030667631898347,-0.5596784712875622,-0.056253879099513446,0.15691959560493174,0.09968169359011603,0.28997596756162486,1.0469705625423886,0.26988936449894485,1.0670571656050687,14,compact_thermal,spline_ridge
14,27.700000000000003,0.6769198120851284,1.0851206937888995,0.7466607877463353,1.4235805998314637,0.7083039887483179,0.9332169978176472,0.5790650034434883,1.2873689921918061,1.0026013373866764,-0.5612199888949592,-0.06938433956902924,0.21633807409564726,0.09541968056086542,0.3459898072879801,1.0706181702086557,0.309720088195256,1.1068878893013798,14,compact_thermal,spline_ridge
14,27.89999999999999,0.5788407710948076,1.1549471488776093,0.8655267633302055,1.444367534425013,0.7256809953729197,0.8782685752379693,0.5154280775515094,1.2411090729244292,1.002135911583518,-0.562761506502356,-0.12386733634554871,0.2421167454676269,0.09598748505154993,0.3612108266145461,1.0901511641312933,0.3270970948198578,1.1242648959259816,14,compact_thermal,spline_ridge
14,28.099999999999994,0.7150891480871082,1.12038844616663,0.7628438721230759,1.4779330202101841,0.6542628876517219,0.9145066887148252,0.5873752448889642,1.2416381325406862,1.0024614760878072,-0.5616495485637034,-0.08795478737298207,0.13740350915734062,0.10372178547855831,0.26042512185352784,1.048100653449916,0.25567898709866,1.0528467882047838,14,compact_thermal,spline_ridge
14,28.299999999999997,0.8687964372879533,1.1848853685685357,0.7504871499245591,1.6192835872125122,0.6948098307166286,0.9346777173363223,0.587272801978008,1.2820826326946366,1.0020240225444228,-0.5631051542373514,-0.06734630520810052,0.19898805850973178,0.09188442407381653,0.3459192276295221,1.043700433803735,0.2962259301635667,1.0933937312696904,14,compact_thermal,spline_ridge
14,28.5,0.3687097199938242,1.061588725830127,0.8772338658332149,1.2459435858270391,0.6853112907145407,0.9597803686239279,0.6171247232666576,1.3024360139811981,1.0022813897601341,-0.5622666844530325,-0.04250102113620627,0.18438457950632026,0.09013469171564954,0.34306452507687474,1.0275580563522067,0.28672739016147875,1.0838951912676027,14,compact_thermal,spline_ridge
14,28.700000000000003,0.4375716762027674,1.0363219957159355,0.8175361576145518,1.2551078338173192,0.6953771066879448,0.9383699645578528,0.5906814112138804,1.2860585179018251,1.0019772182158384,-0.5632686077621454,-0.06360725365798554,0.1999676267418919,0.09319690093274209,0.3415029511928639,1.049251262183026,0.2967932061348829,1.0939610072410066,14,compact_thermal,spline_ridge
14,28.89999999999999,0.5437159954182188,1.04986045322614,0.7780024555170304,1.3217184509352493,0.7449835371982223,0.8803645584798699,0.5078727898807588,1.2528563270789812,1.0014997016588696,-0.564886323733974,-0.12113514317899964,0.2704931651667313,0.09078737450952104,0.4002584963156088,1.0897085780808358,0.3463996366451604,1.143567437751284,14,compact_thermal,spline_ridge
14,29.099999999999994,0.5019129688627746,0.9946202937553807,0.7436638093239935,1.245576778186768,0.6585833978388244,0.9102164433833656,0.5809247444639534,1.2395081423027778,1.0019772182158384,-0.5632686077621454,-0.09176077483247277,0.14560449014280832,0.09952772472790608,0.28067072924212644,1.0364960664355223,0.25999949728576244,1.0571672983918863,14,compact_thermal,spline_ridge
14,29.299999999999997,0.4568488939277078,1.048802557265812,0.820378110301958,1.2772270042296658,0.7743442988716297,0.9055938419753001,0.5184216925394853,1.292765991411115,1.0014997016588696,-0.564886323733974,-0.09590585968356947,0.3091476500172713,0.08995461524814673,0.4327812942520269,1.1159073034912326,0.3757603983185678,1.1729281994246916,14,compact_thermal,spline_ridge
14,29.5,0.922558559088055,1.2315245821381562,0.7702453025941287,1.6928038616821837,0.7680208631683099,0.8546398227409973,0.4706293911568423,1.2386502543251523,1.0010221851019006,-0.5665040397058024,-0.14638236236090324,0.3025656590860966,0.10084086878494032,0.3851221087728821,1.1509196175637375,0.36943696261524794,1.166604763721372,14,compact_thermal,spline_ridge
14,29.700000000000003,0.6835663677605269,1.0897439778631897,0.7479607939829261,1.431527161743453,0.7862745815200217,0.8613085992126142,0.4681713084526033,1.254445889972625,1.000734638309049,-0.5674510977762939,-0.13942603909643475,0.32700189057449014,0.10003000128949449,0.4064547390551139,1.1660944239849296,0.3876906809669598,1.1848584820730836,14,compact_thermal,spline_ridge
14,29.89999999999999,0.34358371510183733,1.0885539892817269,0.916762131730808,1.2603458468326456,0.6637082126552047,0.8775076703300719,0.5456535640024696,1.2093617766576743,1.000503036035745,-0.5682263319792877,-0.12299536570567308,0.15831366711978984,0.1035704149160926,0.27044520985259596,1.0569712154578135,0.2651243121021428,1.0622921132082666,14,compact_thermal,spline_ridge
14,30.099999999999994,0.94929771719413,1.248660328857031,0.774011470259966,1.723309187454096,0.7167287741727165,0.874591154206528,0.5162267671201697,1.2329555412928863,1.0004448099145418,-0.568416582742727,-0.1258536557080138,0.23535879409563465,0.09392766217999865,0.36007987491841903,1.073377673427014,0.3181448736196546,1.1153126747257784,14,compact_thermal,spline_ridge
14,30.299999999999997,0.5349538545441832,1.0821999085957354,0.8147229813236438,1.349676835867827,0.6585066436735605,0.9366048115550889,0.6073514897183087,1.2658581333918693,1.000503036035745,-0.5682263319792877,-0.06389822448065613,0.15044566323143,0.09129241878532282,0.31186391974786,1.005149367599261,0.25992274312049857,1.0570905442266225,14,compact_thermal,spline_ridge
14,30.5,0.5717747844258088,1.098687921736363,0.8128005295234587,1.3845753139492674,0.6842166427175288,0.951328893405794,0.6092205720470296,1.2934372147645583,1.000734638309049,-0.5674510977762939,-0.049405744903255056,0.1879704153878226,0.08512702152875598,0.36098429752356115,1.0074489879114965,0.2856327421644669,1.0828005432705907,14,compact_thermal,spline_ridge
14,30.700000000000003,1.005687660481393,1.283215724741357,0.7803718945006606,1.7860595549820535,0.7208423277284446,0.9386691584406576,0.5782479945764353,1.2990903223048798,1.0004470915161972,-0.5683981558467854,-0.061777933075539554,0.24106330469829107,0.08637070782620847,0.3928876319648006,1.0487970234920887,0.32225842717538267,1.1194262282815064,14,compact_thermal,spline_ridge
14,30.89999999999999,0.9887049343917436,1.2941974829060299,0.799845015710158,1.7885499501019018,0.7232487467624958,0.8940670929708922,0.5324427195896442,1.2556914663521401,1.0001371150570293,-0.5693616140139643,-0.10607002208613711,0.2453595461005295,0.09137499674147806,0.3762924694438769,1.0702050240811147,0.3246648462094339,1.1218326473155578,14,compact_thermal,spline_ridge
14,31.099999999999994,1.02321879331013,1.1790576342242565,0.6674482375691914,1.6906670308793215,0.5776128933483944,0.8622989563182809,0.5734925096440837,1.151105402992478,1.0004470915161972,-0.5683981558467854,-0.13814813519791624,0.019546786473202606,0.09127600378037501,0.23103249816919957,0.9241932885275892,0.17902899279533246,0.9761967939014563,14,compact_thermal,spline_ridge
14,31.299999999999997,0.3565125180216865,1.0608591800976108,0.8826029210867675,1.239115439108454,0.5812089766369372,0.7979694538587643,0.5073649655402956,1.088573942177233,1.0001371150570293,-0.5693616140139643,-0.20216766119826501,0.026716711613735754,0.08242535812963371,0.2682350074643602,0.8941829458095141,0.18262507608387524,0.9797928771899991,14,compact_thermal,spline_ridge
14,31.5,0.6363144808053228,1.0990885846657743,0.7809313442631131,1.4172458250684357,0.7531272998628306,0.8723154807784682,0.49575183084705293,1.2488791307098834,0.9998271385978614,-0.5703250721811434,-0.1275116578193932,0.2868040636331384,0.0984320827019377,0.3793748489641898,1.1268797507614714,0.35454339930976864,1.1517112004158925,14,compact_thermal,spline_ridge
14,31.700000000000003,0.46651165701617586,1.0488506424059152,0.8155948138978273,1.282106470914003,0.6990476947601578,0.8808697595585506,0.5313459121784717,1.2303936069386294,0.998993104511938,-0.5731421847751083,-0.11812334495338739,0.21510587854617652,0.10586793208440742,0.2970608831233948,1.101034506396921,0.3004637942070959,1.0976315953132199,14,compact_thermal,spline_ridge
14,31.89999999999999,0.4295961764731973,1.0341855205217028,0.8193874322851041,1.2489836087583015,0.6478093525594769,0.8786648871229626,0.5547602108432241,1.2025695634027012,0.9998271385978614,-0.5703250721811434,-0.12116225147489874,0.1361662372501656,0.09014779840721272,0.3055128200372705,0.9901058850816833,0.249225452006415,1.0463932531125388,14,compact_thermal,spline_ridge
14,32.099999999999994,0.44471397414053015,1.0775967330386806,0.8552397459684157,1.2999537201089457,0.7331809584418396,0.9058612877710319,0.5392708085501121,1.2724517669919517,0.998993104511938,-0.5731421847751083,-0.09313181674090613,0.26277945093824856,0.08277263634593766,0.41888835330297564,1.0474735635807035,0.3345970578887777,1.1317648589949014,14,compact_thermal,spline_ridge
14,32.3,0.47694298809807806,1.112854035471309,0.87438254142227,1.3513255295203481,0.6934332747521192,0.8854230043050817,0.5387063669290221,1.2321396416811412,0.9984387930237529,-0.5751001780315848,-0.11301578871867124,0.20899991896572045,0.09133788701522848,0.34661790526311476,1.0402486442411236,0.2948493741990573,1.0920171753051813,14,compact_thermal,spline_ridge
14,32.5,0.4128717560603425,1.0734855738014386,0.8670496957712673,1.27992145183161,0.6217109048221449,0.8840147121679038,0.5731592597568314,1.1948701645789763,0.9994126884085457,-0.5718535057688755,-0.1153979762406418,0.09657342823656606,0.08632945189471303,0.2939128602751293,0.9495089493691604,0.22312700426908294,1.0202948053752068,14,compact_thermal,spline_ridge
14,32.7,0.4013391069261514,1.016771613568344,0.8161020601052682,1.2174411670314196,0.6607067229827374,0.9227624862650922,0.5924091247737235,1.2531158477564608,1.0003865837933386,-0.5686068335061664,-0.07762409752824644,0.15416160905333479,0.08574325723079454,0.3351344943112902,0.9862789516541846,0.26212282242967544,1.0592906235357993,14,compact_thermal,spline_ridge
14,32.89999999999999,0.72317648582706,1.0944045189245326,0.7328162760110026,1.4559927618380626,0.6308534573853767,0.9271585259282741,0.6117317972355858,1.2425852546209624,1.0004448099145418,-0.568416582742727,-0.07328628398626771,0.10773490063826761,0.08152911828157224,0.32128256402518834,0.940424350745565,0.23226955683231476,1.0294373579384386,14,compact_thermal,spline_ridge
14,33.099999999999994,0.5501905318909991,1.0365737801181272,0.7614785141726276,1.3116690460636267,0.581175095496997,0.9290535077060589,0.6384659599575604,1.2196410554545574,1.000503036035745,-0.5682263319792877,-0.07144952832968607,0.025523133632371728,0.08678701006180534,0.25163967547559174,0.9107105155184022,0.18259119494393505,0.9797589960500589,14,compact_thermal,spline_ridge
14,33.3,0.430674980001676,1.016196205606643,0.8008587156058048,1.231533695607481,0.5308184769009003,0.8299847249554497,0.5645754865049996,1.0953939634059,1.0004448099145418,-0.568416582742727,-0.170460084959092,-0.06491858485271856,0.07921693301265398,0.23002708802205846,0.8316098657797422,0.13223457634783842,0.9294023774539623,14,compact_thermal,spline_ridge
14,33.5,0.5668722958696683,1.120104904305856,0.8366687563710218,1.4035410522406901,0.6087031714217684,0.9766449352950413,0.672293349584157,1.2809965210059255,1.000503036035745,-0.5682263319792877,-0.02385810074070375,0.0718017986391466,0.08533099380773373,0.2846963313975515,0.9327100114459854,0.21011927086870652,1.0072870719748304,14,compact_thermal,spline_ridge
14,33.7,0.8134851212469154,1.1720870877459029,0.7653445271224452,1.5788296483693605,0.6093680289934008,0.9324795709831323,0.6277955564864319,1.2371635854798326,1.0008185550883704,-0.5671933619750473,-0.06833898410523809,0.0718604850790161,0.08718238954979596,0.27833132962673357,0.940404728360068,0.2107841284403389,1.0079519295464627,14,compact_thermal,spline_ridge
14,33.89999999999999,0.492930453154352,1.0563207101620007,0.8098554835848247,1.3027859367391768,0.6295534833636406,0.9357326471439569,0.6209559054621365,1.2505093888257772,1.001134074140996,-0.566160391970807,-0.06540142699703916,0.10341592452192269,0.08436048471505865,0.3092317238746503,0.9498752428526309,0.23096958281057867,1.0281373839167025,14,compact_thermal,spline_ridge
14,34.099999999999994,0.6067091372475697,1.0400431774240437,0.736688608800259,1.3433977460478286,0.6654841719166125,0.956107559266455,0.6233654733081487,1.288849645224761,1.0008185550883704,-0.5671933619750473,-0.04471099582191544,0.15995293679860084,0.07902885460968546,0.36540692787897494,0.96556141595425,0.26690027136355055,1.0640680724696745,14,compact_thermal,spline_ridge
14,34.3,0.6171229385065421,1.017825478406904,0.709264009153633,1.326386947660175,0.6725764069942788,0.9341708893162578,0.5978826858191184,1.2704590928133972,1.000503036035745,-0.5682263319792877,-0.06633214671948713,0.17158677436766628,0.08998164064917655,0.33091078532549695,1.0142420286630607,0.27399250644121687,1.0711603075473408,14,compact_thermal,spline_ridge
14,34.5,0.9663047289542848,0.7904084722159809,0.30725610773883855,1.2735608366931233,0.5777916021405844,0.9694144930642916,0.6805186919939994,1.2583102941345838,1.0008185550883704,-0.5671933619750473,-0.03140406202407876,0.018651336721749456,0.0846768298451333,0.2562686614467498,0.8993145428344191,0.17920770158752253,0.9763755026936464,14,compact_thermal,spline_ridge
14,34.7,0.6101820115985498,1.0317880430483617,0.7266970372490867,1.3368790488476365,0.5691130289163824,0.9220753832840853,0.6375188688258941,1.2066318977422765,1.001134074140996,-0.566160391970807,-0.0790586908569106,0.002484172231983623,0.08234256250530428,0.2564534396356798,0.881772618197085,0.17052912836332046,0.9676969294694443,14,compact_thermal,spline_ridge
14,34.89999999999999,0.6714621331414727,1.0711885511670305,0.735457484596294,1.4069196177377667,0.6749489826106128,0.9244691703070134,0.586994679001707,1.2619436616123196,1.0009304441274658,-0.5668497142400519,-0.07646127382045245,0.17373154195642232,0.08617629893043796,0.347732468944474,1.0021654962767514,0.27636508205755084,1.0735328831636748,14,compact_thermal,spline_ridge
14,35.099999999999994,0.5656171753977599,1.049958926883052,0.7671503391841722,1.332767514581932,0.6732201506855298,0.8700197280637547,0.5334096527209898,1.2066298034065195,1.0006149250748402,-0.5678826842442923,-0.13059519701108552,0.17219979981878503,0.07897192941546494,0.37335905498361555,0.973081246387444,0.27463625013246784,1.0718040512385918,14,compact_thermal,spline_ridge
14,35.3,0.622257321466358,1.0174491717425669,0.706320511009388,1.328577832475746,0.6467258792058631,0.8839497487005569,0.5605868090976254,1.2073126883034884,1.0005287266938632,-0.5681588469414804,-0.11657897799330634,0.13232609293897973,0.09113037297799975,0.30069845281306395,0.9927533055986623,0.2481419786528012,1.045309779758925,14,compact_thermal,spline_ridge
14,35.5,0.44900742175115954,1.0020945899612,0.7775908790856201,1.2265983008367796,0.5863672127805718,0.890630558474538,0.597446952084252,1.183814164864824,1.0006149250748402,-0.5678826842442923,-0.10998436660030216,0.03407364155070599,0.0813952355254631,0.277304680178942,0.8954297453822015,0.18778331222750988,0.9849511133336337,14,compact_thermal,spline_ridge
14,35.7,0.5811208706124461,1.0087947489753322,0.7182343136691091,1.2993551842815552,0.5944542148361387,0.9279949047494175,0.6307677973313481,1.2252220121674868,1.0008744996079182,-0.5670215381075496,-0.07287959485850073,0.04690995771711671,0.07557068778322433,0.3075078351623086,0.8814005945099688,0.19587031428307677,0.9930381153892006,14,compact_thermal,spline_ridge
14,35.89999999999999,1.175356543331555,1.1844520290508158,0.5967737573850384,1.7721303007165932,0.6220345109272085,0.9834904661313353,0.672473210667731,1.2945077215949397,1.001134074140996,-0.566160391970807,-0.017643608009660743,0.09140068799448153,0.07991202065034976,0.3186038330985959,0.9254651887558212,0.2234506103741466,1.0206184114802705,14,compact_thermal,spline_ridge
14,36.099999999999994,1.2031858613423017,0.905562893192559,0.3039699625214082,1.5071558238637097,0.6214898270456944,0.9529605979245913,0.6422156844017441,1.2637055114474385,1.0011252670301947,-0.5661939519323254,-0.04816466910560331,0.09055821537711842,0.08190903409458422,0.31047637083048296,0.9325032832609059,0.22290592649263252,1.0200737275987564,14,compact_thermal,spline_ridge
14,36.3,0.35477411290897326,0.9810197924179973,0.8036327359635107,1.158406848872484,0.7039903522770046,0.944817414535622,0.5928222383971197,1.2968125906741244,1.0010872698124116,-0.566323845495601,-0.056269855276789627,0.21533321842562153,0.08017097877636944,0.3995763950985782,1.008404309455431,0.30540645172394265,1.1025742528300664,14,compact_thermal,spline_ridge
14,36.5,0.45845073673197145,0.999012953739723,0.7697875853737373,1.2282383221057087,0.6950983898615857,0.8985838713288292,0.5510346763980364,1.2461330662596222,1.0007717507597862,-0.5673568154998413,-0.10218787943095697,0.20365494020883845,0.08857770755219632,0.35876358535617725,1.031433194366994,0.29651448930852375,1.0936822904146477,14,compact_thermal,spline_ridge
14,36.699999999999996,0.4723866370968405,1.1468579665305612,0.910664647982141,1.3830512850789816,0.6902383186083426,0.8816739024669573,0.536554743162786,1.2267930617711287,1.0004562317071606,-0.5683897855040816,-0.11878232924020332,0.19767143376755336,0.08196776764926693,0.37900184760557326,1.001474789611112,0.2916544180552807,1.0888222191614045,14,compact_thermal,spline_ridge
14,36.9,0.6895971359757642,1.1651145850135358,0.8203160170256538,1.509913153001418,0.6989017129008639,0.8773063951646198,0.5278555387141879,1.2267572516150518,1.0004214077502496,-0.5684983095051239,-0.1231150125856297,0.2102531518556407,0.0833328934105282,0.38248177848808756,1.0153216473136402,0.30031781234780197,1.0974856134539257,14,compact_thermal,spline_ridge
14,37.099999999999994,0.6414869720894233,1.1188743372339114,0.7981308511891998,1.439617823278623,0.7017712574310481,0.8325105293867283,0.4816249006712043,1.1833961581022523,1.0003865837933386,-0.5686068335061664,-0.16787605440661024,0.21445906133579556,0.07913313214465374,0.4012980654138673,1.0022444494482288,0.30318735687798615,1.10035515798411,14,compact_thermal,spline_ridge
14,37.3,1.319955411111935,1.1158280321116059,0.4558503265556386,1.7758057376675733,0.6265636066916004,0.9005927353409545,0.5873109319951544,1.2138745386867547,1.0000734878639335,-0.5696309169969462,-0.09948075252297892,0.1021259342390715,0.0876961992441112,0.2935759414683301,0.9595512719148707,0.22797970613853846,1.0251475072446623,14,compact_thermal,spline_ridge
14,37.5,0.4915760376912243,1.064550273782148,0.8187622549365359,1.31033829262776,0.6536270477039416,0.9126478686753469,0.585834344823376,1.2394613925273177,0.9997603919345283,-0.5706550004877262,-0.08711252325918142,0.14543664685111335,0.07899746556429282,0.3536689897317091,0.9535851056761742,0.2550431471508797,1.0522109482570037,14,compact_thermal,spline_ridge
14,37.699999999999996,0.6094609388730376,0.936301572467736,0.6315711030312172,1.2410320419042549,0.5736939118069875,0.9834725952014178,0.6966256392979241,1.2703195511049117,1.0002049958660058,-0.5691969124382259,-0.01673240066458796,0.013537632853147005,0.07718694499367067,0.2806105077290702,0.8667773158849048,0.17511001125392556,0.9722778123600494,14,compact_thermal,spline_ridge
14,37.9,0.5339622648696424,1.016413181307387,0.7494320488725656,1.283394313742208,0.5854621974774767,0.9304157608159868,0.6376846620772484,1.223146859554725,1.0006495997974834,-0.5677388243887256,-0.07023383898149663,0.032385161846706416,0.07711563852214876,0.2926495482974006,0.878274846657553,0.18687829692441482,0.9840460980305387,14,compact_thermal,spline_ridge
14,38.099999999999994,0.6121916136976446,1.00558675894682,0.6994909520979976,1.3116825657956421,0.6000400497668416,0.8783072777827853,0.5782872528993646,1.178327302666206,1.000752506628516,-0.567405612328601,-0.12244522884573057,0.05664673594635675,0.08345299853415156,0.2831640690824889,0.9169160304511942,0.20145614921377963,0.9986239503199035,14,compact_thermal,spline_ridge
14,38.3,0.954774059592392,1.1657546202357325,0.6883675904395364,1.6431416500319285,0.558261248327215,0.86443431394331,0.5853036897797026,1.1435649381069175,1.0007055443170312,-0.5675670005212279,-0.13627123037372113,-0.015361238678584195,0.08032923255024084,0.25324639219161127,0.8632761044628188,0.1596773477741531,0.9568451488802769,14,compact_thermal,spline_ridge
14,38.5,0.7158809305833107,1.0908399533946986,0.7328994881030433,1.4487804186863542,0.6677674494849181,0.9070352254636682,0.5731515007212091,1.2409189502061273,1.0006843093399382,-0.5676791004829347,-0.09364908387627008,0.16386380491270108,0.08774761215408867,0.3345845663958418,1.0009503325739944,0.26918354893185614,1.06635135003798,14,compact_thermal,spline_ridge
14,38.699999999999996,0.4690529712860465,1.022166114026689,0.7876396283836659,1.2566925996697125,0.6116025149338308,0.8470724707176642,0.5412712132507489,1.1528737281845796,1.0004013161812328,-0.5686294484323885,-0.15332884546356856,0.07695675555332737,0.07655431488067853,0.3209212448832822,0.9022837849843793,0.21301861438076886,1.0101864154868927,14,compact_thermal,spline_ridge
14,38.9,0.4774330269419425,1.0305555271337612,0.7918390136627899,1.2692720406047324,0.6596313985749674,0.8838219224767185,0.5540062231892349,1.2136376217642022,1.000166780041501,-0.5694127965259537,-0.1163448575647825,0.1533387095447042,0.09720948688631206,0.2905212164367287,1.028741580713206,0.2610474980219055,1.0582152991280294,14,compact_thermal,spline_ridge
14,39.099999999999994,0.5202205265241739,1.0524367176375469,0.7923264543754598,1.3125469808996337,0.6935155663257097,0.9184554842088738,0.5716977010460189,1.2652132673717287,1.0003453716616852,-0.5688012722998862,-0.08188988745281149,0.20281967885635727,0.0830395250490865,0.3782095689657231,1.008821563685696,0.29493166577264773,1.0920994668787716,14,compact_thermal,spline_ridge
14,39.3,0.7414652092589495,0.9237327432805187,0.553000138651044,1.2944653479099935,0.6809131310212878,0.9114771633352483,0.5710205978246043,1.2519337288458923,0.9999709742230841,-0.5700141800621956,-0.08849381088783577,0.18569363818445145,0.07789892496443616,0.38512629680392974,0.9766999652386459,0.2823292304682259,1.0794970315743497,14,compact_thermal,spline_ridge
14,39.5,1.0383523346923749,0.8421175452907272,0.3229413779445398,1.3612937126369147,0.7304387550410475,0.9206697761753541,0.5554503986548303,1.2858891536958779,0.999596576784483,-0.5712270878245049,-0.07892680060912893,0.2571171967388333,0.0789551532295687,0.430641359511103,1.030236150570992,0.3318548544879856,1.1290226555941094,14,compact_thermal,spline_ridge
14,39.699999999999996,0.28894546627344764,1.0600649949148724,0.9155922617781485,1.204537728051596,0.768344682995149,0.914443734676238,0.5302713931786635,1.2986160761738126,0.9992087111588904,-0.572533205394359,-0.08476497648265244,0.30901636485987954,0.08321930419539451,0.45235605356329467,1.0843333124270034,0.3697607824420871,1.166928583548211,14,compact_thermal,spline_ridge
14,39.9,0.4657582907550227,1.0468401703771033,0.813961024999592,1.2797193157546147,0.6923144921923524,0.8630275575299985,0.5168703114338222,1.2091848036261748,0.9988208455332979,-0.573839322964213,-0.1357932880032994,0.20612436484627977,0.08453455147984891,0.371331790882621,1.0132971935020838,0.2937305916392905,1.0908983927454143,14,compact_thermal,spline_ridge
14,40.099999999999994,0.5185884336805938,1.1107966520906074,0.8515024352503107,1.3700908689309044,0.6576973190363411,0.9217771009416652,0.5929284414234947,1.2506257604598359,0.9992087111588904,-0.572533205394359,-0.07743161021722524,0.15352275043988145,0.08441291991471563,0.33717645998705303,0.9782181780856292,0.2591134184832792,1.056281219589403,14,compact_thermal,spline_ridge
14,40.3,0.8036384778812872,1.1752528794058332,0.7734336404651897,1.5770721183464769,0.6597976190815865,0.9420487729431458,0.6121499634023526,1.271947582483939,0.999596576784483,-0.5712270878245049,-0.0575478038413372,0.15540495908469773,0.0772593952704102,0.3664391170096373,0.9531561211535358,0.2612137185285246,1.0583815196346484,14,compact_thermal,spline_ridge
14,40.5,0.7812204200168339,1.1125365494543709,0.721926339445954,1.5031467594627879,0.6955335972830691,0.9235227131878574,0.5757559145463229,1.2712895118293919,0.9992087111588904,-0.572533205394359,-0.07568599797103302,0.20945724327048432,0.07529862868998617,0.4096202421079172,0.981446952458221,0.29694969673000715,1.094117497836131,14,compact_thermal,spline_ridge
14,40.699999999999996,0.6120345674788418,0.9385029708614224,0.6324856871220015,1.2445202546008434,0.7640189755775878,0.9215565296332748,0.539547041844481,1.3035660174220687,0.9988208455332979,-0.573839322964213,-0.07726431590002306,0.3046766699835992,0.08115720833477497,0.4558602463239944,1.0721777048311811,0.3654350750245259,1.1626028761306497,14,compact_thermal,spline_ridge
14,40.9,0.6453828234449175,0.8201030741943264,0.4974116624718676,1.1427944859167851,0.7415173886029999,0.8634722549103169,0.49271356060881694,1.2342309492118169,0.9985003332433987,-0.574876306101608,-0.13502807833308178,0.2758196389997054,0.09057582320745867,0.3975956205504049,1.0854391566555948,0.34293348804993795,1.1401012891560618,14,compact_thermal,spline_ridge
14,41.099999999999994,0.865750054219774,0.7830967345952607,0.3502217074853737,1.2159717617051478,0.7370035106817214,0.8209767368731946,0.4524749815323339,1.1894784922140553,0.9981798209534996,-0.5759132892390031,-0.177203084080305,0.2707506659107344,0.08968673320087268,0.3964576700697481,1.077549351293695,0.3384196101286595,1.1355874112347832,14,compact_thermal,spline_ridge
14,41.3,0.4915325343464616,1.0327841001878308,0.7870178330145999,1.2785503673610616,0.7006533071141202,0.8430121118977756,0.4926854583407155,1.1933387654548357,0.9976343084891034,-0.5777227148950361,-0.15462219659132787,0.22198063158381126,0.09784051089095229,0.3291470894370996,1.0721595247911408,0.3020694065610583,1.0992372076671821,14,compact_thermal,spline_ridge
14,41.5,0.4629026264506625,1.0782111260471166,0.8467598128217854,1.3096624392724479,0.8131476753555421,0.8821211056035365,0.47554726792576546,1.2886949432813075,0.9970887960247073,-0.5795321405510693,-0.11496769042117086,0.37268959712548244,0.08693884433378965,0.483035731606031,1.1432596191050532,0.4145637748024802,1.211731575908604,14,compact_thermal,spline_ridge
14,41.699999999999996,0.5020120874702705,1.0569967557610822,0.805990712025947,1.3080027994962176,0.701471627212222,0.8648925640938661,0.5141567504877551,1.215628377699977,0.9969693644473351,-0.5799442687652341,-0.13207680035346903,0.2253694426234391,0.09116371869349155,0.35531758516170314,1.0476256692627408,0.3028877266591601,1.100055527765284,14,compact_thermal,spline_ridge
14,41.9,0.48493542020538305,1.0632216714505511,0.8207539613478596,1.3056893815532427,0.6881359058734565,0.855405810514134,0.5113378575774057,1.1994737634508623,0.9968499328699628,-0.580356396979399,-0.14144412235582882,0.2065874740293897,0.0825400868907566,0.3747263047963094,1.0015455069506036,0.2895520053203946,1.0867198064265184,14,compact_thermal,spline_ridge
14,42.099999999999994,0.8186943747179599,1.196372113553214,0.7870249261942339,1.605719300912194,0.6911489865290479,0.9277685370172964,0.5821940437527725,1.2733430302818203,0.9964058161240709,-0.5818355611444039,-0.06863727910677439,0.21243569271700097,0.08457950871239962,0.3699955799432499,1.0123023931148458,0.29256508597598596,1.0897328870821097,14,compact_thermal,spline_ridge
14,42.3,1.105808126470573,0.8268719337809142,0.2739678705456276,1.3797759970162007,0.6512607565388152,0.9447118685183665,0.619081490248959,1.270342246787774,0.9968499328699628,-0.580356396979399,-0.05213806435159633,0.15151122768669595,0.08306417504979799,0.3358611616654196,0.9666603514122107,0.2526768559857533,1.0498446570918771,14,compact_thermal,spline_ridge
14,42.5,0.5352664260958488,1.05869760607672,0.7910643930287955,1.3263308191246443,0.658705649589384,0.9392553797719747,0.6099025549772827,1.2686082045666667,0.9964058161240709,-0.5818355611444039,-0.057150436352096115,0.1643570546498983,0.08285913684293417,0.3440845969375858,0.9733267022411822,0.2601217490363221,1.057289550142446,14,compact_thermal,spline_ridge
14,42.699999999999996,0.5680873173342216,1.065163715925352,0.7811200572582411,1.3492073745924626,0.6317403659964417,0.9305098865552623,0.6146397035570415,1.2463800695534832,0.9968499328699628,-0.580356396979399,-0.06634004631470042,0.12107961444044965,0.08262022105494357,0.3180264907492937,0.9454542412435897,0.23315646544337976,1.0303242665495036,14,compact_thermal,spline_ridge
14,42.9,0.5742653624801091,1.082635725255906,0.7955030440158516,1.3697684064959605,0.6910968952218292,0.8923220341524053,0.5467735865414907,1.23787048176332,0.9964058161240709,-0.5818355611444039,-0.10408378197166554,0.21236032073299854,0.07289049819151355,0.4143273542501554,0.967866436193503,0.29251299466876723,1.089680795774891,14,compact_thermal,spline_ridge
14,43.099999999999994,0.569494535584372,1.0344304643687412,0.7496831965765552,1.3191777321609273,0.7319778563980117,0.872374092129906,0.5063851639309002,1.238363020328912,0.9959616993781789,-0.5833147253094089,-0.12358760724827293,0.2713097090086297,0.09312110452280063,0.3783915043630152,1.0855642084330082,0.3333939558449498,1.1305617569510735,14,compact_thermal,spline_ridge
14,43.3,0.6040442508586625,1.0421451457898674,0.740123020360536,1.3441672712191985,0.6475046315753672,0.9119222772497911,0.5881699614621075,1.2356745930374746,0.9964058161240709,-0.5818355611444039,-0.08448353887427973,0.14720622872252706,0.09121893842232584,0.30114091694225886,0.9938683462084755,0.24892073102230527,1.046088532128429,14,compact_thermal,spline_ridge
14,43.5,0.804726929241325,1.0571973331759765,0.6548338685553141,1.4595607977966392,0.699086133578887,0.9166424020474653,0.5670993352580218,1.2661854688369087,0.9959616993781789,-0.5833147253094089,-0.07931929733071365,0.22533340497375837,0.0783076529995147,0.40174733479196717,0.996424932365807,0.3005022330258251,1.097670034131949,14,compact_thermal,spline_ridge
14,43.699999999999996,0.577899437792908,1.019968553596235,0.731018834699781,1.3089182724926889,0.619016083802101,0.9436385124182024,0.6341304705171519,1.2531465543192528,0.9964058161240709,-0.5818355611444039,-0.05276730370586846,0.10221153803450067,0.08509786061660567,0.29589446431958283,0.9421377032846192,0.22043218324903913,1.0175999843551629,14,compact_thermal,spline_ridge
14,43.9,0.7624893350398732,1.149911987564924,0.7686673200449874,1.5311566550848605,0.6661550758655305,0.9417368091069188,0.6086592711741536,1.274814347039684,0.9968499328699628,-0.580356396979399,-0.055113123763044,0.17412360807801908,0.07871710621309404,0.36726155896330864,0.9650485927677523,0.26757117531246855,1.0647389764185924,14,compact_thermal,spline_ridge
14,44.099999999999994,0.9397380014800173,1.1699752084575898,0.7001062077175814,1.6398442091975984,0.6323160557876873,0.9331266845134168,0.6169686566195731,1.2492847124072606,0.9964877236990936,-0.5815495174760145,-0.06336103918567666,0.12318359590992535,0.07864803439814384,0.3336848086598827,0.930947302915492,0.23373215523462543,1.0308999563407493,14,compact_thermal,spline_ridge
14,44.3,0.4936000468752459,1.0111750124689092,0.7643749890312863,1.2579750359065323,0.5962665257285495,0.95113434725196,0.6530010843876852,1.2492676101162348,0.996873335034255,-0.580274670217002,-0.045738987782295015,0.06320714915991374,0.08256911286359682,0.2827467113125097,0.9097863401445894,0.19768262517548763,0.9948504262816115,14,compact_thermal,spline_ridge
14,44.5,0.44545471605803977,1.055937270010793,0.833209911981773,1.2786646280398128,0.6037187622766625,0.9751296753490841,0.6732702942107529,1.2769890564874153,0.9970370100490289,-0.5797315815165379,-0.021907334699944818,0.07508476666229721,0.08132134935750922,0.2949367798330934,0.9125007447202317,0.20513486172360063,1.0023026628297245,14,compact_thermal,spline_ridge
14,44.699999999999996,0.5115747621079088,1.0426596368296595,0.7868722557757051,1.2984470178836138,0.6012637533296256,1.0076818120462883,0.7070499353814754,1.308313688711101,0.9972006850638028,-0.5791884928160739,0.010481126982485468,0.0704669095529967,0.07470225907048769,0.31761484893932596,0.8849126577199251,0.20267985277656364,0.9998476538826875,14,compact_thermal,spline_ridge
14,44.9,0.4899310253105513,1.0681784406684685,0.8232129280131928,1.3131439533237441,0.617263830230959,0.8744434700211615,0.565811554905682,1.183075385136641,0.9970370100490289,-0.5797315815165379,-0.12259354002786735,0.0972728367151693,0.08177361135458791,0.3067645821843819,0.9277630782775361,0.21867992967789707,1.0158477307840208,14,compact_thermal,spline_ridge
14,45.099999999999994,0.4886989482809849,1.0429130877919648,0.7985636136514723,1.2872625619324574,0.7032950711793718,0.8716550776311343,0.5200075420414483,1.2233026132208202,0.996873335034255,-0.580274670217002,-0.12521825740312076,0.22829592639030033,0.09348282833638412,0.3483352323892021,1.0582549099695415,0.3047111706263099,1.1018789717324338,14,compact_thermal,spline_ridge
14,45.3,0.5845733682811703,0.9902537243179024,0.6979670401773171,1.2825404084584875,0.6388375609320356,0.8909157060623294,0.5714969255963116,1.2103344865283472,0.9970370100490289,-0.5797315815165379,-0.10612130398669946,0.13162651635146744,0.08991635090318843,0.29741984829770446,0.9802552735663668,0.24025366037897367,1.0374214614850974,14,compact_thermal,spline_ridge
14,45.5,0.653537068814069,0.9977972774202436,0.6710287430132091,1.324565811827278,0.6138710599693966,0.9403958832982965,0.6334603533135982,1.247331413282995,0.9972006850638028,-0.5791884928160739,-0.0568048017655063,0.09121811987813878,0.07761388333193603,0.3191665457216126,0.9085755742171806,0.2152871594163347,1.0124549605224584,14,compact_thermal,spline_ridge
14,45.699999999999996,0.5156256601502496,1.0364857426430076,0.7786729125678828,1.2942985727181324,0.6275530610985364,0.9520137801261482,0.63823724957688,1.2657903106754165,0.9976902530086511,-0.5775508910275384,-0.04567647288250286,0.11162383899596552,0.08064480940021423,0.32133994096315943,0.9337661812339133,0.22896916054547445,1.0261369616515983,14,compact_thermal,spline_ridge
14,45.9,1.1170830317141702,1.0498939358219828,0.4913524199648976,1.6084354516790678,0.6287587809890424,0.9845952528055496,0.6702158623110284,1.2989746433000708,0.9981798209534996,-0.5759132892390031,-0.013584568147949928,0.11190569736103555,0.08301728655591946,0.31353722450541766,0.9439803374726671,0.23017488043598044,1.0273426815421043,14,compact_thermal,spline_ridge
14,46.099999999999994,0.5206711642317668,1.0351268477902495,0.7747912656743662,1.295462429906133,0.6414598917625801,0.8893481694499971,0.568618223568707,1.2100781153312872,0.998444388723851,-0.5750481299691057,-0.10909621927385389,0.13103951050437848,0.08513588624372972,0.31819388672055265,0.9647258968046075,0.2428759912095182,1.040043792315642,14,compact_thermal,spline_ridge
14,46.3,0.3846203706096824,0.9923818778806048,0.8000716925757636,1.184692063185446,0.5788744830540861,0.8950985597933174,0.6056613182662745,1.1845358013203604,0.9987089564942024,-0.5741829706992084,-0.10361039670088495,0.027513363499382704,0.08984253098150065,0.23773706903681763,0.9200118970713544,0.18029058250102414,0.977458383607148,14,compact_thermal,spline_ridge
14,46.5,0.9568101890946229,1.1911020264621381,0.7126969319148265,1.6695071210094496,0.5121724350008104,0.8151835403094363,0.559097322809031,1.0712697578098416,0.998444388723851,-0.5750481299691057,-0.18326084841441465,-0.09404579356261458,0.07150119567185066,0.2406781580234587,0.7836667119781622,0.11358853444774852,0.9107563355538724,14,compact_thermal,spline_ridge
14,46.699999999999996,1.1284079304573262,0.7574120762010571,0.19320811097239396,1.3216160414297202,0.5426912396459014,1.001249348450706,0.7299037286277552,1.2725949682736566,0.9987089564942024,-0.5741829706992084,0.0025403919565034107,-0.03703176951098043,0.10229062405796205,0.15428767856934433,0.9310948007224584,0.14410733909283946,0.9412751401989633,14,compact_thermal,spline_ridge
14,46.9,0.4118015706022197,1.0328481631094513,0.8269473778083415,1.2387489484105612,0.6148239801458828,0.95082408557144,0.6434120954984986,1.2582360756443816,0.9990408776002473,-0.5730486769968521,-0.04821679202880726,0.08662941371010038,0.07900372582589976,0.31484215158935874,0.9148058087024069,0.21624007959282088,1.0134078806989448,14,compact_thermal,spline_ridge
14,47.099999999999994,0.5153755000828141,1.011467626850738,0.7537798768093309,1.269155376892145,0.6819297204583977,0.9383749333285726,0.5974100730993737,1.2793397935577715,0.9987089564942024,-0.5741829706992084,-0.060334023165629885,0.19135429506936674,0.08456631700603583,0.360826403563376,1.0030330373534195,0.2833458199053358,1.0805136210114596,14,compact_thermal,spline_ridge
14,47.3,0.7214500679165753,1.0162750308659274,0.6555499969076399,1.377000064824215,0.6467702582479463,0.91062983306075,0.5872447039367767,1.2340149621847232,0.998444388723851,-0.5750481299691057,-0.08781455566310103,0.13928399471360478,0.08400533374604395,0.3277970280338086,0.965743488462084,0.2481863576948844,1.0453541588010082,14,compact_thermal,spline_ridge
14,47.5,0.8156761017353708,0.9053314819175811,0.4974934310498958,1.3131695327852664,0.6555155338858554,0.9672088640708542,0.6394510971279265,1.2949666310137817,0.9987089564942024,-0.5741829706992084,-0.031500092423348273,0.15184969240640814,0.08526369481260744,0.33176423213413075,0.97926683563758,0.25693163333279345,1.0540994344389172,14,compact_thermal,spline_ridge
14,47.699999999999996,0.6410365860962122,1.0013995251684629,0.6808812321203569,1.321917818216569,0.6768066954401839,0.9493820524292286,0.6109787047091366,1.2877854001493205,0.998444388723851,-0.5750481299691057,-0.049062336294622394,0.18467855201991862,0.07700442443487325,0.3844163327398071,0.9691970581405607,0.278222794887122,1.075390595993246,14,compact_thermal,spline_ridge
14,47.9,0.4539417103005174,1.0560640129001306,0.8290931577498718,1.2830348680503894,0.7141308431892007,0.8929786026266949,0.5359131810320945,1.2500440242212953,0.9981798209534996,-0.5759132892390031,-0.1052012183268046,0.2392242095739176,0.08662062335628734,0.38522720334837557,1.0430344830300258,0.3155469426361388,1.1127147437422626,14,compact_thermal,spline_ridge
14,48.099999999999994,0.7983404620853292,1.1288649874741266,0.7296947564314619,1.5280352185167911,0.7266857053987406,0.8461624045444283,0.482819551845058,1.2095052572437985,0.9976902530086511,-0.5775508910275384,-0.1515278484642229,0.25828967890721993,0.08473112735278249,0.40495659385080524,1.0484148169466758,0.32810180484567864,1.1252696059518024,14,compact_thermal,spline_ridge
14,48.3,0.6078824866429553,1.0004233571978274,0.6964821138763497,1.3043646005193048,0.7487518823551806,0.8571657851654805,0.48278984398789015,1.2315417263430708,0.9972006850638028,-0.5791884928160739,-0.14003489989832232,0.28984087725733826,0.09551372131901097,0.38608062256350556,1.1114231421468557,0.3501679818021187,1.1473357829082427,14,compact_thermal,spline_ridge
14,48.5,0.9092621519515114,0.8257360947097506,0.3711050187339949,1.2803671706855064,0.7947762175400586,0.8779717245439984,0.48058361577396913,1.2753598333140277,0.9970370100490289,-0.5797315815165379,-0.11906528550503048,0.35003689019273104,0.09082085935260839,0.4499240327240006,1.1396284023561165,0.39619231698699664,1.1933601180931204,14,compact_thermal,spline_ridge
14,48.699999999999996,0.6278782719466338,1.0367427763557169,0.7228036403823999,1.3506819123290337,0.5457030054289279,0.9595363465971778,0.6866848438827138,1.2323878493116418,0.9972006850638028,-0.5791884928160739,-0.03766433846662498,-0.026491904514372056,0.10160189260681829,0.15991459848514927,0.9314914123727065,0.147119104875866,0.9442869059819898,14,compact_thermal,spline_ridge
14,48.9,0.6038628936951588,1.0303940077755416,0.7284625609279621,1.332325454623121,0.639561757204416,0.9432230995327431,0.623442220930535,1.2630039781349511,0.9976902530086511,-0.5775508910275384,-0.05446715347590807,0.1305787994796671,0.08029238786548426,0.3346868025201719,0.9444367118886601,0.24097785665135407,1.038145657757478,14,compact_thermal,spline_ridge
14,49.099999999999994,0.5794149325682502,0.9955315303236546,0.7058240640395295,1.2852389966077797,0.6079336329658002,0.9602652028659368,0.6562983863830367,1.2642320193488368,0.9981798209534996,-0.5759132892390031,-0.03791461808756285,0.0782237299588002,0.08004886502314824,0.30398334894456036,0.91188391698704,0.20934973241273824,1.006517533518862,14,compact_thermal,spline_ridge
14,49.3,0.5849607120808821,1.0148299241671714,0.7223495681267302,1.3073102802076124,0.680524672609507,0.9535633660039927,0.6133010296992392,1.2938257023087463,0.9976902530086511,-0.5775508910275384,-0.04412688700465843,0.19265969006968542,0.08061078070360386,0.374440761451629,0.986608583767385,0.2819407720564451,1.079108573162569,14,compact_thermal,spline_ridge
14,49.5,0.5600993346317379,0.9967665334119058,0.7167168660960369,1.2768162007277748,0.6935909315925803,0.9688241870398695,0.6220287212435793,1.3156196528361597,0.9981798209534996,-0.5759132892390031,-0.029355633913630077,0.2100403612325663,0.09170914439290027,0.3453658758406202,1.0418159873445405,0.2950070310395184,1.0921748321456421,14,compact_thermal,spline_ridge
14,49.699999999999996,0.4799024696832519,1.0054719396970329,0.765520704855407,1.2454231745386588,0.626860441530912,0.9215875788000811,0.6081573580346251,1.2350177995655371,0.998444388723851,-0.5750481299691057,-0.07685680992376986,0.1080167855545862,0.08328353334486516,0.31062793021243257,0.9430929528493914,0.2282765409778501,1.0254443420839738,14,compact_thermal,spline_ridge
14,49.9,0.9580542299477537,0.7677128743728201,0.2886857593989432,1.246739989346697,0.6829012157963701,0.9255280187150087,0.5840774108168236,1.2669786266131937,0.9981798209534996,-0.5759132892390031,-0.07265180223849084,0.19450822656552313,0.08241074351337183,0.3699827391877711,0.9958196924049691,0.28431731524330817,1.0814851163494321,14,compact_thermal,spline_ridge
14,50.099999999999994,0.48940060497343424,0.9501158607118163,0.7054155582250992,1.1948161631985335,0.721028431261693,0.8534234381525834,0.49290922252173686,1.2139376537834299,0.9976902530086511,-0.5775508910275384,-0.14426681485606777,0.2504741816481611,0.08683431156220225,0.39131340464029274,1.0507434578830934,0.3224445307086311,1.1196123318147548,14,compact_thermal,spline_ridge
14,50.3,0.4921854427745703,1.0315209825037943,0.7854282611165091,1.2776137038910793,0.7556370169933173,0.8696885686134446,0.4918700601167859,1.2475070771101033,0.9972006850638028,-0.5791884928160739,-0.12751211645035818,0.298994338458925,0.09396586842185664,0.39884304637466306,1.1124309876119716,0.3570531164402554,1.1542209175463793,14,compact_thermal,spline_ridge
14,50.5,0.5256996805720335,1.0080375908012633,0.7451877505152467,1.2708874310872802,0.7401704845419503,0.8562260785046075,0.48614083623363236,1.2263113207755827,0.9970370100490289,-0.5797315815165379,-0.14081093154442137,0.27885684671432814,0.0933681208758477,0.3856461967767616,1.0946947723071392,0.3415865839888884,1.1387543850950124,14,compact_thermal,spline_ridge
14,50.699999999999996,0.6144188488399019,0.9875704542491488,0.6803610298291979,1.2947798786690998,0.7373931801163293,0.8998485054374923,0.5311519153793276,1.268545095495657,0.996873335034255,-0.580274670217002,-0.09702482959676278,0.27564062843820714,0.09642907532702567,0.37124626691425794,1.1035400933184005,0.33880927956326734,1.1359770806693912,14,compact_thermal,spline_ridge
14,50.9,0.4507330369402237,0.967877438461795,0.7425109199916832,1.1932439569319067,0.645675990697908,0.9383453537309381,0.6155073583819841,1.261183349079892,0.9970370100490289,-0.5797315815165379,-0.0586916563180908,0.142274118105375,0.08316053103975189,0.32991052642080304,0.961441454975013,0.24709209014484612,1.04425989125097,14,compact_thermal,spline_ridge
14,51.099999999999994,0.46727971319206796,0.9935179695635197,0.7598781129674858,1.2271578261595537,0.6875271224635638,0.9522156492778869,0.6084520880461051,1.2959792105096688,0.996873335034255,-0.580274670217002,-0.04465768575636812,0.20562067085351965,0.08111702393245279,0.3795209757668314,0.9955332691602963,0.2889432219105019,1.0861110230166258,14,compact_thermal,spline_ridge
14,51.3,0.3792171134829922,1.0316290753898296,0.8420205186483335,1.2212376321313256,0.6499515752008215,0.9746056244922835,0.6496298368918727,1.2995814120926943,0.9970370100490289,-0.5797315815165379,-0.022431385556745353,0.14887416295779998,0.089081505682713,0.3117038193398175,0.9881993310618254,0.25136767464775955,1.0485354757538834,14,compact_thermal,spline_ridge
14,51.5,0.3788736555255473,1.024069413514512,0.8346325857517384,1.2135062412772857,0.6188512664314534,0.9025830017317795,0.5931573685160528,1.212008634947506,0.996873335034255,-0.580274670217002,-0.09429033330247547,0.10038435464597109,0.09282684242177107,0.26638224503142294,0.9713202878314838,0.22026736587839146,1.0174351669845154,14,compact_thermal,spline_ridge
14,51.699999999999996,0.920247110277183,1.2493784353189477,0.789254880180356,1.7095019904575393,0.6319022723084202,0.9916576784721195,0.6757065423179094,1.3076088146263296,0.9970370100490289,-0.5797315815165379,-0.005379331576909382,0.12071105230104674,0.08239623377706014,0.31903889002841335,0.9447656545884271,0.2333183717553583,1.0304861728614823,14,compact_thermal,spline_ridge
14,51.9,0.46046289930089757,1.0167981437139673,0.7865666940635186,1.247029593364416,0.6942041068082611,0.9715894836515533,0.6244874302474228,1.3186915370556838,0.9970887960247073,-0.5795321405510693,-0.025499312373154087,0.21454288086540718,0.0834736754500541,0.3772496146489556,1.0111585989675664,0.29562020625519914,1.092788007361323,14,compact_thermal,spline_ridge
14,52.099999999999994,0.5646726832149581,0.9903384774609897,0.7080021358535107,1.2726748190684687,0.7194000265845919,0.9325649597570956,0.5728649464647997,1.2922649730493916,0.9969810655294812,-0.5799034053840356,-0.06441610577238559,0.25056569461726064,0.08311874610767352,0.4037932221706762,1.0350068309985077,0.32081612603153,1.117983927137654,14,compact_thermal,spline_ridge
14,52.3,0.632063566914375,0.9692246743708187,0.6531928909136313,1.2852564578280061,0.615084343800823,0.9637635292409132,0.6562213573405018,1.2713057011413247,0.9970887960247073,-0.5795321405510693,-0.03332526678379411,0.09353626436359987,0.09686771347355302,0.247271895563608,0.982896792038038,0.21650044324776108,1.013668244353885,14,compact_thermal,spline_ridge
14,52.5,0.27193562145337513,1.0649594518739445,0.9289916411472567,1.200927262600632,0.6242784743524924,0.9512170234497677,0.6390777862735215,1.2633562606260138,0.9974789604775269,-0.5782033840309506,-0.046261937027759256,0.10704464686885128,0.07942963585263889,0.32267944018590233,0.9258775085190825,0.22569457379943048,1.0228623749055543,14,compact_thermal,spline_ridge
14,52.699999999999996,0.5309371723831394,1.0628018395892518,0.7973332533976822,1.3282704257808216,0.6276379601231109,0.9851216987762912,0.6713027187147358,1.2989406788378466,0.9978691249303465,-0.5768746275108321,-0.01274742615405532,0.111082852139574,0.08077968797900803,0.3209126980314314,0.9343632222147904,0.22905405957004898,1.0262218606761728,14,compact_thermal,spline_ridge
14,52.9,0.5482810441876234,0.9877605396976326,0.7136200176038209,1.2619010617914441,0.6209411505000997,0.9643157508222229,0.653845175572173,1.2747863260722727,0.9980829783526535,-0.5761896414689252,-0.033767227530430655,0.09967067422939162,0.08010622346250446,0.31677307308568314,0.9251092279145162,0.22235724994703776,1.0195250510531615,14,compact_thermal,spline_ridge
14,53.099999999999994,0.6506726972671008,0.9384793421396482,0.6131429935060977,1.2638156907731988,0.6505941933228282,0.9592042010710657,0.6339071044096516,1.28450129773248,0.9981539693104504,-0.5759505220963541,-0.03894976823938462,0.14608133200270795,0.08087697008387462,0.34349954531423615,0.9576888413314202,0.2520102927697663,1.0491780938758901,14,compact_thermal,spline_ridge
14,53.3,0.5037764437528583,1.0286995560579568,0.7768113341815276,1.280587777934386,0.6933931276444211,0.9045030079054492,0.5578064440832387,1.2511995717276598,0.9979581531586328,-0.5765887863074504,-0.09345514525318349,0.2104306294287956,0.08794757490264579,0.3594509741496991,1.027335281139143,0.29480922709135915,1.091977028197483,14,compact_thermal,spline_ridge
14,53.5,0.6026968670292884,1.0176188332535343,0.7162703997388902,1.3189672667681787,0.7319653588825451,0.8700670422147944,0.5040843627735219,1.2360497216560669,0.997762337006815,-0.5772270505185466,-0.12769529479202066,0.26520496044695924,0.08963493751885936,0.39161618954448013,1.0723145282206101,0.3333814583294832,1.130549259435607,14,compact_thermal,spline_ridge
14,53.699999999999996,0.46586194049270635,1.0293277839818589,0.7963968137355055,1.262258754228212,0.740836039120788,0.8586827791306835,0.4882647595702895,1.2291007986910776,0.9973997435955576,-0.5784648166993849,-0.13871696446487417,0.27848886878704715,0.08692944985165262,0.41075976677664855,1.0709123114649275,0.34225213856772607,1.13941993967385,14,compact_thermal,spline_ridge
14,53.9,0.48445954200828106,1.047732901782263,0.8055031307781225,1.2899626727864035,0.5697484392628442,0.9354933177999489,0.6506190981685268,1.220367537431371,0.997762337006815,-0.5772270505185466,-0.06226901920686613,0.014666700321626636,0.09284787652458386,0.2171995501279967,0.9222973283976919,0.17116453870978232,0.9683323398159062,14,compact_thermal,spline_ridge
14,54.099999999999994,0.5590047599238255,0.9847019549494729,0.7051995749875603,1.2642043349113856,0.6116747776435643,0.9471481554868042,0.6413107666650221,1.2529855443085864,0.9979581531586328,-0.5765887863074504,-0.05080999767182855,0.08503423951064884,0.07408703746921691,0.3303619061300354,0.8929876491570932,0.21309087709050234,1.0102586781966263,14,compact_thermal,spline_ridge
14,54.3,0.37112343311985185,1.0095304249686865,0.8239687084087605,1.1950921415286124,0.5807943961652084,0.9543615432096811,0.6639643451270769,1.2447587412922854,0.9981539693104504,-0.5759505220963541,-0.043792426100769305,0.032592058102375886,0.08161701007218296,0.27088977246778745,0.8906990198626294,0.18221049561214653,0.9793782967182704,14,compact_thermal,spline_ridge
14,54.5,0.6593725799568827,1.1247124178024195,0.7950261278239781,1.4543987077808609,0.5703120164845826,0.9256868558644243,0.640530847622133,1.2108428641067157,0.9982722048712898,-0.5755641352368922,-0.07258534900686538,0.013992464657451624,0.07767773649867107,0.27536504797890055,0.8652589849902648,0.1717281159315207,0.9688959170376445,14,compact_thermal,spline_ridge
14,54.699999999999996,0.5770831965443853,0.9515349845249136,0.6629933862527209,1.2400765827971063,0.6449320595726171,0.9380517354454578,0.6155857056591493,1.2605177652317665,0.9981539693104504,-0.5759505220963541,-0.060102233864992624,0.13734022036603216,0.08369854879797563,0.3271237099857293,0.9627404091595049,0.2463481590195552,1.0435159601256792,14,compact_thermal,spline_ridge
14,54.9,1.1446563066241224,0.7108778911697231,0.13854973785766161,1.2832060444817845,0.7226891360273313,0.9167670694049118,0.5554225013912462,1.2781116374185775,0.9979581531586328,-0.5765887863074504,-0.08119108375372096,0.2518126730221278,0.0853614650875994,0.39856659474780015,1.0468116773068625,0.3241052354742694,1.1212730365803933,14,compact_thermal,spline_ridge
14,55.099999999999994,0.5275178704195878,1.04528935620479,0.7815304209949961,1.3090482914145838,0.7052770680632342,0.8611342560128479,0.5084957219812307,1.213772790044465,0.997762337006815,-0.5772270505185466,-0.1366280809939672,0.22806250148771123,0.08861019846636847,0.3688188936313705,1.0417352424950979,0.3066931675101723,1.1038609686162961,14,compact_thermal,spline_ridge
14,55.3,0.6234888138517964,1.145486506707543,0.8337420997816449,1.4572309136334414,0.6575388680906195,0.8851200472436251,0.5563506131983154,1.213889481288935,0.9973997435955576,-0.5784648166993849,-0.11227969635193251,0.1592134149886683,0.09970697258687539,0.2789455847515618,1.036132151429677,0.25895496753755753,1.0561227686436814,14,compact_thermal,spline_ridge
14,55.5,0.5215937659318409,1.0469663939627412,0.7861695109968206,1.3077632769286616,0.6412222005018637,0.906416723103195,0.5858056228522631,1.2270278233541267,0.9973881826486829,-0.5784766814442687,-0.09097145954548792,0.1340974459635067,0.08268201107300696,0.3272737048945818,0.9551706961091457,0.24263829994880182,1.0398061010549258,14,compact_thermal,spline_ridge
14,55.699999999999996,0.9065600571965797,0.8687863490517773,0.41550632045348745,1.3220663776500672,0.6540766174305382,0.9076312662930192,0.58059295757775,1.2346695750082883,0.997164857057187,-0.5792474132824873,-0.08953359076416788,0.15471663093024735,0.08001762625321995,0.35024494886986035,0.9579082859912161,0.2554927168774763,1.0526605179836002,14,compact_thermal,spline_ridge
14,55.9,1.2042584194021075,1.0399665089219259,0.437837299220872,1.6420957186229796,0.6029882188152768,0.9226279952614828,0.6211338858538444,1.224122104669121,0.9973881826486829,-0.5784766814442687,-0.0747601873872001,0.07261906137868199,0.08502318206945275,0.28015015820159267,0.9258262794289609,0.20440431826221483,1.0015721193683387,14,compact_thermal,spline_ridge
14,56.099999999999994,0.8853570543861466,1.1656822741284356,0.7230037469353623,1.608360801321509,0.6394781870839586,0.9488488481676272,0.6291097546256479,1.2685879417096064,0.9974456830286932,-0.5782666921337237,-0.04859683486106604,0.13116392425951964,0.07895146792878033,0.3396947848594908,0.9392615893084265,0.24089428653089673,1.0380620876370206,14,compact_thermal,spline_ridge
14,56.3,0.41506426719876743,1.0676035939506203,0.8600714603512367,1.2751357275500041,0.6062429338315505,0.9565767282931307,0.6534552613773554,1.259698195208906,0.9972925639300737,-0.5787922436847515,-0.040715835636943074,0.0783177513507943,0.0817791555825098,0.29572263402301463,0.9167632336400864,0.20765903327848856,1.0048268343846125,14,compact_thermal,spline_ridge
14,56.5,0.6169889541784016,1.0711642440859932,0.7626697669967926,1.379658721175194,0.6661010583176956,0.9237432935834947,0.5906927644246469,1.2567938227423425,0.9970104670976251,-0.579745696672912,-0.07326717351413041,0.17343181593569296,0.08456516610533571,0.3450021114608322,0.9872000051745591,0.2675171577646337,1.0646849588707576,14,compact_thermal,spline_ridge
14,56.699999999999996,1.1862496313244306,0.8825637948749011,0.28943897921268563,1.4756886105371165,0.6965522898093377,0.879250762164969,0.5309746172603002,1.2275269070696377,0.9967283702651765,-0.5806991496610726,-0.11747760810020749,0.21908673618394242,0.09092156519240253,0.3513177189519639,1.0417868606667116,0.2979683892562758,1.0951361903623997,14,compact_thermal,spline_ridge
14,56.9,0.44300077953815714,1.0377709220248965,0.8162705322558179,1.2592713117939751,0.5905477762617504,0.9139833119837916,0.6187094238529164,1.2092572001146666,0.9970104670976251,-0.579745696672912,-0.08302715511383352,0.05304095820390768,0.08860982715720439,0.2540910117127857,0.927004540810715,0.19196387570868845,0.9891316768148123,14,compact_thermal,spline_ridge
14,57.099999999999994,0.6181730624899989,1.0072258794564604,0.6981393482114608,1.3163124107014599,0.5973580106601575,0.9164986246660379,0.6178196193359592,1.2151776299961168,0.9972925639300737,-0.5787922436847515,-0.0807939392640358,0.06355358120514595,0.08283312288692311,0.2828357345408658,0.9118802867794491,0.19877411010709556,0.9959419112132194,14,compact_thermal,spline_ridge
14,57.3,0.4238743207944402,1.0629958908343136,0.8510587304370935,1.2749330512315336,0.5716588633800025,0.936206810652324,0.6503773789623228,1.2220362423423252,0.9975016275482409,-0.578094868266226,-0.06129481689591684,0.018882010058720998,0.08351887976877767,0.25453272774379027,0.8887849990162147,0.17307496282694057,0.9702427639330644,14,compact_thermal,spline_ridge
14,57.5,0.499603962468369,1.0249764138236193,0.7751744325894346,1.2747783950578038,0.5463011886459312,1.001419902506765,0.7282693081837993,1.2745704968297304,0.997710691166408,-0.5773974928477006,0.0037092113403569722,-0.027187334923432505,0.07794876139281694,0.2503251225568089,0.8422772547350537,0.14771728809286933,0.9448850891989932,14,compact_thermal,spline_ridge
14,57.699999999999996,0.5089499172825569,1.1176991360553297,0.8632241774140511,1.3721740946966081,0.5664389526829939,0.9796218648617655,0.6964023885202686,1.2628413412032624,0.9976414888471101,-0.5776653085974818,-0.018019623985344676,0.009279342022433579,0.078578392054616,0.26807214166042415,0.8648057637055637,0.16785505212993201,0.9650228532360559,14,compact_thermal,spline_ridge
14,57.9,0.584779892298094,1.0062332862709709,0.713843340121924,1.298623232420018,0.5833056142388772,0.9413356769904756,0.6496828698710371,1.2329884841099141,0.9978785247250511,-0.5768820212452075,-0.056542847734575505,0.03783800093584407,0.08080557512155499,0.2764820571329289,0.8901291713448254,0.18472171368581525,0.9818895147919391,14,compact_thermal,spline_ridge
14,58.099999999999994,0.34314644475453515,1.038318369321293,0.8667451469440254,1.2098915916985604,0.6639044526016332,0.8928196899126964,0.5608674636118798,1.2247719162135131,0.9976414888471101,-0.5776653085974818,-0.10482179893441365,0.16804827205337008,0.0769296111886426,0.3717981602304707,0.9560107449727957,0.2653205520485713,1.0624883531546951,14,compact_thermal,spline_ridge
14,58.3,0.6550469042228999,0.9606174241896129,0.633093972078163,1.2881408763010629,0.6373341094857377,0.8756574324550558,0.556990377712187,1.1943244871979246,0.9974044529691691,-0.578448595949756,-0.1217470205141133,0.12798733972246423,0.09557484090847122,0.2744307749910629,1.0002374439804125,0.23875020893267573,1.0359180100387997,14,compact_thermal,spline_ridge
14,58.5,0.5015753488507179,1.0286160916117133,0.7778284171863542,1.2794037660370723,0.6187705320679886,0.9203901975017903,0.611004931467796,1.2297754635357845,0.9976414888471101,-0.5776653085974818,-0.07725129134531981,0.09764452608788018,0.07868889504880738,0.3199841346282978,0.9175569295076794,0.22018663151492668,1.0173544326210506,14,compact_thermal,spline_ridge
14,58.699999999999996,0.4465011402082312,1.0318933901080596,0.808642820003944,1.255143960212175,0.652931892704682,0.9486968235904469,0.622230877238106,1.2751627699427879,0.9974044529691691,-0.578448595949756,-0.04870762937872225,0.15216614173052942,0.07700138448214397,0.36055307288495947,0.9453107125244045,0.2543479921516201,1.051515793257744,14,compact_thermal,spline_ridge
14,58.9,0.4481711702036618,1.01682073732431,0.7927351522224791,1.240906322426141,0.6220801334104871,0.8814351517796504,0.5703950850744068,1.192475218484894,0.9970664116171728,-0.5795738728054143,-0.11563125983752247,0.10488751011400434,0.0887462285411084,0.2851054447239781,0.9590548220969961,0.22349623285742515,1.0206640339635489,14,compact_thermal,spline_ridge
14,59.099999999999994,1.1042702617235725,1.206091349150955,0.6539562182891688,1.7582264800127412,0.5603164289600814,0.910561545837213,0.6304033313571724,1.1907197603172537,0.9974044529691691,-0.578448595949756,-0.08684290713195612,-0.0008050071703635045,0.08365061181647501,0.2426900989325967,0.8779427589875661,0.16173252840701946,0.9589003295131433,14,compact_thermal,spline_ridge
14,59.3,0.5604987515071242,1.026088520347735,0.7458391445941729,1.306337896101297,0.6197098922194535,0.9336738676847122,0.6238189215749854,1.243528813794439,0.9974899264660948,-0.5781357316474245,-0.06381605878138262,0.09963190542260207,0.07845251118810645,0.3218210583064574,0.9175987261324496,0.22112599166639157,1.0182937927725155,14,compact_thermal,spline_ridge
14,59.5,0.5229191181078681,1.0220864460396262,0.7606268869856921,1.2835460050935603,0.6540613682642031,0.9341238228369404,0.6070931387048388,1.261154506969042,0.9972925639300737,-0.5787922436847515,-0.0631687410931333,0.15423814702392558,0.08397118170306064,0.3352178153810517,0.9729049211473546,0.2554774677111412,1.052645268817265,14,compact_thermal,spline_ridge
14,59.699999999999996,0.8762359342753796,1.111518051704229,0.6734000845665391,1.5496360188419187,0.6445357216757167,0.8396049029253592,0.5173370420875008,1.1618727637632176,0.9970104670976251,-0.579745696672912,-0.15740556417226595,0.14052066394249035,0.07635431543582985,0.35461386136880746,0.934457581982626,0.2459518211226548,1.0431196222287786,14,compact_thermal,spline_ridge
14,59.9,0.8320554399494106,1.1231459334978307,0.7071182135231255,1.539173653472536,0.6284583108434838,0.8713657971825524,0.5571366417608105,1.1855949526042941,0.9967283702651765,-0.5806991496610726,-0.12536257308262413,0.11621356531349686,0.07933927203793877,0.3272023934360808,0.9297142282508868,0.22987441029042188,1.0270422113965458,14,compact_thermal,spline_ridge
14,60.099999999999994,0.4557272104590575,1.0436793042596157,0.8158156990300869,1.2715429094891444,0.5466383746187041,0.9218609298144758,0.6485417425051236,1.1951801171238279,0.9970104670976251,-0.579745696672912,-0.07514953728314928,-0.02422210524463486,0.08561100088226836,0.22156833113984553,0.8717084180975627,0.1480544740656422,0.945222275171766,14,compact_thermal,spline_ridge
14,60.3,0.5104861175535249,1.0827070450413163,0.8274639862645539,1.3379501038180788,0.6135784784892396,0.982881445590537,0.6760922063459172,1.289670684835157,0.9972552081018465,-0.5789155259146529,-0.014373762511309458,0.09046842220037035,0.07779972200200139,0.31816832379880655,0.9089886331796727,0.2149945779361777,1.0121623790423016,14,compact_thermal,spline_ridge
14,60.5,0.39689736956104205,1.026747988977021,0.8282993041965001,1.2251966737575422,0.5952659918587804,0.9007822875602842,0.603149291630894,1.1984152834896744,0.9969917891835115,-0.5798073377878628,-0.0962095016232273,0.06106040959725449,0.07879050712388734,0.29609376734869186,0.8944382163688689,0.19668209130571845,0.9938498924118423,14,compact_thermal,spline_ridge
14,60.699999999999996,0.5088147375124829,1.1347711806463243,0.880363811890083,1.389178549402566,0.6516387393948491,0.8715787692498111,0.5457593995523866,1.1973981389472357,0.9967283702651765,-0.5806991496610726,-0.12514960101536526,0.15243419836341462,0.07579709752782471,0.3638326685042033,0.9394448102854949,0.25305483884178714,1.0502226399479109,14,compact_thermal,spline_ridge
14,60.9,0.3085494891901362,1.013773504322749,0.8594987597276809,1.168048248917817,0.5450124474653555,0.9529431291980984,0.6804369054654207,1.2254493529307762,0.9969917891835115,-0.5798073377878628,-0.04404865998541303,-0.0271393074058717,0.0841960319644561,0.22531512481552918,0.8647097701151818,0.14642854691229357,0.9435963480184174,14,compact_thermal,spline_ridge
14,61.099999999999994,0.4724910002065467,1.0007491862870235,0.76450368618375,1.2369946863902967,0.5721958638423743,0.9234406836690567,0.6373427517478696,1.209538615590244,0.9972552081018465,-0.5789155259146529,-0.07381452443278984,0.020641599005053204,0.07861416945357615,0.273693203915859,0.8706985237688896,0.1736119632893124,0.9707797643954362,14,compact_thermal,spline_ridge
14,61.3,0.9058064943757967,1.174960685358165,0.7220574381702666,1.6278639325460633,0.5767926288342323,0.986557648104985,0.6981613336878689,1.2749539625221011,0.9973954669329027,-0.5784410658163655,-0.010837818827917704,0.0281685933097048,0.07571831187410802,0.28928571173942197,0.8642995459290427,0.1782087282811704,0.9753765293872942,14,compact_thermal,spline_ridge
14,61.5,0.5226339030072986,0.9907182646181971,0.7294013131145478,1.2520352161218464,0.595845539960685,0.9307049595728681,0.6327821895925256,1.2286277295532106,0.9972552081018465,-0.5789155259146529,-0.06655024852897838,0.06114171927002396,0.080086268747851,0.2917532317802823,0.8999378481410878,0.1972616394076231,0.9944294405137469,14,compact_thermal,spline_ridge
14,61.699999999999996,0.6511001419072993,0.8998602208837141,0.5743101499300646,1.2254102918373637,0.6527562960296116,0.8701358772426084,0.5437577292278026,1.1965140252574142,0.9969917891835115,-0.5798073377878628,-0.126855911940903,0.15325591173042225,0.08266046435005633,0.33888961460618694,0.9666229774530363,0.2541723954765497,1.0513401965826734,14,compact_thermal,spline_ridge
14,61.9,0.6044870007601604,1.0097748677467937,0.7075313673667135,1.312018368126874,0.5821402453983078,0.8955559503252689,0.604485827626115,1.186626073024423,0.9969623919080982,-0.5798818820371029,-0.10140644158282931,0.03883799323219689,0.10373074479820935,0.1882684605324882,0.9760120302641273,0.18355634484524586,0.9807241459513697,14,compact_thermal,spline_ridge
14,62.1,0.4322418001888376,1.0078566583112618,0.7917357582168429,1.2239775584056807,0.564538584373977,0.9562632151332389,0.6739939229462504,1.2385325073202273,0.997202408662141,-0.57907179692629,-0.04093919352890214,0.007325250613389216,0.0817807777246419,0.25401212519564076,0.8750650435523132,0.16595468382091505,0.9631224849270389,14,compact_thermal,spline_ridge
14,62.3,0.3508974507347276,1.0179568113021062,0.8425080859347425,1.1934055366694702,0.5787930995177708,0.9321831798831538,0.6427866301242684,1.2215797296420392,0.9969623919080982,-0.5798818820371029,-0.06477921202494445,0.033071675691763426,0.07262340392148486,0.30303773131684386,0.8545484677186977,0.18020919896470888,0.9773770000708327,14,compact_thermal,spline_ridge
14,62.5,0.868994059561051,1.12920055233892,0.6947035225583945,1.5636975821194454,0.573186894032636,0.9605833436472998,0.6739898966309819,1.2471767906636178,0.997202408662141,-0.57907179692629,-0.036619065014841294,0.022528349074029168,0.0790265752557716,0.27311830483687916,0.8732554832283929,0.1746029934795741,0.9717707945856979,14,compact_thermal,spline_ridge
14,62.699999999999996,0.8046976245620623,1.2313140260205429,0.8289652137395116,1.6336628383015739,0.6159562794606079,0.9469102888193295,0.6389321490890255,1.2548884285496333,0.997442425416184,-0.5782617118154771,-0.05053213659685454,0.09368241894641195,0.07960689550227747,0.31368417990030406,0.9182283790209118,0.21737237890754602,1.01454018001367,14,compact_thermal,spline_ridge
14,62.9,0.5023646177025226,1.0299944260778255,0.7788121172265642,1.2811767349290868,0.6613799559226551,0.9185616222710175,0.5878716443096899,1.249251600232345,0.997202408662141,-0.57907179692629,-0.07864078639112357,0.1656450125029214,0.07404939706695576,0.3802100072470033,0.9425499045983068,0.26279605536959316,1.059963856475717,14,compact_thermal,spline_ridge
14,63.1,0.6439362326443913,0.9962531813975553,0.6742850650753597,1.318221297719751,0.5854735392996455,0.9307155698609552,0.6379788002111324,1.223452339510778,0.997442425416184,-0.5782617118154771,-0.06672685555522882,0.04292742151023058,0.08758496743085524,0.2529082278626728,0.9180388507366182,0.1868896387465836,0.9840574398527074,14,compact_thermal,spline_ridge
14,63.3,0.6110837018168906,1.0029705866754588,0.6974287357670134,1.3085124375839041,0.5881668913872781,0.9637189111340475,0.6696354654404084,1.2578023568276866,0.9975007766722175,-0.5780732953855791,-0.03378186553817002,0.047328752920198364,0.07697926861182831,0.2958720468376843,0.8804617359368718,0.18958299083421615,0.98675079194034,14,compact_thermal,spline_ridge
14,63.5,0.4907376429977267,0.9838236578938964,0.7384548363950331,1.2291924793927598,0.5944223679468186,0.9804640482998004,0.6832528643263911,1.2776752322732097,0.9975217721000238,-0.5780081611855824,-0.017057723800223388,0.05784300603425493,0.07605774836680369,0.305626590374946,0.8832181455186912,0.19583846739375665,0.9930062684998805,14,compact_thermal,spline_ridge
14,63.699999999999996,0.4419370330101543,1.015836615398948,0.7948680988938708,1.2368051319040252,0.6008871323441675,0.9614789177233966,0.6610353515513128,1.2619224838954803,0.9975918244382035,-0.5777788813744859,-0.036112906714806964,0.06843071953085268,0.07813784549821677,0.30419310270211325,0.8975811619862217,0.20230323179110554,0.9994710328972294,14,compact_thermal,spline_ridge
14,63.9,0.5882255055078516,1.06928196572667,0.7751692129727441,1.3633947184805957,0.5779583262722208,0.9447293713642998,0.6557502082281894,1.2337085345004102,0.9976618767763831,-0.5775496015633893,-0.05293250541208326,0.029296088779258187,0.07651378929572523,0.2874309342692013,0.8684857182752402,0.17937442571915885,0.9765422268252827,14,compact_thermal,spline_ridge
14,64.1,0.9777759664896188,1.233892522155569,0.7450045389107595,1.7227805054003784,0.60619159682402,0.9230169844709609,0.6199211860589509,1.226112782882971,0.9978287061614476,-0.577011494498306,-0.07481172169048662,0.07645231799169769,0.0736081295334851,0.32669716712154767,0.8856860265264923,0.2076076962709581,1.004775497377082,14,compact_thermal,spline_ridge
14,64.3,0.5480002706142982,0.9748334233478964,0.7008332880407472,1.2488335586550454,0.6706935284737909,0.9311387665947573,0.5957920023578618,1.2664855308316527,0.9976618767763831,-0.5775496015633893,-0.06652311018162582,0.17810661672700517,0.06615850718070365,0.41948575629387197,0.9219013006537099,0.272109627920729,1.0692774290268527,14,compact_thermal,spline_ridge
14,64.5,0.5494746545621505,0.9246193128385141,0.6498819855574388,1.1993566401195894,0.5855456811992185,0.8870455381961655,0.5942726975965562,1.1798183787957748,0.9978287061614476,-0.577011494498306,-0.11078316796528206,0.04180041634603056,0.08541645255285414,0.26121434925567283,0.909877013142764,0.18696178064615654,0.9841295817522804,14,compact_thermal,spline_ridge
14,64.69999999999999,0.5228178743994484,0.9945340748761633,0.733125137676439,1.2559430120758874,0.6013774016097847,0.9564817589968051,0.6557930581919127,1.2571704598016975,0.997995535546512,-0.5764733874332226,-0.04151377654970695,0.06794080199386152,0.07729633071887965,0.3078786534512796,0.8948761497682898,0.20279350105672278,0.9999613021628466,14,compact_thermal,spline_ridge
14,64.9,0.5150611466909794,0.9608395644818792,0.7033089911363894,1.218370137827369,0.6184472547000713,0.9086713852362354,0.5994477578861996,1.217895012586271,0.9978287061614476,-0.577011494498306,-0.08915732092521221,0.09646812432672298,0.07663398406956469,0.3274634760182925,0.9094310333818502,0.21986335414700942,1.0170311552531333,14,compact_thermal,spline_ridge
14,65.1,0.46413596361505105,0.9736154650016402,0.7415474831941146,1.2056834468091657,0.6850271543280686,0.9013464332131045,0.5588328560490702,1.243860010377139,0.9976618767763831,-0.5775496015633893,-0.09631544356327854,0.19925280141262441,0.07642621437585984,0.39483228948528465,0.9752220191708525,0.2864432537750067,1.0836110548811306,14,compact_thermal,spline_ridge
14,65.3,0.6264353553638334,0.9465937049207245,0.6333760272388077,1.2598113826026411,0.5582157311365379,0.9098874430569209,0.630779577488652,1.1889953086251899,0.9978287061614476,-0.577011494498306,-0.08794126310452668,-0.005998281878786961,0.0835083465274999,0.2411295908416352,0.8753018714314406,0.15963183058347596,0.9567996316895998,14,compact_thermal,spline_ridge
14,65.5,0.5475403655526165,1.0286861957515168,0.7549160129752085,1.302456378527825,0.6043312242014081,0.9340474606086105,0.6318818485079065,1.2362130727093146,0.997995535546512,-0.5764733874332226,-0.06394807493790142,0.07284054051751968,0.07253496786942573,0.32891165293068514,0.879750795472131,0.20574732364834614,1.00291512475447,14,compact_thermal,spline_ridge
14,65.69999999999999,0.7752218509477895,1.064611921630085,0.6770009961561904,1.4522228471039795,0.5888425398114928,0.952611349781061,0.6581900798753146,1.2470326196868073,0.9981241073148476,-0.576052888876354,-0.0455127575337866,0.04645642302024867,0.07222671295544567,0.3145934307156938,0.8630916489072918,0.1902586392584309,0.9874264403645547,14,compact_thermal,spline_ridge
14,65.9,0.5102825405012783,0.9754829311318443,0.7203416608812051,1.2306242013824833,0.6175513209093285,0.9455604231509671,0.6367847626963028,1.2543360836056314,0.997995535546512,-0.5764733874332226,-0.052435112395544825,0.09448028428404563,0.0673675844374069,0.36175261073831744,0.8733500310803396,0.2189674203562666,1.0161352214623904,14,compact_thermal,spline_ridge
14,66.1,0.5700310722670826,0.9771346320135217,0.6921190958799804,1.262150168147063,0.6376656975681726,0.946527524438052,0.6276946756539656,1.2653603732221383,0.9980172880534137,-0.5764166518322001,-0.051489763615361686,0.12647553386387309,0.07452264560782539,0.35469879613912,0.9206325989972253,0.23908179701511068,1.0362495981212345,14,compact_thermal,spline_ridge
14,66.3,0.38092536265656557,1.030799566813034,0.8403368854847513,1.221262248141317,0.5890598617295529,0.9179929829548433,0.6234630520900668,1.2125229138196199,0.9979721333822198,-0.5765551141956196,-0.07997915042737648,0.04732764651838147,0.0770686659896195,0.2964255700389844,0.8816941534201215,0.19047596117649102,0.9876437622826149,14,compact_thermal,spline_ridge
14,66.5,0.8325851090572409,1.234748182165721,0.8184556276371004,1.6510407366943416,0.6020208679540398,0.9577291080536185,0.6567186740765987,1.2587395420306384,0.9980656019041171,-0.5762572057823464,-0.04033649385049857,0.06879403588371616,0.0737406869774515,0.32202310978175,0.8820186261263294,0.20343696740097783,1.0006047685071016,14,compact_thermal,spline_ridge
14,66.69999999999999,0.39604916845724014,0.997987081567498,0.7999624973388778,1.1960116657961182,0.5972300955822734,0.9345127222501907,0.635897674459054,1.2331277700413272,0.9979721333822198,-0.5765551141956196,-0.06345941113202914,0.06110229408677848,0.0721556320644164,0.32325088484181747,0.8712093063227293,0.19864619502921144,0.9958139961353353,14,compact_thermal,spline_ridge
14,66.9,0.4840294898067126,0.978470488624472,0.7364557437211156,1.2204852335278282,0.6346424955951716,0.9113778114123393,0.5940565636147535,1.2286990592099252,0.9979821848069754,-0.5765392419757955,-0.08660437339463613,0.12184580428014662,0.07318383398875328,0.35675914121891267,0.9125258499714306,0.2360585950421097,1.0332263961482335,14,compact_thermal,spline_ridge
14,67.1,0.4856847966009482,0.9626771533637593,0.7198347550632852,1.2055195516642334,0.628783652853202,0.8864192548559712,0.5720274284293702,1.200811081282572,0.9978803471926357,-0.5768670174909669,-0.11146109233666456,0.1128989819150272,0.07485695037415968,0.3445473764161767,0.9130199292902274,0.23019975230014011,1.0273675534062638,14,compact_thermal,spline_ridge
14,67.3,0.5244900558923089,0.9791980884134317,0.7169530604672772,1.241443116359586,0.6036105866812177,0.9163490748691429,0.614543781528534,1.2181543682097518,0.9977477098202172,-0.5772900362895751,-0.08139863495107438,0.0724640232806176,0.0909413138397397,0.25830102903964114,0.9489201443227943,0.20502668612815578,1.0021944872342796,14,compact_thermal,spline_ridge
14,67.5,0.552299351976832,0.9098761737478003,0.6337264977593843,1.1860258497362164,0.6679749246246873,0.8429961867802059,0.5090087244678623,1.1769836490925496,0.9976150724477988,-0.5777130550881833,-0.15461888566759283,0.1742084109511291,0.07631336482183779,0.3782085562257537,0.9577412930236209,0.2693910240716254,1.0665588251777494,14,compact_thermal,spline_ridge
14,67.69999999999999,0.5964969819920152,0.9798001557087088,0.6815516647127012,1.2780486467047165,0.5360675039211518,0.9110309512525345,0.6429971992919586,1.1790647032131103,0.9977477098202172,-0.5772900362895751,-0.0867167585676827,-0.04620514940015244,0.0951383490642334,0.17482155482464196,0.8973134530176616,0.13748360336808985,0.9346514044742137,14,compact_thermal,spline_ridge
14,67.9,0.5703128226350932,0.9697882714043058,0.6846318600867592,1.2549446827218524,0.5840276364353112,0.8726213278422432,0.5806075096245876,1.164635146059899,0.9977684581535403,-0.5772106652259624,-0.12514713031129707,0.03940369061557467,0.07541024071360711,0.2976904837925755,0.8703647890780468,0.18544373588224927,0.9826115369883731,14,compact_thermal,spline_ridge
14,68.1,0.6006670675346995,0.9581616666497013,0.6578281328823516,1.2584952004170509,0.6072144436039174,0.9862577789323356,0.6826505571303769,1.2898650007342942,0.99787029576788,-0.5768828897107909,-0.011612516835544394,0.07800962375364037,0.0722969118490924,0.3326987851491021,0.8817301020587327,0.2086305430508555,1.0057983441569793,14,compact_thermal,spline_ridge
14,68.3,0.7540471866555902,1.099422713680277,0.7223991203524819,1.476446307008072,0.5933218865933428,0.9549905192562026,0.6583295759595311,1.251651462552874,0.99792715152122,-0.5767035639661731,-0.0429366322650174,0.054685347157548275,0.07503727792321782,0.3084008957667103,0.8782428774199753,0.19473798604028092,0.9919057871464048,14,compact_thermal,spline_ridge
14,68.5,0.4484184451663604,0.9996891274249237,0.7754799048417433,1.223898350008104,0.6511262744839539,0.8930171377083818,0.5674540004664048,1.2185802749503587,0.9978224864085754,-0.5770406708310324,-0.10480534870019366,0.1479889852691468,0.07793265503730361,0.35521136518114454,0.9470411837867632,0.25254237393089196,1.0497101750370157,14,compact_thermal,spline_ridge
14,68.7,0.8409420645892227,1.087427035533275,0.6669560032386636,1.5078980678278864,0.5936905016629203,0.971170325348347,0.674325074516887,1.268015576179807,0.99792715152122,-0.5767035639661731,-0.026756826172873005,0.055306427586149315,0.07902438802181352,0.2936302175241131,0.8937507858017274,0.19510660110985834,0.9922744022159822,14,compact_thermal,spline_ridge
14,68.9,0.5764195146075759,0.9414452955371047,0.6532355382333167,1.2296550528408927,0.5966623191679402,0.9878243243435624,0.6894931647595923,1.2861554839275324,0.9980172880534137,-0.5764166518322001,-0.010192963709851358,0.06001269667949404,0.07729513085245716,0.3031681269733429,0.8901565113625376,0.1980784186148783,0.9952462197210021,14,compact_thermal,spline_ridge
14,69.1,0.4075684596499016,0.9883940647900977,0.7846098349651469,1.1921782946150485,0.613696153622425,0.9563870421399263,0.6495389653287138,1.2632351189511388,0.99792715152122,-0.5767035639661731,-0.041540109381293766,0.0884482268385485,0.07037679631961978,0.34647128761504825,0.8809210196298018,0.2151122530693631,1.0122800541754868,14,compact_thermal,spline_ridge
14,69.3,0.9688609115090739,1.1904533482667015,0.7060228925121645,1.6748838040212384,0.656054979901201,0.9959289778700685,0.667901487919468,1.323956467820669,0.9979343754476708,-0.5766970230960369,-0.0020053975776023365,0.15518634037105944,0.07905001609977254,0.35589738443171715,0.9562125753706848,0.25747107934813906,1.054638880454263,14,compact_thermal,spline_ridge
14,69.5,0.5241360199708637,0.9803749760199232,0.7183069660344913,1.242442986005355,0.5916910074241711,0.952181952636431,0.6563364489243455,1.2480274563485165,0.9980390405603154,-0.5763599162311777,-0.045857087923884446,0.05158918895270715,0.07660861041366149,0.30080357401744656,0.8825784408308956,0.1931071068711092,0.990274907977233,14,compact_thermal,spline_ridge
14,69.7,1.1260728438501533,0.9373875599849485,0.3743511380598719,1.5004239819100251,0.6147527340464527,0.9488781339407693,0.6415017669175429,1.2562545009639956,0.9979343754476708,-0.5766970230960369,-0.04905624150690152,0.09016187261219127,0.0703104317174466,0.34777985836615505,0.8817256097267503,0.21616883349339078,1.0133366345995145,14,compact_thermal,spline_ridge
14,69.9,0.4396547984877224,0.9582978582092078,0.7384704589653466,1.178125257453069,0.6174722078643238,1.0066133554633925,0.6978772515312306,1.3153494593955544,0.9980390405603154,-0.5763599162311777,0.008574314903076974,0.0942386972311367,0.07617776035665809,0.3282207376553145,0.906723678073333,0.21888830731126185,1.0160561084173856,14,compact_thermal,spline_ridge
14,70.1,0.6040963962887701,0.9799881510877009,0.6779399529433158,1.2820363492320859,0.659935857073001,0.9652376126287476,0.6352696840922472,1.295205541165248,0.9979343754476708,-0.5766970230960369,-0.0326967628189232,0.16108438815845222,0.07262869733773145,0.38416038945690895,0.9357113246890929,0.26135195651993903,1.0585197576260628,14,compact_thermal,spline_ridge
14,70.3,0.46830262748623425,0.9988553898160554,0.7647040760729382,1.2330067035591725,0.5602797969693601,0.9547304169786329,0.6745905184939529,1.234870315463313,0.9980390405603154,-0.5763599162311777,-0.04330862358168257,-0.002959066353706373,0.07745580558412686,0.2661755132973644,0.8543840806413558,0.16169589641629822,0.9588636975224221,14,compact_thermal,spline_ridge
14,70.5,0.8820828038413606,0.838910864545215,0.3978694626245346,1.2799522664658953,0.5919794777033933,0.9869174919485039,0.6909277530968072,1.2829072308002005,0.9981012048327352,-0.5761589160309536,-0.011183712884231336,0.051875605290375826,0.0711163806624412,0.321946366120102,0.8620125892866846,0.1933955771503314,0.9905633782564552,14,compact_thermal,spline_ridge
14,70.7,0.9346623558194878,0.7743956376438681,0.3070644597341242,1.2417268155536119,0.6432442750009305,0.976437006365567,0.6548148688651017,1.2980591438660323,0.9980390405603154,-0.5763599162311777,-0.0216020341947485,0.13512918825613912,0.07161935333703535,0.3713013463670964,0.9151872036347646,0.2446603744478686,1.0418281755539924,14,compact_thermal,spline_ridge
14,70.9,1.0217972853668047,0.7322895939731638,0.22139095128976138,1.2431882366565663,0.5749484730512847,0.9969448406151431,0.7094706040895007,1.2844190771407855,0.9981012048327352,-0.5761589160309536,-0.0011563642175921283,0.02268406174604195,0.0882649242985554,0.23980132509483243,0.910095621007737,0.1763645724982228,0.9735323736043466,14,compact_thermal,spline_ridge
14,71.1,0.5513526192438525,0.9531449868176122,0.6774686771956859,1.2288212964395384,0.60023356718213,0.955475953044512,0.6553591694534471,1.255592736635577,0.9980390405603154,-0.5763599162311777,-0.04256308751580343,0.06592349535279934,0.07252122184607268,0.32486619037663916,0.8756009439876207,0.20164966662906803,0.9988174677351919,14,compact_thermal,spline_ridge
14,71.3,0.5597746130593917,0.9681165927035353,0.6882292861738394,1.2480038992332312,0.6052752815359733,0.9968852425043612,0.6942476017363746,1.2995228832723478,0.9980452603131875,-0.5763307398984513,-0.001160017808826342,0.07425882626439222,0.07365805844860573,0.32559126878410477,0.8849592942878419,0.2066913809829114,1.0038591820890352,14,compact_thermal,spline_ridge
14,71.5,1.0705448061435219,0.9681961894766571,0.43292378640489604,1.5034685925484181,0.5949386843737065,0.9656366411090738,0.6681672989222205,1.263105983295927,0.9981074245856074,-0.5761297396982272,-0.032470783476533635,0.05683280947878991,0.07240251542275866,0.32002204289183345,0.8698553258555795,0.19635478382064453,0.9935225849267684,14,compact_thermal,spline_ridge
14,71.7,0.4899935496868929,0.9887983393958428,0.7438015645523963,1.2337951142392893,0.6202041332774573,0.9931679732784748,0.6830659066397462,1.3032700399172035,0.9981612197655848,-0.5759586065999014,-0.004993246487109968,0.09825199868863473,0.07230557516637102,0.345655579693565,0.8947526868613496,0.22162023272439535,1.018788033830519,14,compact_thermal,spline_ridge
14,71.9,0.5366653425077538,1.0172953761060526,0.7489627048521756,1.2856280473599295,0.6351005262633109,0.9953747434446587,0.6778244803130032,1.312925006576314,0.9981074245856074,-0.5761297396982272,-0.0027326811409486866,0.1221577561553027,0.0707643525330252,0.36640408634786303,0.9037969661787588,0.236516625710249,1.033684426816373,14,compact_thermal,spline_ridge
14,72.1,0.5389400978392722,0.9789421342124007,0.7094720852927646,1.248412183132037,0.6578271852624659,0.9751899428622818,0.6462763502310489,1.3041035354935147,0.9980452603131875,-0.5763307398984513,-0.022855317450905695,0.15751772136742648,0.073887130156311,0.37727337366213004,0.9383809968628016,0.25924328470940394,1.0564110858155278,14,compact_thermal,spline_ridge
14,72.3,0.9500056212121567,1.1354075761360138,0.6604047655299357,1.610410386742092,0.6103133698010516,0.9833701078706218,0.678213422970096,1.2885267927711477,0.9981074245856074,-0.5761297396982272,-0.014737316714985522,0.08234700695932676,0.07828937164180703,0.3130439864126627,0.9075827531894405,0.21172946924798963,1.0088972703541135,14,compact_thermal,spline_ridge
14,72.5,0.8959138620424352,1.184005732376709,0.7360488013554913,1.6319626633979265,0.6796558381884626,0.9594803530190897,0.6196524339248584,1.2993082721133211,0.9980452603131875,-0.5763307398984513,-0.038564907294097776,0.19016201065326566,0.0724632188665829,0.40450870213322987,0.9548029742436954,0.2810719376354007,1.0782397387415246,14,compact_thermal,spline_ridge
14,72.7,0.46996889758353494,1.1033033837132074,0.8683189349214397,1.3382878325049747,0.5948871588271087,0.9711441936265238,0.6737006142129695,1.2685877730400783,0.9981074245856074,-0.5761297396982272,-0.026963230959083588,0.05674619924599921,0.07907336685965032,0.2946408991386518,0.8951334185155657,0.19630325827404682,0.9934710593801707,14,compact_thermal,spline_ridge
14,72.9,0.8792820523451648,1.1474122937798543,0.707771267607272,1.5870533199524368,0.6149713204124844,0.9379550837230163,0.630469423516774,1.2454407439292585,0.9980452603131875,-0.5763307398984513,-0.060090176590171226,0.09015109415982259,0.07334490959620563,0.3364763524097252,0.8934662884152436,0.21638741985942245,1.0135552209655463,14,compact_thermal,spline_ridge
14,73.1,0.8822578876800828,1.0971446363286317,0.6560156924885903,1.538273580168673,0.6301509408482914,1.021081754582857,0.7060062841587114,1.3361572250070026,0.9981074245856074,-0.5761297396982272,0.022974329997249538,0.11433384005297356,0.07306984664021439,0.3527004031890865,0.9076014785074962,0.23156704029522945,1.0287348414013533,14,compact_thermal,spline_ridge
14,73.3,0.7631072425538522,1.1111305727179523,0.7295769514410264,1.4926841939948785,0.6273837275934601,1.0439246843321581,0.730232820535428,1.3576165481288882,0.9981612197655848,-0.5759586065999014,0.04576346456657328,0.10976168678274782,0.06386868909329625,0.38487053038125846,0.8698969248056616,0.22879982704039814,1.025967628146522,14,compact_thermal,spline_ridge
14,73.5,0.8220467301301286,1.1157268825088869,0.7047035174438225,1.5267502475739512,0.6238085054882081,1.024631900450038,0.7127276477059339,1.336536153194142,0.9982150149455622,-0.5757874735015756,0.026416885504475813,0.10387563356044287,0.07482701780363596,0.3396858847952029,0.9079311261812133,0.22522460493514618,1.02239240604127,14,compact_thermal,spline_ridge
14,73.7,0.7938663205570945,1.073959214077663,0.6770260537991158,1.4708923743562103,0.6119046928762265,1.032245120185858,0.7262927737477447,1.3381974666239713,0.9983108863138049,-0.57546849075366,0.03393423387205299,0.08428975156217991,0.07139152564322793,0.3408268394963719,0.8829825462560812,0.2133207923231646,1.0104885934292884,14,compact_thermal,spline_ridge
14,73.9,0.831115621015729,1.1579613553154633,0.7424035448075988,1.5735191658233278,0.6080393898435881,0.9775188431337148,0.6734991482119208,1.2815385380555089,0.9983508131625001,-0.5753213318732422,-0.020831970028785243,0.07780571868570862,0.07596173437988052,0.3196081830696509,0.8964705966175253,0.20945548929052615,1.00662329039665,14,compact_thermal,spline_ridge
14,74.1,0.5411522466393853,0.9835762647589141,0.7130001414392214,1.2541523880786067,0.6018631685227894,1.0031003312354332,0.7021687469740385,1.3040319154968278,0.9984344867684471,-0.5750470989626117,0.004665844466985938,0.06732194464127271,0.07142205654998078,0.3306693874807965,0.8730569495647824,0.2032792679697275,1.0004470690758513,14,compact_thermal,spline_ridge
14,74.3,0.6346442699878139,0.9393541621965595,0.6220320272026526,1.2566762971904666,0.6712705299923116,0.9922435378903952,0.6566082728942394,1.3278788028865511,0.9983508131625001,-0.5753213318732422,-0.0061072752721048305,0.17673828296500416,0.0712647159609208,0.4006741804906538,0.9418668794939695,0.2726866294392497,1.0698544305453734,14,compact_thermal,spline_ridge
14,74.5,0.8808765985120701,1.1536690085055208,0.7132307092494857,1.594107307761556,0.7185766493813163,0.9662008216012872,0.606912496910629,1.3254891462919454,0.9982549417942572,-0.5756403146211577,-0.032054120192970034,0.24515741519169754,0.07344750816387959,0.4396921085373225,0.9974611902253101,0.31999274882825435,1.1171605499343782,14,compact_thermal,spline_ridge
14,74.7,0.7136472306068739,1.040343515763003,0.6835199004595662,1.39716713106644,0.5867036561122373,1.0103027780231746,0.7169509499670559,1.3036546060792933,0.9983508131625001,-0.5753213318732422,0.01195196486067444,0.04208590045892676,0.084165581044194,0.26712195741110406,0.9062853548133705,0.18811975555917537,0.9852875566652992,14,compact_thermal,spline_ridge
14,74.9,0.576921502405612,0.9823773823232819,0.6939166311204759,1.2708381335260879,0.6578812207037308,0.9714164919449793,0.6424758815931139,1.3003571022968448,0.9984344867684471,-0.5750470989626117,-0.027017994823467843,0.15631621936305573,0.07443569720331117,0.3752444675189993,0.9405179738884623,0.25929732015066886,1.0564651212567928,14,compact_thermal,spline_ridge
14,75.1,0.4142113204356701,0.979277133308986,0.772171473091151,1.1863827935268212,0.6764605933607539,1.0245907259221563,0.6863604292417793,1.3628210226025332,0.9983508131625001,-0.5753213318732422,0.02623991275965622,0.1844402480451497,0.07400977844580793,0.3954410789373171,0.9574801077841908,0.277876692807692,1.0750444939138157,14,compact_thermal,spline_ridge
14,75.3,0.4635433921040003,1.0099360175355576,0.7781643214835574,1.2417077135875578,0.6582817965563872,1.0203132934194805,0.6911723951412869,1.349454191697674,0.9984344867684471,-0.5750470989626117,0.021878806651033336,0.15692492187144058,0.07927846849461422,0.35725675380607835,0.959306839306696,0.25969789600332527,1.056865697109449,14,compact_thermal,spline_ridge
14,75.5,0.8187454180992717,1.1357022494080298,0.7263295403583939,1.5450749584576655,0.6354828287204433,1.0320337590416464,0.7142923446814248,1.3497751734018681,0.9985181603743943,-0.5747728660519814,0.03351559866725198,0.12140265722485133,0.07402613329474865,0.3544012139664244,0.9165644434744622,0.23689892816738134,1.0340667292735053,14,compact_thermal,spline_ridge
14,75.7,0.644886305048461,1.0314643121840739,0.7090211596598434,1.3539074647083045,0.6240528488692411,1.0291586161021904,0.7171321916675699,1.3411850405368109,0.9985687503335399,-0.5745991664412158,0.03058986576865051,0.10307894594290422,0.07284931302534346,0.3474396904140619,0.9006660073244201,0.22546894831617914,1.022636749422303,14,compact_thermal,spline_ridge
14,75.9,0.5112906445172788,0.9724394580350642,0.7167941357764248,1.2280847802937036,0.6622024887320295,0.9924120412617183,0.6613107968957036,1.3235132856277332,0.9985181603743943,-0.5747728660519814,-0.006106119112676054,0.1625889704544381,0.07776621864994344,0.36691954825469897,0.95748542920936,0.26361858817896755,1.0607863892850915,14,compact_thermal,spline_ridge
14,76.1,0.543863361270901,0.9197395151558537,0.6478078345204032,1.1916711957913042,0.6826634092526132,0.9588189998384562,0.6174872952121496,1.3001507044647629,0.9984344867684471,-0.5750470989626117,-0.039615486929990895,0.19329374585776182,0.07774355835593078,0.38746651125445036,0.9778603072507759,0.28407950869955123,1.0812473098056752,14,compact_thermal,spline_ridge
14,76.3,0.4213827636922411,0.9553849140075412,0.7446935321614205,1.166076295853662,0.5925268512359162,1.0182574102551865,0.7219939846372283,1.3145208358731446,0.9985181603743943,-0.5747728660519814,0.01973924988079205,0.05141377759390725,0.08565781995581867,0.2672790329603867,0.9177746695114457,0.19394295068285428,0.9911107517889781,14,compact_thermal,spline_ridge
14,76.5,0.5373355288826045,0.9307440206586228,0.6620762562173206,1.199411785099925,0.6541381254535915,1.010041427925166,0.6829723651983701,1.3371104906519617,0.9984624590282211,-0.5749611870288629,0.011578968896944982,0.1505244382035087,0.07766690594697223,0.3592322811945058,0.9490439697126772,0.2555542249005296,1.0527220260066534,14,compact_thermal,spline_ridge
14,76.7,0.5809060514442081,0.9356894350811036,0.6452364093589995,1.2261424608032077,0.684678397858842,0.9581567886903664,0.6158175897609454,1.3004959876197875,0.9984067576820478,-0.5751495080057444,-0.0402499689916814,0.19634346486299986,0.07872328685375701,0.385761412697771,0.983595383019913,0.28609449730578007,1.083262298411904,14,compact_thermal,spline_ridge
14,76.9,0.5204626587038639,0.9783032539651921,0.7180719246132602,1.238534583317124,0.6030153870226418,1.0290416019713589,0.727533908460038,1.3305492954826796,0.9984624590282211,-0.5749611870288629,0.030579142943137756,0.06914862189883061,0.07940748927961276,0.30150044470619153,0.904530329339092,0.20443148646957987,1.0015992875757038,14,compact_thermal,spline_ridge
14,77.1,0.4832425198002476,0.9921939900752279,0.7505727301751041,1.2338152499753516,0.6754995238249903,0.9726673581780312,0.634917596265536,1.3104171200905264,0.9984067576820478,-0.5751495080057444,-0.025739399504016647,0.18284668150131828,0.07444874683739723,0.39281322040634004,0.9581858272436407,0.2769156232719284,1.0740834243780522,14,compact_thermal,spline_ridge
14,77.3,0.44652247559460534,0.981721230139522,0.7584599923422193,1.2049824679368246,0.7220304952519909,0.9492318728283942,0.5882166252023987,1.3102471204543895,0.9983108863138049,-0.57546849075366,-0.04907901348541076,0.24978058696350725,0.07570492140874832,0.4345744225476423,1.0094865679563396,0.323446594698929,1.120614395805053,14,compact_thermal,spline_ridge
14,77.5,0.4582315427524266,0.999635040579776,0.7705192692035626,1.2287508119559893,0.6078916969697264,0.9797375953804851,0.6757917468956218,1.2836834438653484,0.9984067576820478,-0.5751495080057444,-0.01866916230156268,0.07739096513874183,0.09036153445768763,0.26478359599831536,0.9509997979411375,0.20930779641666453,1.0064755975227884,14,compact_thermal,spline_ridge
14,77.7,0.47880719360511953,1.001419814019556,0.7620162172169962,1.2408234108221157,0.6765790803660854,0.9532058789278609,0.6149163387448182,1.2914954191109036,0.9983108863138049,-0.57546849075366,-0.04510500738594404,0.1847625488788081,0.07576450938454453,0.38889674858657974,0.964261412145591,0.27799517981302346,1.0751629809191474,14,compact_thermal,spline_ridge
14,77.9,0.5555943344029959,0.9488055667061254,0.6710083995046274,1.2266027339076233,0.5790488807393954,1.030689948320363,0.7411655079506654,1.3202143886900608,0.9984067576820478,-0.5751495080057444,0.03228319063831524,0.02878112572646387,0.07584792818898695,0.291049802816198,0.8670479586625928,0.1804649801863335,0.9776327812924573,14,compact_thermal,spline_ridge
14,78.1,0.5113363714243289,0.899522773611966,0.6438545878998015,1.1551909593241305,0.6349327443948429,0.9671542517665723,0.6496878795691509,1.2846206239639937,0.9983108863138049,-0.57546849075366,-0.03115663454723257,0.12123229071606496,0.07458779034280745,0.35171848454672267,0.9181470042429631,0.236348843841781,1.033516644947905,14,compact_thermal,spline_ridge
14,78.3,0.4391113535195232,0.9241841746063184,0.7046284978465567,1.1437398513660801,0.6554515255923057,0.9739230232201408,0.646197260423988,1.3016487860162935,0.9982150149455622,-0.5757874735015756,-0.024291991725421437,0.1533565447100265,0.07576283436793005,0.36777555395014316,0.9431274972344682,0.25686762503924376,1.0540354261453677,14,compact_thermal,spline_ridge
14,78.5,0.4768028955750494,1.0027530378989238,0.7643515901113991,1.2411544856864485,0.6201076918901786,0.9963354122428113,0.686281566297722,1.3063892581879006,0.9983108863138049,-0.57546849075366,-0.001975474070993681,0.09760637132421504,0.0802843855537128,0.315263122457931,0.9249522613224261,0.22152379133711664,1.0186915924432405,14,compact_thermal,spline_ridge
14,78.7,0.5040390006275759,0.9784635187748383,0.7264440184610502,1.2304830190886262,0.6013239682482093,0.9967875465544704,0.6961255624303657,1.2974495306785752,0.9984067576820478,-0.5751495080057444,-0.0016192111275773816,0.06652806699017856,0.07651098228011141,0.3108072346498134,0.8918407018466052,0.2027400676951474,0.9999078688012712,14,compact_thermal,spline_ridge
14,78.9,0.49758925813677285,0.9652817941018716,0.7164871650334852,1.214076423170258,0.6693278081415911,1.0117193351092195,0.677055431038424,1.346383239180015,0.9983108863138049,-0.57546849075366,0.013408448795414637,0.17398714911242308,0.07603199007851692,0.3806298363167257,0.9580257799664564,0.2707439075885292,1.067911708694653,14,compact_thermal,spline_ridge
14,79.1,0.4124122800149879,0.9219244893539051,0.7157183493464112,1.128130629361399,0.548282436603615,1.031278293157389,0.7571370748555815,1.3054195114591964,0.9984067576820478,-0.5751495080057444,0.03287153547534108,-0.025815221536826582,0.07479139057771127,0.26429509459864076,0.8322697786085892,0.14969853605055305,0.9468663371566769,14,compact_thermal,spline_ridge
14,79.3,0.4063372056006881,0.9104368610784088,0.7072682582780646,1.113605463878753,0.6122938031319943,0.9244630507249835,0.6183161491589864,1.2306099522909806,0.9983108863138049,-0.57546849075366,-0.07384783558882142,0.08492544956399936,0.07768793655156482,0.3173081044210409,0.9072795018429478,0.2137099025789324,1.0108777036850563,14,compact_thermal,spline_ridge
14,79.5,0.5299475703142706,0.9285638069488116,0.6635900217916763,1.193537592105947,0.567019430277055,1.0152513472329354,0.7317416320944079,1.298761062371463,0.9984067576820478,-0.5751495080057444,0.016844589550887707,0.007787800730440116,0.08208657327895298,0.2553318472581946,0.8787070132959155,0.16843552972399312,0.965603330830117,14,compact_thermal,spline_ridge
14,79.7,0.6343973298643522,1.0500031175458713,0.7328044526136953,1.3672017824780471,0.6025155440531982,0.9297704404654586,0.6285126684388596,1.2310282124920577,0.9983108863138049,-0.57546849075366,-0.06854044584834633,0.06882667606195797,0.07828911565099568,0.3052471326770895,0.8997839554293068,0.20393164350013626,1.0010994446062602,14,compact_thermal,spline_ridge
14,79.9,0.9788592847753986,1.246970027128934,0.7575403847412346,1.7363996695166333,0.7423929108917833,0.9234519464947537,0.5522554910488621,1.2946484019406452,0.9982150149455622,-0.5757874735015756,-0.07476306845080848,0.27791082703929626,0.08203429474701647,0.43090383255660225,1.0538819892269644,0.34380901033872135,1.1409768114448453,14,compact_thermal,spline_ridge
14,80.1,0.5244811143393265,1.0557513463344232,0.7935107891647601,1.3179919035040866,0.6349837427703685,0.8871255848428753,0.569633713457691,1.2046174562280596,0.9981612197655848,-0.5759586065999014,-0.11103563492270954,0.12180272424629321,0.0924106487804932,0.28409503328903496,0.9858724522517021,0.2363998422173066,1.0335676433234304,14,compact_thermal,spline_ridge
14,80.3,0.8170270489905993,1.1916083638278603,0.7830948393325607,1.60012188832316,0.6400651072321447,0.8976589092406004,0.577626355624528,1.2176914628566728,0.9981074245856074,-0.5761297396982272,-0.10044851534500704,0.12994436194588324,0.080588812714927,0.33406460982904984,0.9460656046352396,0.2414812066790828,1.0386490077852066,14,compact_thermal,spline_ridge
14,80.5,0.6303347406833276,1.0532677367517023,0.7381003664100385,1.3684351070933662,0.5704253250924168,0.9675650697178582,0.6823524071716498,1.2527777322640665,0.9981612197655848,-0.5759586065999014,-0.030596150047726648,0.01458559456187435,0.0786403351325742,0.2718233125322225,0.8690273376526112,0.17184142453935491,0.9690092256454788,14,compact_thermal,spline_ridge
14,80.7,1.151952463441021,0.8845787815251265,0.30860254980461593,1.460555013245637,0.5646581747026186,0.9554188389247403,0.6730897515734311,1.2377479262760496,0.9982150149455622,-0.5757874735015756,-0.04279617602082186,0.004252742052873494,0.08084326141245221,0.2576915205169228,0.8716248288883144,0.16607427414955667,0.9632420752556805,14,compact_thermal,spline_ridge
14,80.9,0.9942320744755121,1.1520089008774466,0.6548928636396906,1.6491249381152027,0.5950248483416989,0.9718505699904353,0.6743381458195858,1.2693629941612847,0.9982549417942572,-0.5756403146211577,-0.02640437180382198,0.056488202231467416,0.07725929988422398,0.3016667084567512,0.8883829882266465,0.19644094778863697,0.9936087488947608,14,compact_thermal,spline_ridge
14,81.1,1.0906763305423535,1.23504496390571,0.6897067986345332,1.7803831291768868,0.6025644324933731,1.005088499068248,0.7038062828215614,1.3063707153149346,0.9982948686429524,-0.5754931557407399,0.006793630425295748,0.06893247830325047,0.08263699517549175,0.28878686491650435,0.9163420000702418,0.20398053194031118,1.001148333046435,14,compact_thermal,spline_ridge
14,81.3,1.1892050131906025,1.062204485410186,0.4676019788148847,1.656806992005487,0.6809401110673974,0.9699399483415293,0.6294698928078306,1.310410003875228,0.9981989972747095,-0.5758121384886554,-0.028259048933180188,0.19153121915654137,0.07762977409018561,0.3861752586688867,0.9757049634659081,0.28235621051433546,1.0795240116204594,14,compact_thermal,spline_ridge
14,81.5,0.6097189563084138,1.0340248226830195,0.7291653445288127,1.3388843008372264,0.6877540588224729,0.8965841311989438,0.5527071017877073,1.24046116061018,0.9981031259064668,-0.576131121236571,-0.10151899470752306,0.20180714363744745,0.08878840444258743,0.3506192257387923,1.0248888919061534,0.28917015826941095,1.086337959375535,14,compact_thermal,spline_ridge
14,81.7,0.5104881258343624,0.9624883031867929,0.7072442402696117,1.217732366103974,0.6863219753161314,0.8936900201450386,0.5505290324869729,1.2368510078031043,0.9980493307264894,-0.5763022543348968,-0.10435931058145072,0.19989384474034044,0.08868738925959493,0.3495707028682218,1.023073247764041,0.28773807476306945,1.0849058758691932,14,compact_thermal,spline_ridge
14,81.9,0.462269576826297,1.0203987603229707,0.7892639719098221,1.2515335487361192,0.6227251080556546,0.8763374673349132,0.5649749133070859,1.1877000213627404,0.997995535546512,-0.5764733874332226,-0.1216580682115987,0.10282329078793717,0.09090975447695449,0.2775353831847154,0.9679148329265939,0.2241412075025927,1.0213090086087164,14,compact_thermal,spline_ridge
14,82.1,0.6064258505244688,1.0555273848687148,0.7523144596064804,1.3587403101309492,0.5900650377618925,0.921588141773753,0.6265556228928069,1.2166206606546992,0.9979053990143183,-0.5767602995671955,-0.0763172572405652,0.0492377849042914,0.07954555085575965,0.28802586745957215,0.8921042080642128,0.19148113720883053,0.9886489383149544,14,compact_thermal,spline_ridge
14,82.3,0.7025313963799457,1.0338262479205922,0.6825605497306194,1.385091946110565,0.6429363710900406,0.9496572356941734,0.628189050149153,1.2711254212391938,0.9978152624821247,-0.5770472117011685,-0.048158026787951336,0.1353376957460625,0.07708576101298548,0.3502371685827362,0.9356355735973452,0.24435247053697873,1.0415202716431025,14,compact_thermal,spline_ridge
14,82.5,0.536469572233667,0.9451246971864964,0.676889911069663,1.2133594833033299,0.5828620601913287,0.9503677174212852,0.6589366873256208,1.2417987475169496,0.9979053990143183,-0.5767602995671955,-0.04753768159303311,0.03695557549513434,0.09052106362906313,0.23914821750283977,0.9265759028798176,0.18427815963826677,0.9814459607443906,14,compact_thermal,spline_ridge
14,82.7,0.4962914165703337,0.920114243194089,0.6719685349089222,1.1682599514792558,0.627867083985406,0.924327687715352,0.6103941457226489,1.238261229708055,0.9978152624821247,-0.5770472117011685,-0.07348757476677267,0.11162042708150298,0.07819260776500199,0.33096511877127094,0.9247690491995411,0.2292831834323441,1.026450984538468,14,compact_thermal,spline_ridge
14,82.9,0.518974413004229,0.918961142319504,0.6594739358173896,1.1784483488216184,0.5760352934775893,0.9477282197898219,0.6597105730510273,1.2357458665286165,0.9979053990143183,-0.5767602995671955,-0.050177179224496354,0.025173952802404222,0.09057017285428884,0.23213498015080836,0.9199356068043703,0.17745139292452738,0.9746191940306512,14,compact_thermal,spline_ridge
14,83.1,0.4086962569914539,0.9549712569252691,0.7506231284295422,1.159319385420996,0.5539747361329217,0.934340168424622,0.6573528003581611,1.211327536491083,0.997995535546512,-0.5764733874332226,-0.06365536712188997,-0.014162808489618775,0.08084357544667489,0.24700688954067335,0.86094258272517,0.15539083557985978,0.9525586366859836,14,compact_thermal,spline_ridge
14,83.3,0.6110348597850495,1.2959388178326596,0.9904213879401349,1.6014562477251844,0.608788191346057,0.9241024555342912,0.6197083598612627,1.2284965512073196,0.9979053990143183,-0.5767602995671955,-0.07380294348002708,0.08047543033807264,0.07558906170534808,0.3217720448011228,0.8958043378909912,0.21020429079299507,1.007372091899119,14,compact_thermal,spline_ridge
14,83.5,0.6321675120659493,0.8677563438957838,0.5516725878628091,1.1838400999287584,0.6008889284031079,0.9348461353837345,0.6344016711821805,1.2352905995852885,0.9978152624821247,-0.5770472117011685,-0.06296912709839018,0.06770203886521996,0.0951348234909036,0.23965636611744945,0.9621214906887664,0.202305027850046,0.9994728289561698,14,compact_thermal,spline_ridge
14,83.7,0.545824750355244,0.9522687669339425,0.6793563917563205,1.2251811421115644,0.5488229281700718,0.9036490289851935,0.6292375649001576,1.1780604930702294,0.9979053990143183,-0.5767602995671955,-0.09425637002912476,-0.023219125140419586,0.08687073163280555,0.21896961238241358,0.87867624395773,0.1502390276170099,0.9474068287231338,14,compact_thermal,spline_ridge
14,83.9,0.32351566513899416,0.9391647709074696,0.7774069383379725,1.1009226034769668,0.549267472060775,0.9329795155620905,0.6583457795317029,1.207613251592478,0.997995535546512,-0.5764733874332226,-0.06501601998442152,-0.022696370028608,0.08028315821450595,0.24442756290822537,0.8541073812133246,0.15068357150771305,0.9478513726138369,14,compact_thermal,spline_ridge
14,84.1,0.2953087872317772,0.9346770624717232,0.7870226688558346,1.0823314560876118,0.5547171850121161,0.9572975116877004,0.6799389191816423,1.2346561041937585,0.9979053990143183,-0.5767602995671955,-0.04060788732661796,-0.012536572101509116,0.07924027317193394,0.2538371721653992,0.855597197858833,0.15613328445905417,0.953301085565178,14,compact_thermal,spline_ridge
14,84.3,0.5779096810633054,0.9610982754953585,0.6721434349637059,1.2500531160270112,0.5357960936269319,0.9923688419453073,0.7244707951318413,1.2602668887587734,0.997995535546512,-0.5764733874332226,-0.0056266936012047365,-0.047528225194860566,0.08172182758687539,0.22549347161495703,0.8460987156389068,0.13721219307387,0.9343799941799938,14,compact_thermal,spline_ridge
14,84.5,0.38643040492652597,0.9542598033306262,0.7610446008673633,1.1474750057938892,0.571918894665287,0.9775298412345058,0.6915703939018623,1.2634892885671494,0.9979654139471678,-0.5765599901361433,-0.02043557271266193,0.017801899937086606,0.08524595453260247,0.2482349538079931,0.8956028355225809,0.17333499411222508,0.9705027952183489,14,compact_thermal,spline_ridge
14,84.7,0.4761347841753384,0.9077211575299435,0.6696537654422744,1.1457885496176128,0.6349754055418075,0.9028566337455086,0.5853689309746049,1.2203443365164124,0.9978836465074166,-0.576817035168218,-0.09502701276190793,0.12264802289846706,0.08182994087879782,0.3242622709538356,0.9456885401297794,0.23639150498874562,1.0335593060948693,14,compact_thermal,spline_ridge
14,84.9,0.5001329682350091,0.9273420253330481,0.6772755412155436,1.1774085094505526,0.6418783407810715,0.8782237428464619,0.5572845724559261,1.1991629132369976,0.9978494544947706,-0.5769321234346932,-0.11962571164830871,0.13357562984404897,0.09206032884808053,0.2923198168423355,0.9914368647198075,0.2432944402280096,1.0404622413341333,14,compact_thermal,spline_ridge
14,85.1,0.4305283540679643,0.9505579949300574,0.7352938178960753,1.1658221719640396,0.6315605285008448,0.8956046988881513,0.5798244346377289,1.2113849631385736,0.9978152624821247,-0.5770472117011685,-0.10221056359397343,0.1174857186904779,0.08680475113323771,0.30195774457991204,0.9611633124217775,0.23297662794778284,1.0301444290539066,14,compact_thermal,spline_ridge
14,85.3,0.5505817447254192,0.9702368677141221,0.6949459953514125,1.2455277400768316,0.630502243400216,0.9451764502888175,0.6299253285887094,1.2604275719889255,0.9977385696292539,-0.5772984066322789,-0.05256211934043638,0.1160598411775981,0.08984019169839963,0.28937371177950316,0.9716307750209288,0.23191834284715407,1.029086143953278,14,compact_thermal,spline_ridge
14,85.5,0.5176602857040303,0.9599100808817779,0.7010799380297628,1.218740223733793,0.5734166083993958,1.007322644102052,0.7206143399023541,1.2940309483017498,0.9978152624821247,-0.5770472117011685,0.009507381619927355,0.020904450519314555,0.08565163579366375,0.24819227175402903,0.8986409450447626,0.17483270784633387,0.9720005089524577,14,compact_thermal,spline_ridge
14,85.7,0.4045619817705706,0.9202781149235428,0.7179971240382576,1.1225591058088282,0.6038566475665632,0.9841690002434366,0.682240676460155,1.2860973240267182,0.9977385696292539,-0.5772984066322789,-0.013569569385817286,0.072879958949771,0.0877782343268799,0.27055749027279274,0.9371558048603337,0.2052727470135013,1.0024405481196252,14,compact_thermal,spline_ridge
14,85.9,1.2935122267953665,1.058552731234379,0.4117966178366957,1.7053088446320621,0.633591856189724,0.8910015900964919,0.5742056620016299,1.207797518191354,0.9976618767763831,-0.5775496015633893,-0.10666028667989111,0.12119930976294946,0.08050465783586826,0.32791089984925736,0.9392728125301907,0.2350079556366621,1.0321757567427858,14,compact_thermal,spline_ridge
14,86.1,0.4814884087927931,0.9372008631984722,0.6964566588020757,1.1779450675948686,0.5471812580740202,0.9331769349725537,0.6595863059355436,1.2067675640095639,0.9977385696292539,-0.5772984066322789,-0.06456163465670019,-0.025676757223805788,0.09166602675770302,0.1991199225379649,0.8952425936100754,0.14859735752095826,0.9457651586270821,14,compact_thermal,spline_ridge
14,86.3,0.4967151107288507,0.9586231984681852,0.7102656431037598,1.2069807538326105,0.5764388976989129,0.9604696023017575,0.6722501534523011,1.2486890511512139,0.9978152624821247,-0.5770472117011685,-0.03734566018036722,0.026161278430950164,0.08418351234106039,0.2567891128010068,0.896088682596819,0.17785499714585096,0.9750227982519748,14,compact_thermal,spline_ridge
14,86.5,0.9376578558539463,1.185341667537034,0.7165127396100608,1.6541705954640074,0.5770844672152399,0.9725466473719588,0.6840044137643388,1.2610888809795788,0.9978494544947706,-0.5769321234346932,-0.02530280712281176,0.02716549056767796,0.08158099350164824,0.26731660057040585,0.8868523338600739,0.17850056666217795,0.9756683677683018,14,compact_thermal,spline_ridge
14,86.7,0.45192532642528954,0.947744798078436,0.7217821348657913,1.1737074612910807,0.6292645120677102,0.9714539972653666,0.6568217412315116,1.2860862532992217,0.9978152624821247,-0.5770472117011685,-0.026361265216758075,0.11384362895197056,0.07884990814061515,0.32986673837712616,0.9286622857582942,0.23068061151464825,1.027848412620772,14,compact_thermal,spline_ridge
14,86.9,0.6354893628088525,0.9242580557410599,0.6065133743366335,1.2420027371454863,0.6525684663544276,0.9082406330047501,0.5819563998275363,1.2345248661819639,0.9977385696292539,-0.5772984066322789,-0.08949793662450384,0.15045919062111485,0.08260450101482932,0.3389142810311301,0.966222651677725,0.25398456580136564,1.0511523669074894,14,compact_thermal,spline_ridge
14,87.1,0.434859308305741,0.9011867720669448,0.6837571179140742,1.1186164262198153,0.5810436662677965,0.9452678997257237,0.6547460665918254,1.235789732859622,0.997759317962577,-0.5772190355686662,-0.05249141823685331,0.03428966770171736,0.08754874410791959,0.2486158969345288,0.9134714356010641,0.18245976571473455,0.9796275668208584,14,compact_thermal,spline_ridge
14,87.3,0.4877443128154431,0.9137867790699721,0.6699146226622504,1.1576589354776936,0.6316780162352355,0.8993722697281792,0.5835332616105615,1.2152112778457969,0.99771059736948,-0.5773843185660278,-0.09833832764130082,0.11800883592561771,0.07753591904053099,0.3372695370219173,0.9260864954485536,0.23309411568217353,1.0302619167882974,14,compact_thermal,spline_ridge
14,87.5,0.7302039016785687,1.0697511001814444,0.70464914934216,1.4348530510207287,0.5859184908499278,0.943465398873194,0.6505061534482302,1.236424644298158,0.997759317962577,-0.5772190355686662,-0.05429391908938294,0.04264444237630719,0.09065552171202126,0.24169410285274195,0.9301428788471136,0.18733459029686583,0.9845023914029897,14,compact_thermal,spline_ridge
14,87.7,0.5472842792032896,0.9247493477415621,0.6511072081399174,1.1983914873432069,0.6036491519332575,0.9152044298183507,0.6133798538517219,1.2170290057849795,0.9976826251097062,-0.5774702304997766,-0.0824781952913555,0.07270810639694186,0.07924567328385448,0.30274863454157896,0.9045496693249361,0.2050652513801956,1.0022330524863194,14,compact_thermal,spline_ridge
14,87.9,0.9956644510870258,0.9662459946794423,0.46841376913592936,1.4640782202229552,0.667683971893421,0.9438610531735168,0.6100190672268062,1.2777030391202273,0.9976059322568354,-0.577721425430887,-0.053744879083318584,0.173781112072257,0.08317915970107943,0.3518477734853598,0.9835201703014822,0.26910007134035907,1.066267872446483,14,compact_thermal,spline_ridge
14,88.1,0.6130650839469741,0.9078081738778895,0.6012756319044024,1.2143407158513766,0.6670151976356244,0.896701032139747,0.5631934333219347,1.2302086309575593,0.9975638521784296,-0.5778647933082347,-0.1008628200386826,0.17292234504305198,0.08795061399245216,0.3330615045368176,1.0009688907344314,0.2684312970825625,1.0655990981886863,14,compact_thermal,spline_ridge
14,88.3,0.85751478148764,1.1582998084197609,0.7295424176759409,1.587057199163581,0.6779242183919706,0.8759070439539676,0.5369449347579822,1.214869153149953,0.9975217721000238,-0.5780081611855824,-0.12161472814605628,0.18928839161362448,0.08386497585865847,0.35948393539355045,0.9963645013903908,0.27934031783890867,1.0765081189450325,14,compact_thermal,spline_ridge
14,88.5,0.4818105214080677,1.0004473250102284,0.7595420643061944,1.2413525857142622,0.6412162201598709,0.9101748323638021,0.5895667222838668,1.2307829424437375,0.9974071993839198,-0.5783821204690257,-0.0872323670201176,0.1339935584710656,0.09185164043582009,0.29245009848892667,0.9899823418308151,0.24263231960680898,1.0398001207129328,14,compact_thermal,spline_ridge
14,88.7,0.9661032857298875,1.2140845922749453,0.7310329494100016,1.697136235139889,0.5881718490694172,0.9111568698965977,0.6170709453618891,1.2052427944313062,0.9975217721000238,-0.5780081611855824,-0.08636490220342607,0.047272047724481736,0.0892248321015668,0.2493798743028015,0.9269638238360329,0.1895879485163553,0.9867557496224791,14,compact_thermal,spline_ridge
14,88.9,0.6160885670283252,1.065458420936595,0.7574141374224324,1.3735027044507575,0.6373380956227765,0.9082196269134829,0.5895505791020946,1.2268886747248713,0.9974071993839198,-0.5783821204690257,-0.08918757247043686,0.12792711861367828,0.07973498285700638,0.3345796407863782,0.940096550459175,0.23875419506971463,1.0359219961758384,14,compact_thermal,spline_ridge
14,89.1,0.9496610703383447,1.2092373103434078,0.7344067751742354,1.68406784551258,0.6679606103043252,0.8656866721639924,0.5317063670118298,1.199666977316155,0.9972926266678156,-0.5787560797524689,-0.1316059545038232,0.17523000595808697,0.08876038575140838,0.3309321658513805,1.00498905475727,0.26937670975126327,1.066544510857387,14,compact_thermal,spline_ridge
14,89.3,1.4050286322412306,1.1078837201278817,0.40536940400726634,1.810398036248497,0.677475650462455,0.8809507503285181,0.5422129250972907,1.2196885755597455,0.9972211179451256,-0.578992073845198,-0.1162703676166075,0.1896104066942304,0.09801740259058357,0.3052977645197021,1.0496535364052078,0.278891749909393,1.0760595510155169,14,compact_thermal,spline_ridge
14,89.5,0.6773516510349813,0.9114219101259418,0.572746084608451,1.2500977356434326,0.6472820435694612,0.8737551516179807,0.5501141298332501,1.1973961734027112,0.9971496092224357,-0.5792280679379271,-0.12339445760445494,0.14425491361492687,0.08945469954810918,0.3076172484868599,0.9869468386520625,0.24869814301639925,1.045865944122523,14,compact_thermal,spline_ridge
14,89.7,0.5569192628728609,0.913417065915259,0.6349574344788286,1.1918766973516894,0.6696978345236239,0.867554104307632,0.5327051870458201,1.202403021569444,0.9971224566246566,-0.5793199246284159,-0.12956835231702452,0.17839126305492603,0.08632808935560733,0.34190496361833383,0.9974907054289139,0.27111393397056194,1.0682817350766858,14,compact_thermal,spline_ridge
14,89.9,0.6060064416600811,0.8959440232472176,0.592940802417177,1.1989472440772582,0.5490775412140931,0.9496703810313496,0.675131610424303,1.2242091516383962,0.9971496092224357,-0.5792280679379271,-0.04747922819108612,-0.020287538681098123,0.08716242477951179,0.2181166492632654,0.8800384331649209,0.1504936406610312,0.947661441767155,14,compact_thermal,spline_ridge
14,90.1,0.6223463569627216,0.9447611169569172,0.6335879384755564,1.255934295438278,0.6166313488116176,0.8874542496017866,0.5791385751959779,1.1957699240075954,0.9971224566246566,-0.5793199246284159,-0.10966820702286999,0.09583600121304778,0.0788013153393896,0.31741808486679485,0.9158446127564404,0.2180474482585557,1.0152152493646796,14,compact_thermal,spline_ridge
14,90.3,0.510079070177829,0.9613250399731792,0.7062855048842647,1.2163645750620937,0.7020147889750463,0.8739506558903138,0.5229432614027907,1.224958050377837,0.9970953040268776,-0.5794117813189047,-0.1231446481365638,0.2256109730566948,0.09284357278867426,0.34948224138047784,1.0545473365696147,0.3034308884219844,1.1005986895281081,14,compact_thermal,spline_ridge
14,90.5,0.7366447788375079,1.0341368542122265,0.6658144647934724,1.4024592436309804,0.6214107296189839,0.8265853747409473,0.5158800099314553,1.1372907395504392,0.9969668049397581,-0.5798451844395272,-0.17038143019881075,0.10408216911468215,0.09297792395818649,0.26836804267240816,0.9744534165655596,0.222826829065922,1.0199946301720457,14,compact_thermal,spline_ridge
14,90.7,0.8559363899168085,1.0665022846547965,0.638534089696392,1.4944704796132007,0.6180501701345091,0.8494917715247081,0.5404666864574535,1.1585168565919628,0.9968383058526386,-0.5802785875601495,-0.1473465343279304,0.09909294418809357,0.08726054308863221,0.28671671714966535,0.9493836231193529,0.21946626958144722,1.0166340706875712,14,compact_thermal,spline_ridge
14,90.9,0.5161932366064653,0.9302527041967581,0.6721560858935254,1.1883493224999908,0.5509568097793999,0.9413351731778234,0.6658567682881236,1.2168135780675233,0.9969668049397581,-0.5798451844395272,-0.0556316317619347,-0.016253673617326374,0.07969028260403668,0.24836808445237096,0.8535455351064287,0.15237290922633795,0.9495407103324618,14,compact_thermal,spline_ridge
14,91.1,0.8287757308937741,0.7450746385817737,0.33068677313488654,1.1594625040286608,0.5450707150925804,0.950114903051227,0.6775795455049368,1.2226502605975171,0.9970953040268776,-0.5794117813189047,-0.04698040097565065,-0.027427958953660785,0.07811005118664105,0.24848222209861198,0.8416592080865488,0.1464868145395185,0.9436546156456423,14,compact_thermal,spline_ridge
14,91.3,0.9453712666780824,0.7346732082447613,0.26198757490572,1.2073588415838026,0.5527545390802295,0.9677452442899821,0.6913679747498673,1.2441225138300969,0.9971224566246566,-0.5793199246284159,-0.029377212334674475,-0.01352132283580805,0.08085823401147459,0.2457310330488009,0.8597780451116581,0.1541706385271676,0.9513384396332915,14,compact_thermal,spline_ridge
14,91.5,0.7390451333559902,1.01499663065271,0.645474063974715,1.3845191973307052,0.60795119365393,0.9805959648102804,0.6766203679833154,1.2845715616372455,0.9971187061911698,-0.5793300545565077,-0.01652274138088937,0.08166938072293026,0.08072167003796057,0.3014462291224296,0.9144561581854305,0.2093672931008681,1.006535094206992,14,compact_thermal,spline_ridge
14,91.7,0.7290606076388385,1.0858938423748472,0.7213635385554278,1.4504241461942664,0.6116470270379925,0.9537638992990468,0.6479403857800505,1.259587412818043,0.9970604135969268,-0.5795182773899392,-0.043296514297879965,0.08791836132812442,0.0788497713236595,0.3122497728494965,0.9110442812264884,0.21306312648493053,1.0102309275910544,14,compact_thermal,spline_ridge
14,91.9,0.9767843836636603,1.19407277204702,0.7056805802151896,1.68246496387885,0.6657936524452811,0.9243999649983359,0.5915031387756953,1.2572967912209765,0.9970021210026838,-0.5797065002233708,-0.07260215600434793,0.17293101261078997,0.08717145507070874,0.33479847194366236,0.9967888329468999,0.2672097518922192,1.064377552998343,14,compact_thermal,spline_ridge
14,92.1,0.8589212723654106,1.0938669674208996,0.6644063312381944,1.523327603603605,0.6401801241126767,0.8966670653584197,0.5765770033020814,1.216757127414758,0.9968450559415986,-0.5802405796847089,-0.10017799058317885,0.1342348813844344,0.08504807506444544,0.31724754332189853,0.9631127049034548,0.24159622355961474,1.0387640246657386,14,compact_thermal,spline_ridge
14,92.3,0.3069363371444426,0.9751588958372743,0.821690727265053,1.1286270644094956,0.5668883388278532,0.9530469200297557,0.6696027506158291,1.2364910894436822,0.9970021210026838,-0.5797065002233708,-0.043955200972928196,0.012113572290870855,0.08693505771562451,0.23679077309190216,0.8969859045638042,0.16830443827479125,0.9654722393809151,14,compact_thermal,spline_ridge
14,92.5,0.43997525037814816,0.9338386229947717,0.7138509978056976,1.1538262481838457,0.5403293813002004,0.9718356525031839,0.7016709618530838,1.242000343153284,0.9970604135969268,-0.5795182773899392,-0.025224761093742776,-0.036058082616400325,0.07903384686066624,0.24023318138975847,0.8404255812106423,0.14174548074713844,0.9389132818532623,14,compact_thermal,spline_ridge
14,92.7,0.2039075597809433,1.3894606118748725,1.2875068319844007,1.4914143917653442,0.5676559193812267,0.9845715072872584,0.700743547596645,1.2683994669778718,0.9970021210026838,-0.5797065002233708,-0.012430613715425393,0.013466680668853134,0.07709916143087804,0.2749058346931034,0.86040600406935,0.1690720188281648,0.9662398199342886,14,compact_thermal,spline_ridge
14,92.9,1.001004749098432,1.1602930709400456,0.6597906963908297,1.6607954454892617,0.5487374822307413,1.0251086050957705,0.7507398639803999,1.299477346211141,0.9970604135969268,-0.5795182773899392,0.028048191498843727,-0.02061684888761845,0.07743496607973126,0.254712327391841,0.8427626370696415,0.15015358167767934,0.9473213827838032,14,compact_thermal,spline_ridge
14,93.1,0.5925033648065868,0.9291094978641117,0.6328578154608183,1.2253611802674051,0.5861977268449293,0.987553931081132,0.6944550676586674,1.2806527945035966,0.9970953040268776,-0.5794117813189047,-0.009541372945745598,0.045313652825299575,0.0792254324090387,0.2853740652543582,0.8870213884355005,0.1876138262918674,0.9847816273979912,14,compact_thermal,spline_ridge
14,93.3,0.5099866462775111,0.9107397781480429,0.6557464550092873,1.1657331012867984,0.5816166685170241,0.9896155148714257,0.6988071806129137,1.2804238491299378,0.9970247768392232,-0.5796602672727826,-0.007409261967797454,0.037716573860317605,0.07748946730150126,0.28738456930943473,0.8758487677246134,0.18303276796396217,0.980200569070086,14,compact_thermal,spline_ridge
14,93.5,0.4431674426000501,0.9318708767326704,0.7102871554326454,1.1534545980326953,0.600739687912395,0.9489987003168878,0.6486288563606903,1.2493685442730853,0.9969314888768324,-0.5799838686556834,-0.04793278855994458,0.07039029878681817,0.07788393225104624,0.3050097819162153,0.8964695939085746,0.20215578735933304,0.9993235884654569,14,compact_thermal,spline_ridge
14,93.7,0.6131819671792311,0.9591207397060557,0.6525297561164402,1.2657117232956712,0.5677505337505503,0.9435741624443187,0.6596988955690435,1.2274494293195939,0.9970247768392232,-0.5796602672727826,-0.05345061439490453,0.013587109391327797,0.08759897698650074,0.23513202720061466,0.9003690403004859,0.16916663319748837,0.9663344343036122,14,compact_thermal,spline_ridge
14,93.9,0.6784325650424317,1.0703454459034907,0.7311291633822747,1.4095617284247064,0.5705738359747276,0.9606134145639,0.6753264965765362,1.2459003325512639,0.997118064801614,-0.5793366658898818,-0.036504650237714015,0.018223971103991064,0.07597001039355823,0.2821112046864368,0.8590364672630183,0.17198993542166563,0.9691577365277895,14,compact_thermal,spline_ridge
14,94.1,0.6355210172947399,1.0019117188739344,0.6841512102265646,1.3196722275213044,0.5813586296205995,0.9808655039691124,0.6901861891588127,1.2715448187794123,0.9970247768392232,-0.5796602672727826,-0.016159272870110812,0.037272817400361376,0.0757136332733575,0.2938694774500829,0.868847781791116,0.18277472906753756,0.9799425301736614,14,compact_thermal,spline_ridge
14,94.3,0.8571158807202288,0.9018874334721128,0.47332949311199835,1.3304453738322273,0.6354830192742823,0.9665582598568222,0.6488167502196811,1.2842997694939633,0.9969314888768324,-0.5799838686556834,-0.03037322902001016,0.1266139596852951,0.07702970315076219,0.34299667179171134,0.9279693667568533,0.23689911872122038,1.0340669198273442,14,compact_thermal,spline_ridge
14,94.5,0.43066418243689386,0.9355797205166947,0.7202476292982477,1.1509118117351416,0.5532463393968993,0.9951927741546829,0.7185696044562333,1.2718159438531325,0.9970247768392232,-0.5796602672727826,-0.0018320026845403533,-0.012291649344324827,0.08057446859583664,0.247300307463993,0.8591923713298055,0.15466243884383735,0.9518302399499612,14,compact_thermal,spline_ridge
14,94.7,0.9958346808498884,1.2227390617819816,0.7248217213570375,1.7206564022069257,0.5837238679880574,0.9906759742778927,0.698814040283864,1.2825379082719213,0.9970953040268776,-0.5794117813189047,-0.006419329748985007,0.041084544558641856,0.07647047792462812,0.293360931827635,0.8740868041484798,0.1851399674349955,0.9823077685411193,14,compact_thermal,spline_ridge
14,94.9,0.2791489410858568,1.422967152449472,1.2833926819065435,1.5625416229924005,0.5700317134882987,0.9898596780261715,0.704843821282022,1.274875534770321,0.9971183854963919,-0.5793333602231947,-0.0072587074702203614,0.01727007822070378,0.0730272703535426,0.2927428405125683,0.8473205864640292,0.1714478129352368,0.9686156140413607,14,compact_thermal,spline_ridge
14,95.1,0.5638077758758754,0.9340575907725243,0.6521537028345865,1.215961478710462,0.5579132765769912,0.9422249009844788,0.6632682626959832,1.2211815392729743,0.9971414669659062,-0.5792549391274848,-0.05491656598142748,-0.004296807872824257,0.08150484665928306,0.24843454400492038,0.867392009149062,0.15932937602392927,0.9564971771300531,14,compact_thermal,spline_ridge
14,95.3,0.5135288215777264,0.9068131356194913,0.650048724830628,1.1635775464083544,0.6318272137483721,0.949626055624174,0.6337124487499879,1.2655396624983601,0.9971183854963919,-0.5793333602231947,-0.0474923298722178,0.12019404204065876,0.07601045937982111,0.3432109952623189,0.9204434322344254,0.23324331319531022,1.030411114301434,14,compact_thermal,spline_ridge
14,95.5,0.7306355973161268,1.0799803508489771,0.7146625521909137,1.4452981495070405,0.6653832662624956,0.9276767171644751,0.5949850840332274,1.2603683502957228,0.9970953040268776,-0.5794117813189047,-0.06941858686240253,0.17201971721672382,0.08160025966847186,0.3555422448405595,0.9752242876844316,0.26679936570943363,1.0639671668155575,14,compact_thermal,spline_ridge
14,95.7,0.6378737284969768,0.9910685558163299,0.6721316915678416,1.3100054200648183,0.6782496097840742,0.9171314943898233,0.5780066894977862,1.2562562992818604,0.9969668049397581,-0.5798451844395272,-0.07983531054993477,0.19160528166869367,0.0906813591627955,0.33392711545522535,1.022572104112923,0.2796657092310123,1.0768335103371363,14,compact_thermal,spline_ridge
14,95.9,0.4421878383980679,0.9204617878189933,0.6993678686199594,1.1415557070180273,0.6693376831011115,0.910184472550866,0.5755156310003102,1.2448533141014217,0.9968383058526386,-0.5802785875601495,-0.08665383330177255,0.17881199935744552,0.07895314757984548,0.3695479031420167,0.9691274630602064,0.2707537825480496,1.0679215836541736,14,compact_thermal,spline_ridge
21,28.299999999999997,0.2577105974248767,0.5550585544862023,0.426203255773764,0.6839138531986407,0.46116454356084,0.8199384485521,0.58935617677168,1.05052072033252,0.9412740015446429,-0.9439791379801653,-0.12133555299254294,0.16997876577508392,0.008748444632690377,0.4231402095812276,0.49918887754045244,0.05769772432638309,0.864631362795297,21,multiscale_thermal,elastic_net
21,28.5,0.7282814568224606,1.0499231595102096,0.6857824310989793,1.41406388792144,0.42951664860841304,0.7926997470235327,0.5779414227193262,1.0074580713277392,0.9462459601701048,-0.92260864164824,-0.153546213146572,0.07751386610612498,0.008364495604155798,0.39316111482187643,0.46587218239494965,0.026049829373956113,0.83298346784287,21,multiscale_thermal,elastic_net
21,28.700000000000003,0.472183902876143,1.1367886645450525,0.9006967131069811,1.372880615983124,0.4496074922938491,0.8476322002616662,0.6228284541147416,1.0724359464085906,0.9479166022060336,-0.9168925636775573,-0.10028440194436741,0.11751224749069941,0.02157224979305631,0.3558456334420839,0.5433693511456142,0.04614067305939218,0.853074311528306,21,multiscale_thermal,elastic_net
21,28.89999999999999,0.9748360172469895,0.8755486928893775,0.38813068426588265,1.3629667015128724,0.553295220304423,0.8115179366882062,0.5348703265359946,1.0881655468404177,0.9462867986396403,-0.9232131611403197,-0.1347688619514341,0.3313495935004865,0.04540327300268543,0.3559539454942162,0.7506364951146298,0.1498284010699661,0.95676203953888,21,multiscale_thermal,elastic_net
21,29.099999999999994,0.673414673652995,1.2284654959888848,0.8917581591623872,1.5651728328153822,0.5083697795012806,0.8498945515270033,0.5957096617763631,1.1040794412776436,0.944656995073247,-0.9295337586030818,-0.09476244354624368,0.2529875748037812,0.051385860952540025,0.2850257199883353,0.7317138390142259,0.10490296026682366,0.9118365987357375,21,multiscale_thermal,elastic_net
21,29.299999999999997,0.45795241752300464,1.0511099866082905,0.8221337778467881,1.2800861953697926,0.4314031899444874,0.7975324557333383,0.5818308607610946,1.013234050705582,0.9429654983089449,-0.9367564482916236,-0.14543304257560666,0.09604429763796302,0.045893829344326294,0.23192975576726946,0.6308766241217053,0.027936370710030467,0.8348700091789443,21,multiscale_thermal,elastic_net
21,29.5,0.40064591530578963,1.1076597578237155,0.9073368001708206,1.3079827154766104,0.44994706295190695,0.736207099198295,0.5112335677223415,0.9611806306742484,0.9441440339937541,-0.9326332560744788,-0.2079369347954591,0.13400791505217735,0.019281210372189207,0.3661430025154149,0.533751123388399,0.04648024371745002,0.8534138821863639,21,multiscale_thermal,elastic_net
21,29.700000000000003,0.28004465389270694,0.684298040909145,0.5442757139627915,0.8243203678554984,0.3964370271156345,0.7405446624418016,0.5423261488839843,0.9387631759996189,0.9427090177691985,-0.9383061970273221,-0.20216435532739688,0.01306812460399262,0.016134674892046535,0.32630910238086097,0.466564951850408,-0.007029792118822431,0.7999038463500914,21,multiscale_thermal,elastic_net
21,29.89999999999999,1.1107957377531978,1.1458773741678532,0.5904795052912544,1.7012752430444522,0.42187815383758653,0.7462502025807844,0.5353111256619911,0.9571892794995778,0.9423817857807798,-0.9393808996215768,-0.19613158319999532,0.07634215800145873,0.010350094058571544,0.37689239354221643,0.46686391413295664,0.018411334603129603,0.8253449730720435,21,multiscale_thermal,elastic_net
21,30.099999999999994,0.39601743972744413,1.3123722946957255,1.1143635748320033,1.5103810145594474,0.4266672847261955,0.8104687265762114,0.5971350842131137,1.0238023689393092,0.941669502628593,-0.9424201246742225,-0.13120077605238153,0.09066936251361019,0.011471710722245029,0.37680651768308265,0.4765280517693083,0.023200465491738542,0.8301341039606525,21,multiscale_thermal,elastic_net
21,30.299999999999997,0.3496962734324844,0.9887076817915383,0.8138595450752962,1.1635558185077806,0.4072383500271615,0.7423309721795817,0.5387117971660009,0.9459501471931624,0.9409572194764061,-0.9454593497268685,-0.19862624729682443,0.047102711377349386,0.00959282567287048,0.36554398919981823,0.4489327108545048,0.0037715307927045916,0.8107051692616185,21,multiscale_thermal,elastic_net
21,30.5,1.0637129934777165,1.1250623491780283,0.59320585243917,1.6569188459168867,0.46094234887228425,0.8072053538611383,0.5767341794249963,1.0376765282972804,0.9409243292054899,-0.9459798272849577,-0.13371897534435145,0.1714975268030579,0.008245139482345069,0.4251055858191513,0.4967791119254172,0.057475529637827316,0.8644091681067412,21,multiscale_thermal,elastic_net
21,30.700000000000003,0.36154096456488016,0.7541085363152727,0.5733380540328327,0.9348790185977128,0.4107222307192219,0.8143489917688446,0.6089878764092336,1.0197101071284556,0.9411154743672828,-0.9448024585327844,-0.12676648259843823,0.054964327899529916,0.010406839518755595,0.36548983134451163,0.4559546300939322,0.007255411484764995,0.8141890499536788,21,multiscale_thermal,elastic_net
21,30.89999999999999,0.5673008521877044,1.039641160235372,0.7559907341415196,1.323291586329224,0.3462006113459378,0.8546916791530648,0.6815913734800958,1.0277919848260337,0.9409243292054899,-0.9459798272849577,-0.08623265005242513,-0.11475704308159274,0.010438908556042145,0.30082882676215483,0.3915723959297208,-0.057266207888519105,0.7496674305803948,21,multiscale_thermal,elastic_net
21,31.099999999999994,1.1773045393361485,1.0914814499403647,0.5028291802722903,1.680133719608439,0.38831337540866057,0.867728260411052,0.6735715727067217,1.0618849481153823,0.940733184043697,-0.9471571960371308,-0.07300492363264498,0.0012145992685379282,0.01247247261569635,0.33410288609280586,0.44252386472451527,-0.015153443825796364,0.7917801946431176,21,multiscale_thermal,elastic_net
21,31.299999999999997,0.750485683951853,1.0783577432600884,0.7031149012841619,1.453600585236015,0.35986712987401276,0.7952941771453926,0.6153606122083862,0.975227742082399,0.9406348494230108,-0.9478080424851214,-0.14534067227761818,-0.07421235685830443,0.009975720663508202,0.31650855013526147,0.40322570961276405,-0.04359968936044417,0.7633339491084696,21,multiscale_thermal,elastic_net
21,31.5,0.8857034524792224,0.9182514752504878,0.47539974901087667,1.361103201490099,0.4048172546767114,0.8340738276087132,0.6316652002703574,1.0364824549470688,0.9405365148023247,-0.9484588889331121,-0.10646268719361147,0.04413935220530787,0.009931985133436337,0.3616487675169328,0.44798574183649004,0.001350435442254494,0.8082840739111683,21,multiscale_thermal,elastic_net
21,31.700000000000003,0.2432844094516149,0.693957997796308,0.5723157930705005,0.8156002025221154,0.35259898029590614,0.7996809498318767,0.6233814596839236,0.9759804399798298,0.9395236125478656,-0.9522646718128225,-0.13984266271598894,-0.09015922916688432,0.006438714129959316,0.32461368385109896,0.3805842767407133,-0.05086783893855079,0.756065799530363,21,multiscale_thermal,elastic_net
21,31.89999999999999,0.26475327795022235,0.7023801805750015,0.5700035415998903,0.8347568195501127,0.3350888496990103,0.8383490880634645,0.6708046632139594,1.0058935129129698,0.9385107102934066,-0.9560704546925328,-0.10016162222994206,-0.13728910464781502,0.005371160400568194,0.3117435802820778,0.3584341191159428,-0.06837796953544661,0.7385556689334672,21,multiscale_thermal,elastic_net
21,32.099999999999994,0.5791392131695161,1.0062197138627693,0.7166501072780113,1.2957893204475275,0.4392883662322676,0.8535652923455899,0.6339211092294561,1.0732094754617236,0.9373751172296002,-0.9606999194711836,-0.08380982488401031,0.1381007086076326,0.007734625253461719,0.40567050772221974,0.4729062247423154,0.03582154699781065,0.8427551854667246,21,multiscale_thermal,elastic_net
21,32.3,0.4429360678030712,1.0097832304490915,0.7883151965475559,1.231251264350627,0.42515853075519733,0.8088093464245184,0.5962300810469198,1.0213886118021172,0.9385107102934066,-0.9560704546925328,-0.12970136386888823,0.10077728862419766,0.00924401454148929,0.3849802463862777,0.46533681512411695,0.021691711520740398,0.8286253499896543,21,multiscale_thermal,elastic_net
21,32.5,0.4134591675048759,1.1648221365552536,0.9580925528028156,1.3715517203076917,0.4456816860137804,0.7474413911380858,0.5246005481311956,0.970282234144976,0.9373751172296002,-0.9606999194711836,-0.18993372609151438,0.15254962920867732,0.009713486074891151,0.4034628855154807,0.48790048651208007,0.04221486677932346,0.8491485052482373,21,multiscale_thermal,elastic_net
21,32.7,1.2860695132925304,0.8149105956539479,0.17187583900768263,1.457945352300213,0.4605246723877413,0.7663449139347144,0.5360825777408438,0.996607250128585,0.9362395241657938,-0.9653293842498343,-0.16989461023107946,0.18994053691707372,0.013677156206335576,0.4010781333380795,0.5199712114374031,0.05705785315328438,0.8639914916221982,21,multiscale_thermal,elastic_net
21,32.89999999999999,0.4571656527807335,1.176745568842314,0.9481627424519474,1.405328395232681,0.4544193694041882,0.7153795951208837,0.48816991041878954,0.9425892798229778,0.9373751172296002,-0.9606999194711836,-0.22199552210871656,0.17196513331715152,0.00752409268621571,0.4217165719120307,0.4871221668963457,0.05095255016973127,0.8578861886386451,21,multiscale_thermal,elastic_net
21,33.099999999999994,1.0572601262441592,1.258989727737157,0.7303596646150772,1.7876197908592366,0.4940219330273661,0.8194798432925852,0.5724688767789021,1.0664908098062682,0.9385107102934066,-0.9560704546925328,-0.11903086700082138,0.25089509075354094,0.013298048444292786,0.43622315203795564,0.5518207140167765,0.09055511379290915,0.897488752261823,21,multiscale_thermal,elastic_net
21,33.3,0.5659459532528104,1.264730203461765,0.9817572268353596,1.54770318008817,0.5622937232892036,0.7850712681123659,0.5039244064677642,1.0662181297569677,0.9395236125478656,-0.9522646718128225,-0.15445234443549966,0.3765337455006559,0.02316996143671535,0.4615875533407442,0.662999893237663,0.15882690405474664,0.9657605425236605,21,multiscale_thermal,elastic_net
21,33.5,0.2690079047006913,1.2131150581535652,1.0786111058032195,1.3476190105039108,0.6612891750788229,0.8034472922019618,0.4728027046625503,1.1340918797413733,0.9405365148023247,-0.9484588889331121,-0.1370892226003629,0.5348948353441648,0.03323715031487731,0.5168268669582516,0.8057514831993942,0.25782235584436597,1.0647559943132798,21,multiscale_thermal,elastic_net
21,33.7,0.3276709644172138,0.7245519632180303,0.5607164810094234,0.8883874454266372,0.5067237163344607,0.7862235397170576,0.5328616815498273,1.039585397884288,0.9395236125478656,-0.9522646718128225,-0.15330007283080807,0.2724753096927563,0.02498944282391135,0.39810933288735184,0.6153380997815695,0.10325689710000374,0.9101905355689176,21,multiscale_thermal,elastic_net
21,33.89999999999999,1.300727395022502,0.8292082394921396,0.17884454198088867,1.4795719370033906,0.4589544169003637,0.7704280528005174,0.5409508443503356,0.9999052612506992,0.9385107102934066,-0.9560704546925328,-0.16808265749288914,0.17726607125415333,0.028883434547616025,0.33341514588378773,0.5844936879169397,0.055487597665906774,0.8624212361348207,21,multiscale_thermal,elastic_net
21,34.099999999999994,0.4165559358226161,0.7385907438723506,0.5303127759610425,0.9468687117836586,0.4658517755087282,0.8314242500807144,0.5984983623263503,1.0643501378350786,0.938646440402005,-0.9557134317268549,-0.10722219032129056,0.1918256579652789,0.02842381411820606,0.34231020367703724,0.5893933473404191,0.062384956274271264,0.8693185947431852,21,multiscale_thermal,elastic_net
21,34.3,1.0777864662029524,1.1747057455042398,0.6358125124027635,1.713598978605716,0.48118920486580447,0.8074668010985081,0.5668721986656059,1.0480614035314104,0.9390195528469183,-0.9543710719700507,-0.13155275174841022,0.22287634305833526,0.03158576390379423,0.34390450042918164,0.6184739093024273,0.07772238563134753,0.8846560241002615,21,multiscale_thermal,elastic_net
21,34.5,0.2750015169868582,1.5741941878389614,1.4366934293455322,1.7116949463323905,0.5469870393467262,0.7747815719868004,0.5012880523134373,1.0482750916601635,0.938646440402005,-0.9557134317268549,-0.16386486841520456,0.35238326082150445,0.03512534994281645,0.3943178400257865,0.6996562386676659,0.14352022011226928,0.9504538585811831,21,multiscale_thermal,elastic_net
21,34.7,0.30321744403664785,0.9677364553280967,0.8161277333097727,1.1193451773464207,0.4793262611973814,0.791854611689093,0.5521914810904023,1.0315177422877837,0.9390195528469183,-0.9543710719700507,-0.14716494115782533,0.21899728838356938,0.019508495821543858,0.39453432483575934,0.5641181975590035,0.07585944196292449,0.8827930804318384,21,multiscale_thermal,elastic_net
21,34.89999999999999,0.7183866797553903,1.1030669735406478,0.7438736336629528,1.462260313418343,0.4700330916294162,0.7909597816583838,0.5559432358436757,1.0259763274730918,0.9396166891796466,-0.9520406055239654,-0.14865690752126287,0.19708842648958744,0.027682769868972022,0.34971240250426416,0.5903537807545682,0.06656627239495927,0.8734999108638731,21,multiscale_thermal,elastic_net
21,35.099999999999994,0.2672993576018567,0.6837380817395157,0.5500884029385873,0.817387760540444,0.4924113583719047,0.8007826640634681,0.5545769848775157,1.0469883432494205,0.9402138255123749,-0.9497101390778803,-0.13943116144890683,0.24126932150779395,0.04134874526329981,0.3126927265988283,0.6721299901449811,0.08894453913744776,0.8958781776063616,21,multiscale_thermal,elastic_net
21,35.3,0.21123236985067395,0.6321270604531477,0.5265108755278107,0.7377432453784847,0.48970142214359014,0.7757146323407218,0.5308639212689268,1.0205653434125168,0.9403926847710878,-0.94872107774119,-0.164678052430366,0.23476166157499276,0.045541560769872376,0.29175909189260674,0.6876437523945735,0.0862346029091332,0.8931682413780471,21,multiscale_thermal,elastic_net
21,35.5,0.2749290583247523,0.7714538287190494,0.6339892995566733,0.9089183578814256,0.45103526881912354,0.7913143444580196,0.5657967100484579,1.0168319788675815,0.9402138255123749,-0.9497101390778803,-0.14889948105435521,0.15350039791363315,0.042324099700546354,0.2670773460146133,0.6349931916236338,0.047568449584666606,0.8545020880535805,21,multiscale_thermal,elastic_net
21,35.7,0.6080493532039873,0.5166738958570181,0.21264921925502436,0.8206985724590117,0.4613077064092922,0.8044098140817921,0.5737559608771461,1.0350636672864382,0.9396166891796466,-0.9520406055239654,-0.13520687509785445,0.1783506228175518,0.057204517715821225,0.21267337446860743,0.7099420383499769,0.057840887174835265,0.8647745256437491,21,multiscale_thermal,elastic_net
21,35.89999999999999,0.785456979199321,0.7317185982347639,0.3389901086351034,1.1244470878344244,0.411409592158642,0.6742644985215942,0.4685597024422732,0.8799692946009152,0.9402138255123749,-0.9497101390778803,-0.2659493269907807,0.06154415293642511,0.015634436446124885,0.34345590919320995,0.479363275124074,0.007942772924185049,0.8148764113930989,21,multiscale_thermal,elastic_net
21,36.099999999999994,0.5716969241158293,0.7091203066119172,0.4232718445540025,0.9949687686698317,0.3229958046657113,0.7462450609174073,0.5847471585845516,0.9077429632502629,0.9396166891796466,-0.9520406055239654,-0.19337162826223933,-0.17807533897091699,0.012816771210084585,0.26728885223082294,0.3787027571005997,-0.08047101456874561,0.7264626239001682,21,multiscale_thermal,elastic_net
21,36.3,0.214406392873362,0.6961796671666429,0.5889764707299618,0.8033828636033239,0.3841343914238502,0.7845610015123894,0.5924938058004643,0.9766281972243145,0.9402138255123749,-0.9497101390778803,-0.15565282399998553,-0.007052670878151639,0.014942294608855558,0.31918904119487373,0.44907974165282666,-0.019332427810606734,0.7876012106583071,21,multiscale_thermal,elastic_net
21,36.5,0.41036929114831533,0.7297250708079674,0.5245404252338097,0.9349097163821251,0.4160521224631251,0.7972247502305428,0.5891986889989803,1.0052508114621055,0.9398540715159616,-0.9510552687328393,-0.14262932128541872,0.07411053654579225,0.018816053301259066,0.33426982572985564,0.4978344191963946,0.012585303228668188,0.8195189416975821,21,multiscale_thermal,elastic_net
21,36.699999999999996,0.3290274988338282,0.7344977613240602,0.5699840119071462,0.8990115107409743,0.4283323147370413,0.8530796059926269,0.6389134486241063,1.0672457633611476,0.9402138255123749,-0.9497101390778803,-0.087134219519748,0.10185419070830812,0.09418725296778072,0.01895582396215978,0.8377088055119228,0.024865495502584378,0.8317991339714983,21,multiscale_thermal,elastic_net
21,36.9,0.4402925814017948,0.5254422250648844,0.30529593436398694,0.7455885157657818,0.26416085355972657,0.8844626543804783,0.752382227600615,1.0165430811603415,0.9398540715159616,-0.9510552687328393,-0.055391417135483206,-0.38014179886023436,0.030650937398570426,0.13093928911427405,0.3973824180051791,-0.13930596567473036,0.6676276727941834,21,multiscale_thermal,elastic_net
21,37.099999999999994,0.5202022875395252,1.0210090523481161,0.7609079085783536,1.2811101961178788,0.368026440442828,0.8475839577957041,0.6635707375742901,1.031597178017118,0.9394943175195485,-0.9524003983877984,-0.09191035972384445,-0.047200095977001706,0.04188302586504298,0.18598560570768483,0.5500672751779712,-0.035440378791628924,0.771493259677285,21,multiscale_thermal,elastic_net
21,37.3,0.5448153877861918,1.1190154954318396,0.8466078015387437,1.3914231893249354,0.35235436639381945,0.7796557937991343,0.6034786106022245,0.9558329769960441,0.9398540715159616,-0.9510552687328393,-0.1601982777168273,-0.0920626183469487,0.023383271664003773,0.25072106257594357,0.45398767021169534,-0.05111245284063748,0.7558211856282764,21,multiscale_thermal,elastic_net
21,37.5,0.2260201917581068,0.6426100572015834,0.52959996132253,0.7556201530806368,0.2506438141380793,0.905984336540772,0.7806624294717324,1.0313062436098117,0.9402138255123749,-0.9497101390778803,-0.03422948897160282,-0.43401227578083373,0.01918784804109505,0.16724554474304543,0.33404208353311315,-0.15282300509637764,0.6541106333725362,21,multiscale_thermal,elastic_net
21,37.699999999999996,0.7412445436289853,1.2910463322589907,0.920424060444498,1.6616686040734834,0.35442598952934473,0.9147840579772542,0.7375710632125818,1.0919970527419265,0.9403926847710878,-0.94872107774119,-0.025608626793833668,-0.0885346513124062,0.008674808298921003,0.3167217093039526,0.39213026975473686,-0.0490408297051122,0.7578928087638017,21,multiscale_thermal,elastic_net
21,37.9,0.5675899171048492,0.9845521923742311,0.7007572338218065,1.2683471509266557,0.4403290514570005,0.8711782362968953,0.6510137105683951,1.0913427620253955,0.9402138255123749,-0.9497101390778803,-0.06903558921547957,0.12947715173235447,0.019998955730705783,0.3534053748635324,0.5272527280504686,0.03686223222254359,0.8437958706914575,21,multiscale_thermal,elastic_net
21,38.099999999999994,0.6511196975900954,0.6004562372776026,0.2748963884825548,0.9260160860726503,0.3636597961260534,0.8750344727826668,0.69320457471964,1.0568643708456935,0.9400366112666152,-0.9501990829278791,-0.06500213848394838,-0.06133739148007931,0.015896593327651965,0.2945666716671026,0.43275292058500425,-0.039807023108403505,0.7671266153605103,21,multiscale_thermal,elastic_net
21,38.3,0.26117907514836747,0.9949100691308124,0.8643205315566286,1.1254996067049963,0.3624771898235316,0.8866936084022685,0.7054550134905027,1.0679322033140344,0.939818188285183,-0.9513523670630906,-0.05312457988291449,-0.06344136422889463,0.023473108764784152,0.26045341706320296,0.46450096258386026,-0.04098962941092532,0.7659440090579885,21,multiscale_thermal,elastic_net
21,38.5,0.31444043494675933,1.0294123516096798,0.8721921341363,1.1866325690830595,0.4309347931959048,0.8645675314870261,0.6491001348890737,1.0800349280849786,0.9394188705660507,-0.9528617195165705,-0.07485133907902454,0.11106322730355686,0.03253352316942148,0.2895307376789974,0.5723388487128122,0.027467973961447845,0.8344016124303617,21,multiscale_thermal,elastic_net
21,38.699999999999996,0.8883546510703842,1.1581809679234096,0.7140036423882175,1.6023582934586016,0.4352498407633677,0.7760327724519813,0.5584078520702975,0.9936576928336651,0.939343423612553,-0.9533230406453428,-0.1633106511605716,0.12148797446047274,0.01261546295607919,0.3804178566919471,0.4900818248347883,0.03178302152891077,0.8387166599978246,21,multiscale_thermal,elastic_net
21,38.9,0.3557086432979358,0.9422065012367654,0.7643521795877974,1.1200608228857334,0.45247427669734125,0.7499896362207115,0.5237524978720408,0.9762267745693821,0.9395601540324754,-0.9521287210967739,-0.18957051781176387,0.15910435656106245,0.01992085699262251,0.3658900493002672,0.5390585040944154,0.04900745746288432,0.8559410959317981,21,multiscale_thermal,elastic_net
21,39.099999999999994,0.5394358036765603,0.9672390562562921,0.697521154418012,1.2369569580945723,0.4931156781390223,0.7331421092443718,0.4865842701748607,0.979699948313883,0.9397768844523979,-0.9509344015482051,-0.20663477520802606,0.2439229103404275,0.019458989540068593,0.40853891641242845,0.5776924398656161,0.08964885890456536,0.8965824973734793,21,multiscale_thermal,elastic_net
21,39.3,0.8213912579550453,0.9093430634700123,0.49864743449248955,1.320038692447535,0.5264200793719848,0.7816204883383244,0.518410448652332,1.0448305280243169,0.9400059485469444,-0.9498887979361286,-0.15838546020862004,0.30823304294122683,0.03866381263614155,0.35837126768856553,0.694468891055404,0.12295326013752783,0.9298868986064417,21,multiscale_thermal,elastic_net
21,39.5,0.24832688979058434,0.9219531510774783,0.7977897061821861,1.0461165959727705,0.6008928719558358,0.7298573234099177,0.4294108874319998,1.0303037593878357,0.9402350126414909,-0.948843194324052,-0.21037768923157313,0.43950458433125317,0.051574998399682985,0.3767267434054595,0.8250590005062122,0.19742605272137892,1.0043596911902928,21,multiscale_thermal,elastic_net
21,39.699999999999996,0.710509275018832,1.2952808141327292,0.9400261766233131,1.650535451642145,0.5688320136672002,0.7241262428803202,0.43971023604672016,1.0085422497139203,0.9400059485469444,-0.9498887979361286,-0.21587970566662415,0.38571867867777,0.08056420772274255,0.21866687347697694,0.9189971538574233,0.16536519443274322,0.9722988329016571,21,multiscale_thermal,elastic_net
21,39.9,1.1154140420806427,1.082103575732308,0.5243965546919868,1.6398105967726295,0.48642010630471016,0.7055129679192931,0.46230291476693797,0.9487230210716482,0.9402350126414909,-0.948843194324052,-0.2347220447221978,0.22816058211466722,0.024358852744086213,0.3805465263725374,0.5922936862368829,0.08295328707025323,0.889886925539167,21,multiscale_thermal,elastic_net
21,40.099999999999994,0.25197454603633374,0.6804413956085229,0.5544541225903561,0.8064286686266898,0.4487460582599069,0.7249494729383159,0.5005764438083624,0.9493225020682694,0.9404042600759526,-0.9479370920521608,-0.21545478713763672,0.14663896901199988,0.03936746573282015,0.2776388811781497,0.619853235341664,0.04527923902544995,0.8522128774943638,21,multiscale_thermal,elastic_net
21,40.3,0.6773496762159513,0.5184605275244876,0.17978568941651193,0.8571353656324633,0.5240798313936605,0.675620795333678,0.41358087963684775,0.9376607110305083,0.9405735075104144,-0.9470309897802697,-0.2649527121767363,0.3009197335029957,0.062425420441543984,0.25275331161239273,0.7954063511749283,0.12061301215920361,0.9275466506281175,21,multiscale_thermal,elastic_net
21,40.5,0.5066100019517206,1.0217961565037703,0.76849115552791,1.2751011574796305,0.7334391884464625,0.7908698065322977,0.4241502123090664,1.157589400755529,0.9405841945690918,-0.9469589113258222,-0.1497143880367941,0.6369483204863695,0.1463175288979377,0.09748310488194756,1.3693952720109774,0.32997236921200557,1.1369060076809194,21,multiscale_thermal,elastic_net
21,40.699999999999996,0.34837704936913977,0.687454435094262,0.5132659104096922,0.8616429597788319,0.5773376248419038,0.7735040783054256,0.4848352658844737,1.0621728907263774,0.9405948816277694,-0.9468868328713747,-0.16709080332234383,0.39755878764481395,0.03944311728588161,0.4059016350350896,0.748773614648718,0.17387080560744683,0.9808044440763607,21,multiscale_thermal,elastic_net
21,40.9,0.2912505415576478,0.6356313723528842,0.4900061015740604,0.7812566431317082,0.7744091301823356,0.910780920996188,0.5235763559050202,1.2979854860873559,0.9406879830065096,-0.9465434775520397,-0.02990706201032161,0.6908885244709496,0.24301054989452975,-0.28181454130671,1.8306328016713813,0.37094231094787866,1.1778759494167925,21,multiscale_thermal,elastic_net
21,41.099999999999994,0.2364304627410467,0.4544341662896514,0.33621893491912797,0.5726493976601748,0.5493114872700334,1.047126670986429,0.7724709273514123,1.3217824146214459,0.9407810843852499,-0.9462001222327049,0.10634558660117924,0.3471104959419807,0.7303482863552871,-2.6250821710082524,3.7237051455483194,0.1458446680355765,0.9527783065044904,21,multiscale_thermal,elastic_net
21,41.3,0.2793307591792862,1.0955239910033274,0.9558586114136844,1.2351893705929706,0.5065230281518882,1.0254966933650396,0.7722351792890955,1.2787582074409838,0.9409482793762663,-0.9455012903827447,0.08454841398877327,0.26531579931128785,0.3907997620727978,-1.1920532669625636,2.20509932326634,0.10305620891743128,0.9099898473863451,21,multiscale_thermal,elastic_net
21,41.5,0.6048595691222497,1.2054831140711624,0.9030533295100375,1.5079128986322872,0.6461095086238069,0.9627641064880222,0.6397093521761188,1.2858188607999257,0.9411154743672828,-0.9448024585327844,0.021648632120739406,0.5080161869602069,0.533558770775287,-1.672956079549415,2.9651750967970285,0.24264268938934996,1.0495763278582637,21,multiscale_thermal,elastic_net
21,41.699999999999996,0.6950236660875373,0.929530600915525,0.5820187678717563,1.2770424339592936,0.5383670804005474,1.0242222036969608,0.7550386634966871,1.2934057438972344,0.941158694487646,-0.944746959558354,0.08306350920931492,0.32553231365060276,0.3513999954416637,-0.9889616446598077,2.0656958054609023,0.13490026116609044,0.9418338996350043,21,multiscale_thermal,elastic_net
21,41.9,0.46243270630695277,1.1381723784901043,0.9069560253366279,1.3693887316435807,0.47830023944076117,0.9726666968386158,0.7335165771182353,1.2118168165589964,0.9413601694988858,-0.9440345693898395,0.031306527339730036,0.2065179417017338,0.22978645687980082,-0.5204460917344923,1.4770465706160145,0.07483342020630424,0.8817670586752181,21,multiscale_thermal,elastic_net
21,42.099999999999994,0.22060765315926104,0.680232759294398,0.5699289327147675,0.7905365858740285,0.4769029755511728,0.9678566266393401,0.7294051388637537,1.2063081144149266,0.9414784610642802,-0.9433815412738353,0.02637816557505987,0.2029393269372274,0.11839858847561245,-0.037705924651340705,0.9915118757536863,0.07343615631671585,0.8803697947856297,21,multiscale_thermal,elastic_net
21,42.3,0.61816183633899,1.2748643611618837,0.9657834429923887,1.5839452793313786,0.3290141606789802,0.9441126679915413,0.7796055876520511,1.1086197483310314,0.9415967526296747,-0.9427285131578311,0.0025159153618665485,-0.16892597440774865,0.08340552885988153,-0.033500528305115906,0.6915288496630763,-0.07445265855547673,0.7324809799134371,21,multiscale_thermal,elastic_net
21,42.5,0.5299016751934708,1.0095300214676846,0.7445791838709491,1.2744808590644199,0.3530935577002644,0.8833175527456926,0.7067707738955604,1.0598643315958247,0.9414784610642802,-0.9433815412738353,-0.058160908318587695,-0.09764067991274927,0.07013892647619968,0.04824097220903889,0.6579461431914899,-0.050373261534192526,0.7565603769347213,21,multiscale_thermal,elastic_net
21,42.699999999999996,1.2113887629658295,0.9358197347546062,0.33012535327169157,1.541514116237521,0.3613299623587994,0.8968119531945806,0.716146972015181,1.0774769343739803,0.9415967526296747,-0.9427285131578311,-0.04478479943509403,-0.07523520180165744,0.0633502325274181,0.08598382936648635,0.6366760953511124,-0.04213685687565755,0.7647967815932564,21,multiscale_thermal,elastic_net
21,42.9,0.9199797849456494,0.8862579148278207,0.426268022354996,1.3462478073006454,0.3449530461943179,0.9016534281341826,0.7291769050370236,1.0741299512313416,0.9417548035967809,-0.9420695583997148,-0.04010137546259831,-0.12227741080071841,0.05813985305062826,0.09225336268008172,0.5976527297085541,-0.05851377304013905,0.7484198654287748,21,multiscale_thermal,elastic_net
21,43.099999999999994,0.7781609395843332,0.7489963249894663,0.35991585519729963,1.138076794781633,0.44904759781167675,0.8652045317396971,0.6406807328338587,1.0897283306455354,0.9419128545638872,-0.9414106036415986,-0.07670832282419,0.14078421527247073,0.016724178808984108,0.3763574469028741,0.5217377487204794,0.045580778577219816,0.8525144170461336,21,multiscale_thermal,elastic_net
21,43.3,0.7429872526340442,1.2087792479203054,0.8372856216032833,1.5802728742373273,0.45285215344828456,0.8448682646007302,0.6184421878765879,1.0712943413248723,0.9423741709043073,-0.9398794613106387,-0.0975059063035771,0.14768988246173564,0.035135699119152916,0.3001379723558467,0.6055663345407224,0.049385334213827625,0.8563189726827415,21,multiscale_thermal,elastic_net
21,43.5,0.9183058008701418,0.8227098486447888,0.36355694820971773,1.2818627490798598,0.468419091362758,0.8880524013112452,0.6538428556298662,1.1222619469926243,0.9428354872447274,-0.938348318979679,-0.05478308593348226,0.1799564295641855,0.030787869840918695,0.3346023622750057,0.6022358204505103,0.06495227212830107,0.871885910597215,21,multiscale_thermal,elastic_net
21,43.699999999999996,0.24818789182076106,0.9043923803950354,0.7802984344846549,1.028486326305416,0.4928628944143846,0.9106216642372854,0.6641902170300931,1.1570531114444778,0.9430400291343145,-0.9377147792273445,-0.03241836489702905,0.23019053097349515,0.05873771424040336,0.2375646605854434,0.7481611282433258,0.08939607517992765,0.8963297136488415,21,multiscale_thermal,elastic_net
21,43.9,0.6822602270956419,0.8711435580681526,0.5300134445203316,1.2122736716159737,0.37181923031076425,0.8449739872845468,0.6590643721291647,1.0308836024399288,0.9428354872447274,-0.938348318979679,-0.09786149996018073,-0.050999163861256226,0.04553428382042748,0.17390852867122703,0.5697299319503015,-0.03164758892369268,0.7752860495452212,21,multiscale_thermal,elastic_net
21,44.099999999999994,0.3395836945571202,0.5830829002017596,0.4132910529231994,0.7528747474803197,0.38561320671758015,0.8067771742531467,0.6139705708943566,0.9995837776119367,0.9430400291343145,-0.9377147792273445,-0.1362628548811678,-0.015205687818656902,0.015966722388122856,0.3162152725548498,0.45501114088031047,-0.017853612516876782,0.7890800259520371,21,multiscale_thermal,elastic_net
21,44.3,0.4734393827279074,1.1168626258533794,0.8801429344894257,1.3535823172173331,0.45395652825825933,0.8354114581765895,0.6084331940474598,1.062389722305719,0.9432445710239017,-0.93708123947501,-0.10783311284731227,0.14732740121452342,0.02169406324103167,0.35966521812418106,0.5482478383923376,0.0504897090238024,0.8574233474927162,21,multiscale_thermal,elastic_net
21,44.5,0.897217366568355,0.9008693938455512,0.45226071056137357,1.3494780771297288,0.508436316885401,0.7905757040769972,0.5363575456342966,1.0447938625196977,0.9434102491686438,-0.9361629264112212,-0.15283454509164662,0.2597476178780148,0.02574241110156993,0.396549224006177,0.6203234097646251,0.1049694976509441,0.911903136119858,21,multiscale_thermal,elastic_net
21,44.699999999999996,0.5802988585525656,1.0080296620236209,0.7178802327473381,1.2981790912999036,0.6548286997952723,0.8915975514507526,0.5641832015531165,1.2190119013483887,0.9435759273133859,-0.9352446133474326,-0.05197837586263328,0.5118630087662713,0.12504483268082453,0.11133249219359997,1.1983249073969446,0.2513618805608153,1.0582955190297292,21,multiscale_thermal,elastic_net
21,44.9,0.746548480277313,0.9662231437044303,0.5929489035657738,1.3394973838430868,0.6068429307280184,0.8000495831351737,0.4966281177711645,1.103471048499183,0.9437651969492137,-0.9346367531249429,-0.1437156138140399,0.43515146850154146,0.10628023335373309,0.14490537975209106,1.068780481703946,0.2033761114935615,1.0103097499624754,21,multiscale_thermal,elastic_net
21,45.099999999999994,0.6750605113971323,1.0947046493336565,0.7571743936350904,1.4322349050322227,0.4853934830548134,0.8593863567831768,0.61668961525577,1.1020830983105834,0.9439544665850415,-0.9340288929024532,-0.08456810980186465,0.2112334811952336,0.055808183797627954,0.24282819189585142,0.7279587742137754,0.08192666382035646,0.8888603022892703,21,multiscale_thermal,elastic_net
21,45.3,0.8526023851905828,0.8309851930829999,0.4046840004877084,1.2572863856782914,0.5141431810997497,0.8482475431096385,0.5911759525597636,1.1053191336595134,0.9442128518674716,-0.9327154192984201,-0.09596530875783316,0.2674619294310072,0.06307155724439686,0.24000828535912672,0.7882780768403725,0.11067636186529273,0.9176100003342066,21,multiscale_thermal,elastic_net
21,45.5,0.38939604292265406,1.074886618019648,0.8801885965583208,1.2695846394809749,0.6428107291001608,0.8410494654863331,0.5196441009362527,1.1624548300364135,0.9444712371499016,-0.931401945694387,-0.1034217716635685,0.48949699163133403,0.060033664369414735,0.38187976367201465,0.903741694528307,0.23934390986570386,1.0462775483346176,21,multiscale_thermal,elastic_net
21,45.699999999999996,0.264605611790192,1.0844585610378612,0.9521557551427653,1.2167613669329573,0.5664210896131765,0.7996123094407993,0.5164017646342111,1.0828228542473877,0.9445557465462309,-0.9309477377119386,-0.14494343710543153,0.3625302349026658,0.061397035765745615,0.29956435206336424,0.8332778271629888,0.16295427037871957,0.9698879088476334,21,multiscale_thermal,elastic_net
21,45.9,0.442425798697132,1.0575191456560016,0.8363062463074356,1.2787320450045676,0.5737699241984554,0.7778745726690333,0.49098961056980556,1.064759534768261,0.94464025594256,-0.9304935297294901,-0.16676568327352675,0.37496673779098266,0.042895700503966336,0.38732758950534046,0.7602122588915703,0.17030310496399848,0.9772367434329123,21,multiscale_thermal,elastic_net
21,46.099999999999994,0.6011598204221009,1.029415440266795,0.7288355300557445,1.3299953504778455,0.5594527205363332,0.8156085337899543,0.5358821735217878,1.095334894058121,0.9447768528757539,-0.9296891990244086,-0.12916831908579945,0.3488929411608125,0.08132861585020733,0.2059651486275803,0.9129402924450861,0.15598590130187628,0.9629195397707901,21,multiscale_thermal,elastic_net
21,46.3,0.399002985885391,0.9000676321698422,0.7005661392271467,1.0995691251125377,0.5943506987054652,0.7744973999952436,0.477322050642511,1.071672749347976,0.9449134498089478,-0.9288848683193272,-0.17041604981370412,0.4085991363422781,0.07418124226911485,0.2719285483127814,0.916772849098149,0.19088387947100827,0.9978175179399221,21,multiscale_thermal,elastic_net
21,46.5,0.2300247541711489,0.5633568933677536,0.44834451628217914,0.6783692704533281,0.4593015648800089,0.7670117148762197,0.5373609324362152,0.9966624973162241,0.9447768528757539,-0.9296891990244086,-0.17776513799953414,0.15164091846599206,0.09281079945850765,0.05590770646339066,0.8626954232966271,0.055834745645551964,0.8627683841144658,21,multiscale_thermal,elastic_net
21,46.699999999999996,0.4078922461474197,0.8049553758978671,0.6010092528241572,1.008901498971577,0.4142898936475694,0.6922558301808912,0.4851108833571065,0.8994007770046759,0.9449134498089478,-0.9288848683193272,-0.2526576196280566,0.047695544320380166,0.017343248702935257,0.3389090106837954,0.4896707766113434,0.010823074413112477,0.8177567128820263,21,multiscale_thermal,elastic_net
21,46.9,0.6098141786125941,0.7292228072749225,0.42431571796862555,1.0341298965812196,0.44983482296167726,0.7899196395217208,0.5650022280408822,1.0148370510025595,0.9450060939040814,-0.9285368856139807,-0.15508645438236057,0.12966206192800478,0.02944412515680616,0.32185856024220905,0.5778110856811455,0.04636800372722033,0.8533016421961341,21,multiscale_thermal,elastic_net
21,47.099999999999994,0.29208530915811265,0.4324766740505567,0.2864340194715003,0.5785193286296131,0.379450948229998,0.7408224191974846,0.5510969450824856,0.9305478933124836,0.9449134498089478,-0.9288848683193272,-0.20409103061146314,-0.04014507585699612,0.028705000520437493,0.2546872247910349,0.5042146716689611,-0.024015871004458955,0.782917767464455,21,multiscale_thermal,elastic_net
21,47.5,0.3919735222515494,0.6014459718626287,0.405459210736854,0.7974327329884034,0.4356298115475201,0.7858063036574211,0.567991397883661,1.0036212094311812,0.9450060939040814,-0.9285368856139807,-0.15919979024666028,0.09757443324493476,0.060558968719326235,0.17241565763495015,0.6988439654600901,0.03216299231306319,0.839096630781977,21,multiscale_thermal,elastic_net
21,47.699999999999996,0.30474275855563904,0.5617247435856114,0.40935336430779196,0.7140961228634309,0.44080166987632013,0.8491162141766962,0.6287153792385362,1.0695170491148562,0.9450987379992152,-0.9281889029086343,-0.09598252382251891,0.10902867004368919,0.04533449100362209,0.24375934988768205,0.6378439898649582,0.037334850641863204,0.844268489110777,21,multiscale_thermal,elastic_net
21,47.9,1.1125711440857602,0.9087326446338106,0.3524470725909306,1.4650182166766907,0.4323242664425469,0.8798270040503153,0.6636648708290419,1.0959891372715889,0.9452286507535093,-0.9276295650976778,-0.0654016467031939,0.08905020955293479,0.0675966427759724,0.13852149020851723,0.7261270426765766,0.02885744720808997,0.8357910856770039,21,multiscale_thermal,elastic_net
21,48.099999999999994,1.0133293690111733,0.878626032724599,0.3719613482190125,1.3852907172301856,0.42514876775901195,0.8858898232709745,0.6733154393914685,1.0984642071504804,0.9453585635078032,-0.9270702272867213,-0.05946874023682866,0.07175409776457867,0.09908284890016529,-0.005505993906060547,0.8558035294240844,0.021681948524555017,0.8286155869934688,21,multiscale_thermal,elastic_net
21,48.3,0.2526842926773762,0.7844005710293221,0.658058424690634,0.9107427173680103,0.4305432516807913,0.8138648920608613,0.5985932662204657,1.029136517901257,0.9455336907443138,-0.9262236244444252,-0.13166879868345244,0.08351613276380518,0.04295914493691186,0.24382516142097216,0.6172613419406103,0.027076432446334342,0.8340100709152483,21,multiscale_thermal,elastic_net
21,48.5,0.6993399352076862,0.9470352111564416,0.5973652435525985,1.2967051787602848,0.43856337192219613,0.7882582457235885,0.5689765597624904,1.0075399316846865,0.9457088179808245,-0.9253770216021291,-0.15745057225723602,0.1011260637672109,0.029418303438181883,0.3106993409986781,0.5664274028457141,0.0350965526877392,0.842030191156653,21,multiscale_thermal,elastic_net
21,48.699999999999996,0.8267338838372689,0.9687532759927318,0.5553863340740975,1.382120217911366,0.4602135516327586,0.8147825345569781,0.5846757587405988,1.0448893103733574,0.94589089654032,-0.924624669112324,-0.1311083619833419,0.1485600145659445,0.07723813107963225,0.12450490678878534,0.7959221964767319,0.05674673239830169,0.8636803708672156,21,multiscale_thermal,elastic_net
21,48.9,0.5048519493107055,1.1718039018065625,0.9193779271512097,1.4242298764619152,0.41722372372808686,0.8895411942286602,0.6809293323646167,1.0981530560927035,0.9457088179808245,-0.9253770216021291,-0.05616762375216435,0.0512443282911863,0.05072075185209357,0.19677050157310497,0.6376769458830688,0.013756904493629929,0.8206905429625437,21,multiscale_thermal,elastic_net
21,49.099999999999994,0.5159196525825637,1.003476547504267,0.7455167212129853,1.261436373795549,0.3694247123509063,0.7968191823529419,0.6121068261774888,0.981531538528395,0.94589089654032,-0.924624669112324,-0.14907171418737805,-0.07118364572045033,0.12422218131284216,-0.17049591448432205,0.9093453391861346,-0.03404210688355064,0.7728915315853633,21,multiscale_thermal,elastic_net
21,49.3,0.40643995125645427,1.0363318042626457,0.8331118286344186,1.2395517798908728,0.35455259668676975,0.9372200481454137,0.7599437498020288,1.1144963464887985,0.9460729750998155,-0.9238723166225189,-0.008852926954401713,-0.11302625874200314,0.137298211312626,-0.24220182777933053,0.95130702115287,-0.04891422254768718,0.7580194159212267,21,multiscale_thermal,elastic_net
21,49.5,0.735311827248211,0.881662700041026,0.5140067864169205,1.2493186136651315,0.5136907063383557,0.8463597837711365,0.5895144306019586,1.1032051369403144,0.9458685267206488,-0.9243983023912161,-0.0995087429495123,0.258264369105556,0.48499171174696554,-1.5942824933662054,2.621663906042917,0.11022388710389874,0.9171575255728126,21,multiscale_thermal,elastic_net
21,49.699999999999996,0.3724668441993681,0.9336635998707917,0.7474301777711077,1.1198970219704758,0.39424378823229195,0.7925278660329622,0.5954059719168162,0.9896497601491082,0.9456980718160708,-0.9252682780308565,-0.15317020578310855,-0.005517531142741651,0.2839022630663996,-0.8397120658250199,1.628199642289604,-0.009223031002164983,0.7977106074667488,21,multiscale_thermal,elastic_net
21,49.9,0.26153502946195734,0.5106568908637443,0.3798893761327657,0.641424405594723,0.3669761765816126,0.7922730380564648,0.6087849497656584,0.9757611263472711,0.9458685267206488,-0.9243983023912161,-0.15359548866418404,-0.07806004458991178,0.18378526647958882,-0.43183008516675275,1.165782438329978,-0.03649064265284435,0.7704429958160695,21,multiscale_thermal,elastic_net
21,50.099999999999994,0.5372534599214003,0.7704559163446041,0.5018291863839038,1.0390826463053042,0.436121627559068,0.8098650623397369,0.5918042485602029,1.0279258761192709,0.9460389816252268,-0.9235283267515756,-0.13617391928548994,0.09369421450716803,0.10780485814581173,-0.032442569034637825,0.9046858241527739,0.032654808324611095,0.839588446793525,21,multiscale_thermal,elastic_net
21,50.3,0.21617746015773556,0.6756387299257074,0.5675499998468396,0.7837274600045753,0.48446905121971856,0.8440476417335371,0.6018131161236778,1.0862821673433964,0.9461392417864523,-0.9228730575187379,-0.10209160005291522,0.1981713300556713,0.09082295404208238,0.08971518553181368,0.8792229169076234,0.08100223198526163,0.8879358704541755,21,multiscale_thermal,elastic_net
21,50.5,0.79969285074784,0.9153833957670265,0.5155369703931064,1.3152298211409466,0.41878480865003315,0.8845386997000919,0.6751462953750753,1.0939311040251085,0.9460389816252268,-0.9235283267515756,-0.061500281925134924,0.0531302525884198,0.09280739885324457,0.015405730660757733,0.8221638866393086,0.015317989415576216,0.82225162788449,21,multiscale_thermal,elastic_net
21,50.699999999999996,0.9439127633837425,1.0700610251668092,0.598104643474938,1.5420174068586805,0.4028313416536798,0.8497296763931452,0.6483140055663054,1.0511453472199852,0.9458685267206488,-0.9243983023912161,-0.09613885032750355,0.015160990694410712,0.06374163121019528,0.1257840292108519,0.6798786540965076,-0.000635477580777144,0.8062981608881368,21,multiscale_thermal,elastic_net
21,50.9,0.43483174817574466,0.7380627493477335,0.5206468752598612,0.9554786234356059,0.41118182520035945,0.9074560955077258,0.7018651829075461,1.1130470081079056,0.9460389816252268,-0.9235283267515756,-0.038582886117501,0.034808561518102646,0.04312956435566107,0.22372302214332865,0.5986406282573903,0.007715005965902522,0.8146486444348164,21,multiscale_thermal,elastic_net
21,51.099999999999994,0.46996756547550644,1.169408437151237,0.9344246544134839,1.4043922198889902,0.2918097571248517,0.9135570057582593,0.7676521271958334,1.059461884320685,0.9458685267206488,-0.9243983023912161,-0.0323115209623895,-0.30725490334758404,0.02284347696680166,0.19252262279293675,0.3910968914567666,-0.11165706210960524,0.6952765763593086,21,multiscale_thermal,elastic_net
21,51.3,0.5402221335467052,1.0191195892415406,0.7490085224681879,1.2892306560148932,0.4220860199799954,0.8608848464616157,0.649841836471618,1.0719278564516133,0.9460389816252268,-0.9235283267515756,-0.08515413516361112,0.0609821798482968,0.033917547964535284,0.27466642418649734,0.5695056157734935,0.018619200745538467,0.8255528392144523,21,multiscale_thermal,elastic_net
21,51.5,0.8075187582344392,1.3060947841167991,0.9023354049995796,1.7098541632340187,0.4539536617499388,0.8905512615108673,0.6635744306358979,1.1175280923858366,0.9461392417864523,-0.9228730575187379,-0.055587980275585015,0.13311290473870516,0.052891248883816334,0.22406656791820342,0.6838407555816741,0.050486842515481856,0.8574204809843957,21,multiscale_thermal,elastic_net
21,51.699999999999996,0.37029189320918116,1.1223229731054039,0.9371770265008134,1.3074689197099945,0.4783767548929376,0.8717197787798506,0.6325314013333818,1.1109081562263194,0.9462395019476777,-0.9222177882859005,-0.07451972316782705,0.18486112148907322,0.06979771658205068,0.17500720776075807,0.7817463020251171,0.07490993565848064,0.8818435741273944,21,multiscale_thermal,elastic_net
21,51.9,0.7144000395044235,1.1984578280814935,0.8412578083292819,1.5556578478337053,0.5118495015372374,0.8627152840705545,0.6067905333019359,1.1186400348391732,0.9463632399028234,-0.921847913469193,-0.08364795583226892,0.2521232740069722,0.06933940900949284,0.21047194737478025,0.8132270556996946,0.10838268230278048,0.9153163207716943,21,multiscale_thermal,elastic_net
21,52.099999999999994,0.3897197204204402,0.6361525897512603,0.4412927295410402,0.8310124499614804,0.5867198589922633,0.8948216822235486,0.601461752727417,1.1881816117196804,0.9464869778579691,-0.9214780386524857,-0.05166529563442051,0.3882702236610873,0.08514767096674658,0.21663310479055714,0.9568066131939694,0.18325303975780638,0.9901866782267202,21,multiscale_thermal,elastic_net
21,52.3,0.7344764746548499,1.1940719507358493,0.8268337134084243,1.5613101880632743,0.5712456786945419,0.8201781056077868,0.5345552662605159,1.1058009449550577,0.9465092510937667,-0.9213429801850052,-0.12633114548597987,0.3614070787341662,0.07359789183050382,0.2513590089314106,0.8911323484576732,0.16777885946008497,0.9747124979289988,21,multiscale_thermal,elastic_net
21,52.5,0.3094434580232572,0.6081848871835077,0.4534631581718791,0.7629066161951363,0.5913243076643604,0.8283113258187282,0.532649171986548,1.1239734796509084,0.9465315243295643,-0.9212079217175249,-0.11822019851083605,0.3958172535695186,0.09843967532090216,0.16346504257171612,1.0191835727570047,0.18785748842990346,0.9947911268988173,21,multiscale_thermal,elastic_net
21,52.699999999999996,0.2683899109616144,0.9223203829643409,0.7881254274835338,1.0565153384451482,0.7160382489581731,0.8405735553886113,0.48255443090952477,1.1985926798676978,0.9466373736329656,-0.9208133424469163,-0.10606381824435425,0.5867916493312537,0.046487843695650344,0.5139829844063275,0.9180935135100188,0.3125714297237162,1.11950506819263,21,multiscale_thermal,elastic_net
21,52.9,0.3039695434006214,0.6563861578454981,0.5044013861451875,0.8083709295458089,0.5203044133709752,0.9371453214313894,0.6769931147459018,1.197297528116877,0.9467432229363669,-0.9204187631763077,-0.009597901504977507,0.26707753481266056,0.16685641410630989,-0.20492210208423045,1.2455309288261809,0.11683759413651829,0.9237712326054321,21,multiscale_thermal,elastic_net
21,53.099999999999994,0.2611152489964943,0.6377326786287572,0.5071750541305101,0.7682903031270043,0.5713171570601061,0.8989065474937046,0.6132479689636515,1.1845651260237577,0.9468839617882729,-0.9197887538863802,-0.047977414294568366,0.35997797179601854,0.05592258900898139,0.3282546138582775,0.8143797002619347,0.16785033782564918,0.974783976294563,21,multiscale_thermal,elastic_net
21,53.3,0.8377081994926693,1.3201436592372655,0.9012895594909308,1.7389977589836,0.5263965448922473,0.81577661720059,0.5525783447544663,1.0789748896467137,0.9470247006401789,-0.9191587445964526,-0.13124808343958885,0.2774582819493368,0.07929128782383553,0.18176403746104858,0.8710290523234461,0.12292972565779037,0.9298633641267042,21,multiscale_thermal,elastic_net
21,53.5,0.6445836576291201,1.1614169154306127,0.8391250866160527,1.4837087442451729,0.511051903161775,0.8153840944367301,0.5598581428558427,1.0709100460176175,0.9471170946882185,-0.9186040997871747,-0.13173300025148832,0.24731997759583818,0.07096187674572749,0.2026224377552091,0.8194813685683409,0.10758508392731803,0.9145187223962319,21,multiscale_thermal,elastic_net
21,53.699999999999996,0.39220363366035493,1.0440509251483774,0.8479491083182,1.240152741978555,0.48419309202030614,0.8636939310035303,0.6215973849933772,1.1057904770136835,0.9472094887362581,-0.9180494549778968,-0.08351555773272779,0.19277795360799616,0.09371379516402557,0.07687444334320365,0.8915117406974087,0.0807262727858492,0.8876599112547631,21,multiscale_thermal,elastic_net
21,53.9,0.4047088316201534,1.0974276675752983,0.8950732517652217,1.299782083385375,0.5536829281040807,0.826603741422721,0.5497622773706806,1.1034452054747614,0.947427402903822,-0.9171668774827982,-0.12082366148110102,0.32600378946140784,0.1468487573232886,-0.08458209241015502,1.1919479486183164,0.15021610886962378,0.9571497473385376,21,multiscale_thermal,elastic_net
21,54.099999999999994,0.8683161374280381,1.1893481976613505,0.7551901289473314,1.6235062663753694,0.5290253043687253,0.8177742746684987,0.553261622484136,1.0822869268528614,0.947260258418583,-0.9174340489158923,-0.12948598375008422,0.2807150349934452,0.11370105835337009,0.03483379968586575,1.023216809051585,0.12555848513426837,0.9324921236031822,21,multiscale_thermal,elastic_net
21,54.3,0.23206906001609567,0.7543703218182529,0.638335791810205,0.8704048518263008,0.48114010763589465,0.8331837407727998,0.5926136869548524,1.0737537945907472,0.9472073693879346,-0.9178238768703368,-0.11402362861513483,0.1862271096453027,0.09586001450339242,0.06449310810558556,0.8977871071662038,0.07767328840143772,0.8846069268703516,21,multiscale_thermal,elastic_net
21,54.5,0.24146968867039087,0.660198182012672,0.5394633376774766,0.7809330263478674,0.40864666586767845,0.7506596185570233,0.5463362856231841,0.9549829514908625,0.947260258418583,-0.9174340489158923,-0.19660063986155957,0.02252965496790411,0.023528630440401228,0.3063815730984327,0.5109117586369242,0.005179846633221519,0.8121134851021354,21,multiscale_thermal,elastic_net
21,54.699999999999996,0.9456775790858277,0.7286250672689982,0.2557862777260843,1.201463856811912,0.8127209100656907,0.9876794796207246,0.5813190245878792,1.39403993465357,0.9475274103289475,-0.9164851428493154,0.04015206929177707,0.7091176304274897,0.20494765350931077,-0.0780657786053176,1.703507598736699,0.40925409083123376,1.2161877293001475,21,multiscale_thermal,elastic_net
21,54.9,0.6553322155447134,0.9632395580280367,0.63557345025568,1.2909056658003935,0.28408283575254034,0.9908700279801494,0.8488286101038793,1.1329114458564196,0.9472512486956325,-0.9173428769050151,0.04361877928451702,-0.34114653125985184,0.03261450202446951,0.14232681286784196,0.4258388586372387,-0.11938398348191659,0.6875496549869973,21,multiscale_thermal,elastic_net
21,55.099999999999994,0.4496545510840874,0.9771965918654872,0.7523693163234436,1.202023867407531,0.5850584473766246,0.9637904161591495,0.6712611924708372,1.2563196398474619,0.9471886856449027,-0.917634810632417,0.016601730514246897,0.3815912839369724,0.14984397662417265,-0.06622502656799789,1.2363419213212472,0.18159162814216767,0.9885252666110815,21,multiscale_thermal,elastic_net
21,55.3,0.4265406223058461,1.0067575753218174,0.7934872641688944,1.2200278864747405,0.5125611984367702,0.8937651060193478,0.6374845068009627,1.1500457052377329,0.9472512486956325,-0.9173428769050151,-0.05348614267628474,0.2490077133903874,0.10143406667370523,0.07168707851619599,0.9534353183573443,0.10909437920231324,0.9160280176712271,21,multiscale_thermal,elastic_net
21,55.5,0.2869771371373197,0.663786929871002,0.5202983613023422,0.8072754984396618,0.45554028322190554,0.9248112025853386,0.6970410609743858,1.1525813441962913,0.9475141120273087,-0.9163505734615186,-0.02270290944197022,0.13007944463875679,0.12661385653122678,-0.09477554654285802,1.005856112986669,0.05207346398744861,0.8590071024563625,21,multiscale_thermal,elastic_net
21,55.699999999999996,0.2397926818049702,0.6768912566051303,0.5569949157026451,0.7967875975076154,0.3497039701019291,1.0263256394439104,0.8514736543929459,1.2011776244948749,0.9472512486956325,-0.9173428769050151,0.07907439074827798,-0.13332540519282687,0.055869196036818884,0.1068734946893947,0.5925344455144635,-0.053762849132527823,0.753170789336386,21,multiscale_thermal,elastic_net
21,55.9,0.3545762757187378,0.6551443868430121,0.47785624898364315,0.832432524702381,0.41144841785522746,0.9343774644658464,0.7286532555382326,1.1401016733934601,0.9475141120273087,-0.9163505734615186,-0.013136647561462354,0.028278955233219185,0.03433513366051296,0.26221382309498387,0.560683012615471,0.007981598620770525,0.8149152370896844,21,multiscale_thermal,elastic_net
21,56.099999999999994,0.5735096963638447,1.0974061669657873,0.8106513187838651,1.3841610151477097,0.504945309035094,0.9500752726577967,0.6976026181402497,1.2025479271753436,0.947776975358985,-0.9153582700180222,0.002298297298811675,0.23205311550608346,0.04186408979541283,0.32298677823694866,0.6869038398332394,0.10147848980063712,0.908412128269551,21,multiscale_thermal,elastic_net
21,56.3,1.0194732560773658,0.9765964120346353,0.46685978399595246,1.4863330400733181,0.36986274296216487,0.8763542740318323,0.6914229025507499,1.0612856455129147,0.9475141120273087,-0.9163505734615186,-0.07115983799547645,-0.07827273367399526,0.020069017946680045,0.2826345471985574,0.45709093872577233,-0.03360407627229206,0.7733295621966219,21,multiscale_thermal,elastic_net
21,56.5,0.4418837514809394,0.5987234458744538,0.3777815701339841,0.8196653216149234,0.4988197040644319,0.9244395501212831,0.6750296980890671,1.173849402153499,0.947776975358985,-0.9153582700180222,-0.0233374252377019,0.219847706997456,0.04325308803784661,0.3108240163446962,0.6868153917841675,0.09535288482997495,0.9022865232988888,21,multiscale_thermal,elastic_net
21,56.699999999999996,0.2573093788046374,0.6858204884260094,0.5571657990236907,0.8144751778283281,0.3637351331444518,0.925292359371138,0.743424792798912,1.107159925943364,0.947815494744819,-0.9151834792703666,-0.022523135373681037,-0.09614585314185836,0.012123706962125056,0.31104052262177806,0.4164297436671256,-0.0397316860900051,0.7672019523789088,21,multiscale_thermal,elastic_net
21,56.9,0.24680145817124474,0.5399386262680492,0.4165378971824268,0.6633393553536716,0.39213295833837064,0.8959663565160766,0.6998998773468913,1.092032835685262,0.947854014130653,-0.9150086885227109,-0.051887657614576366,-0.02114562874268571,0.03611287595693578,0.23517156531317915,0.5490943513635621,-0.01133386089608629,0.7955997775728276,21,multiscale_thermal,elastic_net
21,57.099999999999994,0.3556260448811864,0.3421255199076777,0.16431249746708454,0.5199385423482709,0.6974548090482146,0.8435150487704339,0.49478764424632665,1.1922424532945413,0.9480483715959227,-0.9141764580524678,-0.10453332282548883,0.5538589007718626,0.17223307700310875,-0.05114089193280702,1.4460505100292362,0.2939879898137576,1.1009216282826715,21,multiscale_thermal,elastic_net
21,57.3,0.4125828527551452,0.4662976166558242,0.26000619027825156,0.6725890430333968,0.39735246021951703,0.9636746555066512,0.7649984253968927,1.1623508856164098,0.947926219279439,-0.9146580099703928,0.015748436227212233,-0.008273573076793349,0.08072166894185005,0.0465029288905755,0.7482019915484586,-0.006114359014939896,0.8008192794539739,21,multiscale_thermal,elastic_net
21,57.5,0.4099388552652986,0.9120761980274772,0.7071067703948277,1.1170456256601267,0.6508211279089211,0.9173196303747632,0.5919090664203026,1.2427301943292237,0.9481652626559867,-0.9137372975100732,-0.030845632281223546,0.4842168578647899,0.15342082717011762,-0.016008807774277267,1.3176510635921195,0.24735430867446417,1.054287947143378,21,multiscale_thermal,elastic_net
21,57.699999999999996,0.3340726889138258,1.0113392202870142,0.8443028758301013,1.1783755647439271,0.5548276627330198,0.9198537014490016,0.6424398700824917,1.1972675328155113,0.9484043060325343,-0.9128165850497536,-0.028550604583532747,0.3237188539953165,0.18735836710726061,-0.2595087620687492,1.3691640875347888,0.15136084349856282,0.9582944819674767,21,multiscale_thermal,elastic_net
21,57.9,0.5058785690918555,1.0303933633047107,0.777454078758783,1.2833326478506384,0.6934746815027402,0.867955201447005,0.5212178606956349,1.214692542198375,0.9484155708752282,-0.9127503533600638,-0.08046036942822317,0.5467098051790444,0.259127865305192,-0.4328014632842141,1.8197508262896944,0.29000786226828323,1.0969415007371972,21,multiscale_thermal,elastic_net
21,58.099999999999994,0.7027733831610522,1.062024529027465,0.710637837446939,1.4134112206079912,0.5686187738597885,0.9372218774462665,0.6529124905163722,1.2215312643761607,0.9484268357179221,-0.9126841216703743,-0.011204958271655524,0.34813905905227105,0.1508550059252662,-0.0870590487287407,1.2242965964483177,0.1651519546253316,0.9720855930942455,21,multiscale_thermal,elastic_net
21,58.3,0.5244784915748714,1.120133490845154,0.8578942450577182,1.3823727366325895,0.6008217359651667,0.9213884072137916,0.6209775392312082,1.2217992751963749,0.9485076310068373,-0.9123964613577161,-0.0271192237930458,0.40293946054186613,0.19740645454112388,-0.2571878042854755,1.4588312762158089,0.19735491673070982,1.0042885551996237,21,multiscale_thermal,elastic_net
21,58.5,0.21471637951344458,0.5807524771300732,0.4733942873733508,0.6881106668867955,0.5766012502436206,0.9053439133992646,0.6170432882774542,1.1936445385210748,0.9484268357179221,-0.9126841216703743,-0.04308292231865747,0.3620797961933805,0.35917785449612505,-0.9845332451851112,2.1377357456723525,0.1731344310091637,0.9800680694780776,21,multiscale_thermal,elastic_net
21,58.699999999999996,0.2845993600382297,0.5398134919021348,0.39751381188302,0.6821131719212497,0.6438015833102717,0.936165442258981,0.6142646506038452,1.2580662339141169,0.9485076310068373,-0.9123964613577161,-0.012342188747856333,0.47203176055734924,0.1082160065437017,0.1734503668915638,1.1141527997289797,0.24033476407581478,1.0472684025447285,21,multiscale_thermal,elastic_net
21,58.9,0.8269497025612115,1.1381913614897705,0.7247165102091647,1.5516662127703762,0.3372453779309568,0.9314140579843955,0.7627913690189171,1.100036746949874,0.9484268357179221,-0.9126841216703743,-0.01701277773352659,-0.17426036748918025,0.04552147094842778,0.13939036629628446,0.5351003895656292,-0.0662214413035001,0.7407121971654138,21,multiscale_thermal,elastic_net
21,59.099999999999994,0.3218550978419568,0.8540578251008323,0.6931302761798539,1.0149853740218107,0.5847546572232252,0.8320217000224395,0.5396443714108269,1.124399028634052,0.9484155708752282,-0.9127503533600638,-0.11639387085278871,0.37618744427946044,0.043834891357854476,0.3942302132868975,0.7752791011595528,0.18128783798876824,0.9882214764576821,21,multiscale_thermal,elastic_net
21,59.3,0.20705632428775525,0.7610240036787788,0.6574958415349011,0.8645521658226565,0.45221586295567645,0.788860871705298,0.5627529402274597,1.014968803183136,0.9484043060325343,-0.9128165850497536,-0.15954343432723636,0.1192209448089884,0.05670576882860698,0.20574929855032356,0.6986824273610294,0.04874904372121952,0.8556826821901333,21,multiscale_thermal,elastic_net
21,59.5,0.33423725435629853,0.7507718904473267,0.5836532632691774,0.917890517625476,0.4401169467814007,0.8306593212667198,0.6106008478760194,1.0507177946574202,0.9481652626559867,-0.9137372975100732,-0.11750594138926683,0.09302249826437983,0.050768000011496735,0.21945836471748656,0.6607755288453148,0.036650127546943745,0.8435837660158576,21,multiscale_thermal,elastic_net
21,59.699999999999996,0.7949687814730519,0.8157378548569836,0.4182534641204575,1.2132222455935096,0.5381925783660031,0.9065464520080172,0.6374501628250157,1.1756427411910186,0.9484043060325343,-0.9128165850497536,-0.04185785402451717,0.2932777545329071,0.019986405741367383,0.45132344918136935,0.6250617075506368,0.13472575913154616,0.94165939760046,21,multiscale_thermal,elastic_net
21,59.9,0.26975694764972086,0.6364842460083451,0.5016057721834846,0.7713627198332055,0.4549690580054946,0.8649949061351464,0.6375103771323991,1.0924794351378937,0.9484155708752282,-0.9127503533600638,-0.08342066474008185,0.1252244866329458,0.056017462225651384,0.21149415683286737,0.6984439591781217,0.051502238771037656,0.8584358772399515,21,multiscale_thermal,elastic_net
21,60.099999999999994,0.2651246472951753,0.6469821723319482,0.5144198486843605,0.7795444959795358,0.5251588162632737,0.9106414754260519,0.6480620672944151,1.1732208835576887,0.9484268357179221,-0.9126841216703743,-0.03778536029187024,0.26862956670193344,0.0750177825581793,0.1991007181479595,0.8512169143785878,0.12169199702881672,0.9286256354977306,21,multiscale_thermal,elastic_net
21,60.3,0.39202317186747054,0.890565675403965,0.6945540894702298,1.0865772613377003,0.548998221653348,0.9519332572122606,0.6774341463855866,1.2264323680389346,0.9485076310068373,-0.9123964613577161,0.0034256262054232576,0.31273638463277414,0.14969326062901467,-0.1016301786665822,1.199626621973278,0.14553140241889106,0.9524650408878049,21,multiscale_thermal,elastic_net
21,60.5,0.30852069565625917,0.7392274515301446,0.584967103702015,0.8934877993582742,0.51280356987568,0.8887216873238182,0.6323199023859782,1.1451234722616581,0.9485884262957527,-0.912108801045058,-0.05986673897193449,0.24424638918118727,0.14883097642598248,-0.13407698909666688,1.1596841288480269,0.10933675064122306,0.9162703891101369,21,multiscale_thermal,elastic_net
21,60.699999999999996,0.7109030658775751,0.8960728142243858,0.5406212812855982,1.2515243471631734,0.4179285031794537,0.914244349778783,0.7052800981890561,1.1232086013685099,0.9485076310068373,-0.9123964613577161,-0.03426328122805433,0.03995155524523639,0.05647762861767603,0.17245352984415252,0.6634034765147548,0.01446168394499675,0.8213953224139106,21,multiscale_thermal,elastic_net
21,60.9,1.003503450455731,0.6592490849564459,0.15749735972858048,1.1610008101843112,0.5604393802531245,0.9560837448771787,0.6758640547506165,1.236303435003741,0.9485884757318183,-0.9121093013030053,0.00749526914536048,0.3330751060012985,0.26927767222073345,-0.6099519946334735,1.7308307551397224,0.15697256101866752,0.9639061994875814,21,multiscale_thermal,elastic_net
21,61.099999999999994,0.3588967726598261,1.0557141748447445,0.8762657885148315,1.2351625611746577,0.47556073182393943,0.9357671685478619,0.6979868026358922,1.1735475344598316,0.9486417668312476,-0.9119037659137894,-0.012874598283385627,0.1686430827885459,0.07034659925100432,0.16980551514749304,0.7813159485003858,0.0720939125894825,0.8790275510583964,21,multiscale_thermal,elastic_net
21,61.3,0.2747452289445637,0.58923261279272,0.4518599983204381,0.7266052272650019,0.3729013506296785,0.9229561223481504,0.7365054470333111,1.1094067976629896,0.9485884757318183,-0.9121093013030053,-0.02563235338366786,-0.07433206853878543,0.05665422118314058,0.12665883346579215,0.6191438677935648,-0.030565468604778434,0.7763681698641354,21,multiscale_thermal,elastic_net
21,61.5,0.3425600662029052,0.320890604397369,0.14961057129591643,0.49217063749882156,0.4995232420537761,0.8447609183292528,0.5949992973023648,1.0945225393561409,0.9486417668312476,-0.9119037659137894,-0.10388084850199474,0.21780261457593428,0.029083023055111627,0.3731164773984855,0.6259300067090666,0.09605642281931914,0.902990061288233,21,multiscale_thermal,elastic_net
21,61.699999999999996,0.6489261477709528,1.016283000291988,0.6918199264065116,1.3407460741774644,0.3497200160315207,0.8848680851532109,0.7100080771374506,1.0597280931689712,0.948667553741191,-0.9117803554480159,-0.06379946858798015,-0.13884204338041425,0.03411972996524939,0.20142165421244915,0.4980183778505922,-0.05374680320293623,0.7531868352659776,21,multiscale_thermal,elastic_net
21,61.9,0.26451696881971987,0.6678136589276538,0.5355551745177939,0.8000721433375138,0.3991805280081024,0.8827471256509051,0.6831568616468539,1.0823373896549562,0.9485867584522757,-0.9120680157606741,-0.06583963280137065,-0.006273497508630342,0.046044822265868306,0.19905081657037382,0.599310239445831,-0.004286291226354544,0.8026473472425593,21,multiscale_thermal,elastic_net
21,62.1,0.7979098368762568,0.6862955601851846,0.2873406417470561,1.085250478623313,0.44344055235601465,0.85056190474627,0.6288416285682628,1.0722821809242773,0.948667553741191,-0.9117803554480159,-0.09810564899492101,0.09858882719277778,0.05113082388974567,0.22120498867976185,0.6656761160322675,0.03997373312155772,0.8469073715904716,21,multiscale_thermal,elastic_net
21,62.3,0.543977043905324,0.9598357783171985,0.6878472563645365,1.2318243002698603,0.4581995660664883,0.8827832945864735,0.6536835115532293,1.1118830776197177,0.9485867584522757,-0.9120680157606741,-0.06580346386580214,0.1316175597579559,0.04560986785750331,0.2599603451541012,0.6564387869788755,0.05473274683203139,0.8616663853009452,21,multiscale_thermal,elastic_net
21,62.5,0.36790840790955814,1.3636060795424496,1.1796518755876706,1.5475602834972286,0.5519682768082941,0.9519312913502928,0.6759471529461457,1.22791542975444,0.9485850906087988,-0.9120272304762902,0.003346200741493904,0.3177625265696186,0.06601296201603696,0.265048827686818,0.8388877259297702,0.14850145757383715,0.955435096042751,21,multiscale_thermal,elastic_net
21,62.699999999999996,1.1109443176948317,0.9790015883533879,0.42352942950597217,1.5344737472008037,0.48441278754271505,0.9477901153457967,0.7055837215744392,1.1899965091171543,0.9486925169342625,-0.9116007937704167,-0.0009024015884657988,0.1867829248444477,0.032467900653769456,0.34329395443464716,0.6255316206507829,0.08094596830825812,0.8878796067771719,21,multiscale_thermal,elastic_net
21,62.9,0.4658853799344832,1.51340699787179,1.2804643079045483,1.7463496878390314,0.45776757567768117,0.9395519431920524,0.7106681553532118,1.168435731030893,0.9485625609234111,-0.9121596938556695,-0.009010617731358642,0.13076599349155765,0.04948189814689061,0.242698920610487,0.6728362307448753,0.05430075644322424,0.8612343949121382,21,multiscale_thermal,elastic_net
21,63.1,0.7265322957904196,1.0347319195489948,0.671465771653785,1.3979980674442045,0.5128296978863899,0.9321684314382334,0.6757535824950385,1.1885832803814282,0.9486925169342625,-0.9116007937704167,-0.01652408549602918,0.24378933191282373,0.03028543048939192,0.3811967766078068,0.6444626191649729,0.10936287865193295,0.9162965171208468,21,multiscale_thermal,elastic_net
21,63.3,0.3458748501720813,0.9019563279860832,0.7290189029000425,1.0748937530721239,0.5889561130399487,0.9816601455519247,0.6871820890319504,1.276138202071899,0.9485850906087988,-0.9120272304762902,0.03307505494312596,0.38262362140183054,0.04477992447598767,0.3943241669801675,0.7835880590997298,0.18548929380549173,0.9924229322744056,21,multiscale_thermal,elastic_net
21,63.5,0.7464953373741509,1.2518369559436233,0.8785892872565478,1.6250846246306987,0.5552035300695433,0.9328363970751065,0.6552346320403348,1.210438162109878,0.9487450133431524,-0.91141112456659,-0.015908616268045957,0.32299061295125686,0.03298675932531302,0.41182952404293527,0.6985775360961513,0.15173671083508633,0.9586703493040002,21,multiscale_thermal,elastic_net
21,63.699999999999996,0.2565817529411382,0.6842555100861318,0.5559646336155628,0.812546386556701,0.53295648221817,0.9532582022469219,0.6867799611378369,1.219736443356007,0.948904936077506,-0.9107950186568898,0.004353266169415942,0.2814795136370851,0.0746010430665479,0.20870970511791653,0.8572032593184236,0.12948966298371312,0.936423301452627,21,multiscale_thermal,elastic_net
21,63.9,0.38725988096305874,1.06467039682817,0.8710404563466406,1.2583003373096995,0.6296532928115199,0.9399474233881756,0.6251207769824156,1.2547740697939356,0.9489179095542163,-0.9107460771325002,-0.008970486166040677,0.4481601371788245,0.11043956971882544,0.14963755745881363,1.1096690281642263,0.226186473577063,1.0331201120459768,21,multiscale_thermal,elastic_net
21,64.1,0.3790910033695985,0.9294452771640385,0.7398997754792392,1.1189907788488378,0.6568620060134692,0.8969675699033842,0.5685365668966496,1.2253985729101189,0.9489308830309264,-0.9106971356081107,-0.05196331312754223,0.4904158165406482,0.3503617949230237,-0.8659542731303785,2.179678285157317,0.2533951867790123,1.0603288252479262,21,multiscale_thermal,elastic_net
21,64.3,0.8876858847131055,0.8191894763847372,0.37534653402818446,1.2630324187412898,0.3096838077542538,0.9675894365491341,0.8127475326720072,1.122431340426261,0.9489574732769355,-0.9105818543339792,0.01863196327219858,-0.2616216226837111,0.1565999124053339,-0.3709637382367033,0.990331353745211,-0.09378301148020313,0.7131506269887107,21,multiscale_thermal,elastic_net
21,64.5,0.24102939217965638,0.669126086554523,0.5486113904646948,0.7896407826443512,0.5535443650498396,0.9801399872896808,0.7033678047647609,1.2569121698146006,0.9490100104763648,-0.9103686900110686,0.03112997681331602,0.3189553136237371,0.19509084143118827,-0.294400569438683,1.4014892995383623,0.15007754581538268,0.9570111842842965,21,multiscale_thermal,elastic_net
21,64.69999999999999,0.5645060880342242,0.3466194653949822,0.06436642137786998,0.6288725094120944,0.48059227243638064,0.8779276134430936,0.6376314772249032,1.118223749661284,0.9491155909711596,-0.9099713905878722,-0.07118797752806603,0.17723535578670185,0.1177281706634405,-0.0311027165663465,0.9922872614391078,0.07712545320192371,0.8840590916708375,21,multiscale_thermal,elastic_net
21,64.9,0.3099930406375069,0.6141879446578434,0.45919142433908994,0.7691844649765969,0.4365550742208849,0.9016194350368303,0.6833418979263879,1.1198969721472727,0.9492211714659543,-0.9095740911646758,-0.047601736429124034,0.0807333518304792,0.06852747747638177,0.13870650801912537,0.7344036404226444,0.03308825498642798,0.8400218934553418,21,multiscale_thermal,elastic_net
21,65.1,0.26298404176132484,0.5372357437241654,0.40574372284350296,0.6687277646048279,0.36171690195478867,0.9594171235009948,0.7785586725236004,1.1402755744783892,0.949194718416598,-0.9096429449908302,0.010222405084396907,-0.10725046691632492,0.054443246762118924,0.12508418782847994,0.5983496160810974,-0.04174991727966826,0.7651837211892456,21,multiscale_thermal,elastic_net
21,65.3,0.8361700270208905,0.8502832392272048,0.4321982257167595,1.26836825273765,0.4708074227495795,0.9418210496189382,0.7064173382441484,1.1772247609937279,0.9493002989113927,-0.9092456455676338,-0.007479249292454433,0.15593950809537716,0.08364459169786444,0.1072536684715672,0.8343611770275918,0.06734060351512255,0.8742742419840364,21,multiscale_thermal,elastic_net
21,65.5,0.3220082995254324,0.39721933340962645,0.23621518364691024,0.5582234831723427,0.43380950827340675,0.9942885914935222,0.7773838373568188,1.2111933456302255,0.9492941348519667,-0.9091832696548423,0.04499445664155555,0.07403350739006298,0.10177525797376684,-0.008547569188671666,0.8761665857354852,0.03034268903894982,0.8372763275078636,21,multiscale_thermal,elastic_net
21,65.69999999999999,0.45460502788808077,0.35086764416299077,0.12356513021895037,0.5781701581070312,0.4035421863821433,0.9496499537210261,0.7478788605299544,1.1514210469120978,0.9492879707925408,-0.9091208937420509,0.00036198292848531425,0.001646648137773439,0.0811594301631515,0.05078996496588162,0.756294407798405,7.5367147686356e-05,0.8070090056166002,21,multiscale_thermal,elastic_net
21,65.9,0.5918902352959562,0.4795707412244642,0.18362562357648604,0.7755158588724423,0.4434907971865731,1.0183678952730846,0.796622496679798,1.240113293866371,0.9494200457509674,-0.9086073437949503,0.06894784952211723,0.09552911592229094,0.06765306849687133,0.1494427715914759,0.7375388227816703,0.04002397795211615,0.84695761642103,21,multiscale_thermal,elastic_net
21,66.1,0.23313018600879928,0.79337135779213,0.6768062647877303,0.9099364507965295,0.38186185773109427,0.9603760998010652,0.7694451709355181,1.1513070286666123,0.9495521207093941,-0.9080937938478497,0.010823979091671081,-0.054602570907431695,0.03049447755603677,0.24932033203043377,0.5144033834317547,-0.021604961503362663,0.7853286769655512,21,multiscale_thermal,elastic_net
21,66.3,0.3702080249530661,1.0054774197223566,0.8203734072458236,1.1905814321988897,0.4464743054351461,0.9352002127954003,0.7119630600778273,1.1584373655129734,0.949711892045797,-0.9074761558981863,-0.014511679250396673,0.10110272895891906,0.054218200603859665,0.21081973435503132,0.6821288765152609,0.04300748620068917,0.849941124669603,21,multiscale_thermal,elastic_net
21,66.5,0.7735005306663282,0.7954196372001643,0.4086693718670002,1.1821699025333283,0.38803979805253364,0.8770500488025905,0.6830301497763237,1.0710699478288572,0.9498716633821997,-0.9068585179485227,-0.07282161457960923,-0.0397888543701752,0.040445235901367,0.2122481891017157,0.5638314070033515,-0.015427021181923295,0.7915066172869906,21,multiscale_thermal,elastic_net
21,66.69999999999999,0.557745691644367,0.8050866438029242,0.5262137979807406,1.0839594896251077,0.5166561011031142,0.9162404447154735,0.6579123941639164,1.1745684952670306,0.9500000343491988,-0.906283578342838,-0.03375958963372523,0.24590577091894672,0.04911601159724275,0.30317773927621455,0.7301344629300139,0.11318928186865729,0.9201229203375711,21,multiscale_thermal,elastic_net
21,66.9,0.5949350489787127,0.9287883175205571,0.6313207930312009,1.2262558420099134,0.4590360536991986,0.9447793234814736,0.7152612966318743,1.174297350331073,0.9501284053161978,-0.9057086387371532,-0.005349081834724143,0.12708211509506717,0.044137884715379064,0.26719467617023346,0.6508774312281638,0.05556923446474166,0.8625028729336555,21,multiscale_thermal,elastic_net
21,67.1,0.8619256406826293,1.0276752531597062,0.5967124328183916,1.458638073501021,0.5093658116552424,0.8685745378472561,0.6138916320196349,1.1232574436748775,0.9504254185266036,-0.9044016966691318,-0.08185088067934738,0.22981286305119097,0.03854502624779031,0.34183329440958204,0.6768983289009027,0.10589899242078549,0.9128326308896993,21,multiscale_thermal,elastic_net
21,67.3,0.2913782542081174,0.5546185185253452,0.40892939142128637,0.7003076456294038,0.5556278547221217,0.8623183965236247,0.5845044691625638,1.1401323238846857,0.9507224317370092,-0.9030947546011105,-0.08840403521338443,0.31543821973153063,0.05527011454477302,0.31540123355922567,0.7958544758850178,0.1521610354876648,0.9590946739565787,21,multiscale_thermal,elastic_net
21,67.69999999999999,0.228586762213206,0.5591646333175179,0.4448712522109149,0.6734580144241209,0.5608201775037421,0.8202148689208729,0.5398047801690018,1.100624957672744,0.9504254185266036,-0.9044016966691318,-0.13021054960573064,0.3260467326170023,0.11845814341642255,0.045952427065034995,1.0756879279424494,0.1573533582692852,0.9642869967381991,21,multiscale_thermal,elastic_net
21,67.9,0.3224310948993481,0.5553970684648424,0.39418152101516835,0.7166126159145165,0.6501105871453687,0.8781596967626157,0.5531044031899314,1.2032149903353,0.9507224317370092,-0.9030947546011105,-0.07256273497439343,0.4724819581072949,0.35995555989556743,-0.914404135408039,2.2146253096987767,0.2466437679109118,1.0535774063798256,21,multiscale_thermal,elastic_net
21,68.1,0.36685005836454937,0.6946059756992404,0.5111809465169658,0.8780310048815152,0.4901813996595429,0.8948961625337046,0.6498054627039331,1.1399868623634761,0.950787444962739,-0.9028276149082167,-0.055891282429034427,0.1898478619092079,0.08571550901321033,0.1176265880565946,0.8627362112624912,0.08671458042508595,0.8936482188939998,21,multiscale_thermal,elastic_net
21,68.3,0.7726122123273048,0.9553248017462664,0.569018695582614,1.341630907909919,0.5492858296820403,0.8561824630888063,0.5815395482477861,1.1308253779298265,0.9508524581884688,-0.9025604752153228,-0.09466999509966247,0.3034241392019334,0.05273661063613907,0.32007085719559303,0.7785008021684876,0.14581901044758339,0.9527526489164972,21,multiscale_thermal,elastic_net
21,68.5,0.7608288685458667,0.8422430710840015,0.4618286368110682,1.2226575053569348,0.604143125840506,0.8854849548784777,0.5834133919582247,1.1875565177987306,0.9508618537299333,-0.9024753275220047,-0.0653768988514556,0.3985311817154075,0.07156459614807878,0.29309399433176697,0.915192257349245,0.20067630660604907,1.007609945074963,21,multiscale_thermal,elastic_net
21,68.7,0.20826386015530204,0.5688068966501021,0.464674966572451,0.6729388267277531,0.49655635382277996,0.8619631578495291,0.6136849809381392,1.1102413347609192,0.9508437450819118,-0.9024723047521288,-0.08888058723238271,0.20241400497502085,0.1059919728617419,0.03587170135405038,0.9572410062915095,0.09308953458832303,0.9000231730572369,21,multiscale_thermal,elastic_net
21,68.9,0.5322585573902576,0.8321779087200023,0.5660486300248735,1.0983071874151311,0.5630649129382662,0.923414742455217,0.641882285986084,1.20494719892435,0.9508511353729665,-0.9023668653458274,-0.027436392917749415,0.32800650614881316,0.10210805436005142,0.11926136567834422,1.0068684601981883,0.15959809370380929,0.9665317321727231,21,multiscale_thermal,elastic_net
21,69.1,0.2876470720077002,0.6823724349246103,0.5385488989207602,0.8261959709284604,0.47329406498120913,0.8744609567435362,0.6378139242529316,1.1111079892341407,0.9508437450819118,-0.9024723047521288,-0.07638278833837568,0.1544339229484042,0.04704732599140581,0.2688070605529983,0.67778106940942,0.0698272457467522,0.876760884215666,21,multiscale_thermal,elastic_net
21,69.3,0.600838991433389,0.8217756317193766,0.5213561360026822,1.122195127436071,0.5430013246384316,0.9718957646124164,0.7003951022932007,1.2433964269316322,0.9508205974457044,-0.9025985149071681,0.021075167166712056,0.29195499533744884,0.0886400955260987,0.1577350587156155,0.9282675905612479,0.13953450540397472,0.9464681438728886,21,multiscale_thermal,elastic_net
21,69.5,0.5634644726301649,0.6151088468569882,0.33337661054190576,0.8968410831720707,0.48205485049332025,0.9054558168404172,0.6644283915937571,1.1464832420870774,0.950797449809497,-0.9027247250622075,-0.04534163296907984,0.17302735136018713,0.051325175861798945,0.2589745533124014,0.7051351476742391,0.07858803125886332,0.8855216697277772,21,multiscale_thermal,elastic_net
21,69.7,0.6227845411155951,1.0812435250087569,0.7698512544509594,1.3926357955665545,0.5317983760960795,0.9016821011828292,0.6357829131347894,1.167581289230869,0.9508270086854582,-0.9026633921096956,-0.04914490750262897,0.27117253833286786,0.0427592011471367,0.3459493236777014,0.7176474285144576,0.12833155686162256,0.9352651953305364,21,multiscale_thermal,elastic_net
21,69.9,0.2896959125719238,0.9843471943206876,0.8394992380347258,1.1291951506066495,0.4225708730119815,0.9211038179753511,0.7098183814693604,1.1323892544813419,0.9508015591824476,-0.9027663090040685,-0.029697741207096454,0.041368209525163874,0.04182327091851528,0.2407897578200372,0.6043519882039258,0.019104053777524554,0.8260376922464384,21,multiscale_thermal,elastic_net
21,70.1,0.4096906164148156,0.45795434212221725,0.25310903391480943,0.6627996503296251,0.4590417259211749,0.9267188753550317,0.6971980123944442,1.156239738315619,0.9508270086854582,-0.9026633921096956,-0.024108133330426443,0.12404922520274092,0.052112648318957636,0.23253874997072257,0.6855447018716273,0.055574906686717995,0.8625085451556318,21,multiscale_thermal,elastic_net
21,70.3,0.5605993148842392,0.80784925406924,0.5275495966271204,1.0881489115113596,0.40692172892154793,0.9495998000543612,0.7461389355935872,1.1530606645151351,0.9508015591824476,-0.9027663090040685,-0.0012017591280863514,0.003631884738088925,0.04930536925736433,0.192620340921155,0.6212231169219409,0.003454909687091001,0.8103885481560049,21,multiscale_thermal,elastic_net
21,70.5,0.9995589513214462,0.9647855298007546,0.46500605414003154,1.4645650054614776,0.4400531881516403,0.9063853607814254,0.6863587667056052,1.1264119548572455,0.9507419283083569,-0.9030879142809637,-0.044356567526931526,0.08222823706829241,0.04406932587684892,0.24850979549689878,0.6315965808063818,0.036586368917183365,0.8435200073860972,21,multiscale_thermal,elastic_net
21,70.7,0.37108313979739316,0.548633599632498,0.3630920297338015,0.7341751695311947,0.4953185800188811,0.9346539660745848,0.6869946760651443,1.1823132560840255,0.9506822974342662,-0.9034095195578589,-0.016028331359681434,0.20085539212306724,0.04330657847714176,0.3070904008776561,0.6835467591601061,0.0918517607844242,0.8987853992533381,21,multiscale_thermal,elastic_net
21,70.9,0.8602508131073265,0.7224545858525853,0.292329179298922,1.1525799924062485,0.4945487908057133,0.9178833731039902,0.6706089777011335,1.1651577685068468,0.9504083855137565,-0.9045897824790154,-0.032525012409766386,0.20048031664023505,0.05279681505942293,0.2650721451654529,0.7240254364459737,0.09108197157125636,0.8980156100401702,21,multiscale_thermal,elastic_net
21,71.1,0.525107206941972,0.7422046528021385,0.47965104933115255,1.0047582562731245,0.4225919078045125,0.933842391414442,0.7225464375121857,1.1451383453166983,0.9501344735932468,-0.905770045400172,-0.01629208217880468,0.04442172282345185,0.030061807316568354,0.29193094469289893,0.5532528709161261,0.01912508857005557,0.8260587270389694,21,multiscale_thermal,elastic_net
21,71.3,0.25646494277835924,0.8261108414652072,0.6978783700760275,0.9543433128543869,0.43615777409516504,0.8999357090430948,0.6818568219955123,1.1180145960906773,0.9500030684877232,-0.9063142816743475,-0.050067359444628416,0.07656304777384934,0.031995734992876106,0.29709116690122417,0.5752243812891059,0.03269095486070811,0.839624593329622,21,multiscale_thermal,elastic_net
21,71.5,0.30425431559053073,1.0552018140490174,0.9030746562537519,1.2073289718442826,0.47625965801363346,0.9292663103937218,0.691136481386905,1.1673961394005385,0.9498716633821997,-0.9068585179485227,-0.02060535298847799,0.16506644449539276,0.04187693310651393,0.29424530490978507,0.6582740111174818,0.07279283877917653,0.8797264772480904,21,multiscale_thermal,elastic_net
21,71.7,0.5252367827375387,1.1326148703861785,0.8699964790174092,1.3952332617549479,0.5098831980673669,0.9117535317274761,0.6568119326937927,1.1666951307611595,0.9500030684877232,-0.9063142816743475,-0.03824953676024714,0.23274067878339885,0.03454348302722172,0.3597430313755629,0.6600233647591709,0.10641637883291,0.9133500173018239,21,multiscale_thermal,elastic_net
21,71.9,0.4351932962769164,1.2180789543343105,1.000482306195852,1.4356756024727686,0.5001416850189367,0.8934088243267202,0.6433379818172518,1.1434796668361886,0.9498716633821997,-0.9068585179485227,-0.056462839055479594,0.2139946672847447,0.04444830279360373,0.3069511030113128,0.6933322670265607,0.09667486578447981,0.9036085042533937,21,multiscale_thermal,elastic_net
21,72.1,0.30426057037103305,0.995849403151842,0.8437191179663255,1.1479796883373585,0.5390471195651099,0.9028729858264398,0.6333494260438849,1.1723965456089949,0.949711892045797,-0.9074761558981863,-0.04683890621935715,0.2895238643475428,0.06710083298213346,0.2473993363593091,0.8306949027709106,0.13558030033065294,0.9425139387995668,21,multiscale_thermal,elastic_net
21,72.3,0.34623993623666166,0.9390761950538906,0.7659562269355596,1.1121961631722215,0.721504765354996,0.9632101154111821,0.6024577327336841,1.32396249808868,0.9495521207093941,-0.9080937938478497,0.013657994701787976,0.5816774978464558,0.17539549827668768,-0.040836117511438896,1.4838456482214308,0.31803794612053904,1.1249715845894528,21,multiscale_thermal,elastic_net
21,72.5,1.1432536103142,0.7095785954389058,0.13795179028180582,1.2812054005960059,0.4247369100871203,0.8221385798092882,0.609770124765728,1.0345070348528482,0.9494991731964058,-0.9082788981979082,-0.12736059338711758,0.05199356136972933,0.026229244312923932,0.31073384009446514,0.5387399800797754,0.021270090852663348,0.8282037293215772,21,multiscale_thermal,elastic_net
21,72.7,0.5416280930068657,1.4003318233839692,1.1295177768805365,1.671145869887402,0.45508553781419187,0.8237706990978887,0.5962279301907928,1.0513134680049847,0.9495521207093941,-0.9080937938478497,-0.12578142161150538,0.12082391134380668,0.014672773643218211,0.39131163641322847,0.5188594392151553,0.051618718579734935,0.8585523570486489,21,multiscale_thermal,elastic_net
21,72.9,0.3866617140012383,1.2637791395817537,1.0704482825811346,1.4571099965823728,0.4601261163959237,0.9171350391620883,0.6870719809641264,1.1471980973600502,0.9494991731964058,-0.9082788981979082,-0.03236413403431754,0.13202423720035558,0.01688347604775874,0.3867435942527461,0.5335086385391014,0.05665929716146678,0.8635929356303806,21,multiscale_thermal,elastic_net
21,73.1,0.8611791188250588,1.2862536551723753,0.855664095759846,1.7168432145849049,0.48743103502028495,0.8961709500019679,0.6524554324918255,1.1398864675121103,0.9494462256834175,-0.9084640025479667,-0.053275275681449574,0.18985753737132818,0.01925922601631245,0.4037225276249655,0.5711395424156044,0.08396421578582802,0.8908978542547419,21,multiscale_thermal,elastic_net
21,73.3,0.3449445667909031,1.0320722849319905,0.8596000015365389,1.204544568327442,0.47835931381299285,0.9144222377626732,0.6752425808561767,1.1536018946691695,0.949373262297405,-0.9088548240578003,-0.03495102453473182,0.1714616977179136,0.029054067798968828,0.3520784005948738,0.604640227031112,0.07489249457853592,0.8818261330474497,21,multiscale_thermal,elastic_net
21,73.5,0.5362072407067371,1.1562485311906272,0.8881449108372588,1.4243521515439959,0.5025710399067927,0.8985741918576249,0.6472886719042286,1.1498597118110212,0.9494462256834175,-0.9084640025479667,-0.050872033825792626,0.22044572645568808,0.04181049920498992,0.3208454358280771,0.6842966439855084,0.09910422067233582,0.9060378591412497,21,multiscale_thermal,elastic_net
21,73.7,0.29038258210449786,1.427822311227434,1.2826310201751852,1.573013602279683,0.44641703752949846,0.9599612415278205,0.7367527227630712,1.1831697602925697,0.949373262297405,-0.9088548240578003,0.01058797923041543,0.10235312192317478,0.03648959443733999,0.2878182712435041,0.6050158038154928,0.04295021829504153,0.8498838567639554,21,multiscale_thermal,elastic_net
21,73.9,0.7861271355279753,1.0565148252259329,0.6634512574619452,1.4495783929899204,0.5086593750667493,0.9425294118902964,0.6881997243569218,1.196859099423671,0.9493002989113927,-0.9092456455676338,-0.0067708870210963,0.23326895492788488,0.022466518102562234,0.41101065880252774,0.6063080913309709,0.10519255583229237,0.9121261943012062,21,multiscale_thermal,elastic_net
21,74.1,0.6248305915481025,1.1807470585306348,0.8683317627565835,1.4931623543046861,0.432620363195678,0.9684596059447236,0.7521494243468846,1.1847697875425625,0.9492342821393172,-0.9094787221923092,0.019225323805406445,0.0715840272710363,0.015565341933716535,0.3649669933631835,0.5002737330281725,0.02915354396122105,0.8360871824301349,21,multiscale_thermal,elastic_net
21,74.3,1.3232749534353008,0.8347317269735167,0.17309425025586642,1.496369203691167,0.3791861881410081,0.8993932509311738,0.7098001568606698,1.088986345001678,0.9493057863146711,-0.909301174199773,-0.049912535383497283,-0.06042675874363181,0.0089831067122851,0.3401419163711377,0.4182304599108784,-0.024280631093448857,0.782653007375465,21,multiscale_thermal,elastic_net
21,74.5,0.5178976213322087,1.182531908622463,0.9235830979563588,1.4414807192885675,0.3914535776715467,0.8717506161290404,0.676023827293267,1.0674774049648137,0.9492378044589891,-0.9095143655710471,-0.07748718832994869,-0.028373980562473394,0.01138242660998556,0.3419808760556232,0.4409262792874702,-0.012013241562910226,0.7949203969060037,21,multiscale_thermal,elastic_net
21,74.7,0.2499262667965718,0.7091650079695695,0.5842018745712836,0.8341281413678555,0.42101862280055563,0.8736622762310091,0.6631529648307313,1.084171587631287,0.9491698226033071,-0.9097275569423213,-0.07550754637229799,0.04464934534489577,0.01637122274591415,0.3498625639259131,0.4921746816751982,0.0175518035660987,0.8244854420350125,21,multiscale_thermal,elastic_net
21,74.9,0.45272613495434194,0.3419794895891723,0.11561642211200127,0.5683425570663433,0.4234647350748064,0.8677943029274824,0.6560619353900792,1.0795266704648856,0.9491165315038776,-0.9099330923315372,-0.08132222857639523,0.050648053784995366,0.01884267348223159,0.34156673610023625,0.5053627340493766,0.01999791584034949,0.8269315543092634,21,multiscale_thermal,elastic_net
21,75.1,0.44548187168386727,0.49274891089655976,0.27000797505462604,0.7154898467384935,0.5284175574982319,0.9094407086501384,0.6452319299010224,1.1736494873992545,0.9490632404044483,-0.910138627720753,-0.03962253175431001,0.27227014849984654,0.0287326299777523,0.40353374508840334,0.6533013699080605,0.12495073826377501,0.9318843767326889,21,multiscale_thermal,elastic_net
21,75.3,0.2620831178708478,0.6559057464399268,0.5248641875045029,0.7869473053753507,0.4313634656474487,0.887111894643696,0.6714301618199716,1.1027936274674204,0.9490261639337783,-0.9103280197472424,-0.06191426929008221,0.06952378325134559,0.020073347526617217,0.3441164517509691,0.5186104795439284,0.027896646412991777,0.8348302848819056,21,multiscale_thermal,elastic_net
21,75.5,0.29134381830927364,0.596667493629391,0.4509955844747542,0.7423394027840279,0.4779088214503958,0.9295844906310006,0.6906300799058027,1.1685389013561984,0.9489890874631082,-0.910517411773732,-0.019404596832107594,0.1721820969841616,0.021991032021427104,0.3823267630106039,0.5734908798901877,0.07444200221593889,0.8813756406848527,21,multiscale_thermal,elastic_net
21,75.7,0.2107004693996418,0.5604638945190932,0.4551136598192722,0.6658141292189141,0.6160724689731985,0.8748916658650517,0.5668554313784525,1.1829279003516509,0.9489099915389468,-0.9108222684533251,-0.07401832567389512,0.4264315905221543,0.02600269202817933,0.5030540882711154,0.7290908496752815,0.21260564973874152,1.0195392882076555,21,multiscale_thermal,elastic_net
21,75.9,0.2851144584160791,0.6276849876199624,0.4851277584119228,0.7702422168280019,0.4768237085328475,0.7967699892166583,0.5583581349502346,1.0351818434830822,0.9489925356286818,-0.9105523047655492,-0.1522225464120235,0.1699438645702533,0.008447061855903555,0.44010930790040664,0.5135381091652884,0.07335688929839057,0.8802905277673044,21,multiscale_thermal,elastic_net
21,76.1,0.4308852820579401,0.8814710751362895,0.6660284341073195,1.0969137161652596,0.5393415562496722,0.8672639383296711,0.597593160204835,1.1369347164545072,0.949036536238286,-0.9104329801177893,-0.08177259790861495,0.2930267564153757,0.015847180703990733,0.4704631993504179,0.6082199131489264,0.13587473701521524,0.9428083754841291,21,multiscale_thermal,elastic_net
21,76.3,0.7576331729375547,1.4268933311919785,1.0480767447232011,1.8057099176607558,0.6493723591631358,0.8772750124614612,0.5525888328798934,1.201961192043029,0.9490805368478903,-0.9103136554700295,-0.07180552438642902,0.47856467159684696,0.03758603404312664,0.4860080159649761,0.8127367023612956,0.24590553992867892,1.0528391783975928,21,multiscale_thermal,elastic_net
21,76.5,0.23061038573356388,1.1570021509959767,1.0416969581291946,1.2723073438627588,0.6462925597647811,0.8947479187212408,0.5716016388388503,1.2178941986036314,0.9490004182151225,-0.9106081630633399,-0.0542524994938817,0.4741051642379601,0.07979962509274569,0.29945060975277243,0.9931345097767896,0.24282574053032413,1.049759378999238,21,multiscale_thermal,elastic_net
21,76.7,0.38802156161790263,0.5583728719239691,0.3643620911150177,0.7523836527329204,0.5447112257551512,0.838615825647733,0.5662602127701574,1.1109714385253087,0.9489202995823547,-0.9109026706566503,-0.11030447393462174,0.30340318491208895,0.06334823496081807,0.26937377500782406,0.8200486765024784,0.14124440652069425,0.9481780449896081,21,multiscale_thermal,elastic_net
21,76.9,0.3316535965406598,0.5669345939247104,0.40110779565438043,0.7327613921950402,0.6696590697846513,0.8468751197354023,0.5120455848430767,1.181704654627728,0.948866999213663,-0.911108112247501,-0.10199187947826076,0.5101215650740509,0.10576407221464586,0.20996496714314106,1.1293531724261614,0.26619225055019435,1.0731258890191082,21,multiscale_thermal,elastic_net
21,77.1,0.2378745126789183,1.3770936760972425,1.2581564197577835,1.4960309324367018,0.5553223941807434,0.7742603601278412,0.4965991630374695,1.0519215572182128,0.9489202995823547,-0.9109026706566503,-0.17465993945451355,0.3226962271851729,0.04146847003802755,0.37508338935725405,0.7355613990042327,0.15185557494628643,0.9587892134152003,21,multiscale_thermal,elastic_net
21,77.3,0.9250997648943424,1.2549128576970432,0.7923629752498719,1.7174627401442144,0.5650769607893142,0.874734094524986,0.5921956141303288,1.157272574919643,0.9490004182151225,-0.9106081630633399,-0.07426632369013658,0.33981481973778527,0.061478838106737446,0.2978646766635353,0.8322892449150932,0.1616101415548573,0.9685437800237712,21,multiscale_thermal,elastic_net
21,77.5,0.5655075977238124,1.020500920053865,0.7377471211919587,1.3032547189157713,0.5458284261972364,0.8923923007107208,0.6194780876121027,1.165306513809339,0.9489202995823547,-0.9109026706566503,-0.05652799887163387,0.30545208030239657,0.04432685861721153,0.35316569046593915,0.7384911619285336,0.14236160696277944,0.9492952454316933,21,multiscale_thermal,elastic_net
21,77.7,0.3652347582598599,0.5728884779636279,0.3902710988336979,0.7555058570935578,0.47399091458755865,0.8812655242045702,0.6442700669107908,1.1182609814983495,0.948866999213663,-0.911108112247501,-0.06760147500909286,0.16454098723994479,0.038102513299436834,0.3083817403868575,0.6396000887882598,0.07052409535310172,0.8774577338220155,21,multiscale_thermal,elastic_net
21,77.9,0.818452120717433,0.6048041236735536,0.1955780633148371,1.01403018403227,0.40402337532137833,0.8616905843479588,0.6596788966872695,1.063702272008648,0.9489202995823547,-0.9109026706566503,-0.08722971523439593,0.004620127668237026,0.035892364131002795,0.2480204172715193,0.5600263333712374,0.0005565560869214004,0.8074901945558353,21,multiscale_thermal,elastic_net
21,78.1,0.5484066812268649,1.0329990071865325,0.7587956665731002,1.307202347799965,0.3946744093113786,0.9172546455359604,0.7199174408802711,1.1145918501916496,0.948866999213663,-0.911108112247501,-0.03161235367770269,-0.018586021963614155,0.04692171257359559,0.1907333723953,0.5986154462274572,-0.008792409923078337,0.7981412285458356,21,multiscale_thermal,elastic_net
21,78.3,0.9204495390402888,1.0281451825286232,0.567920413008479,1.4883699520487677,0.41505540370821686,0.8827477670747833,0.6752200652206749,1.0902754689288918,0.9488136988449714,-0.9113135538383517,-0.06606593177018802,0.03197028908755823,0.03889491798394517,0.24600211325190555,0.5841086941645282,0.011588584473759933,0.8185222229426738,21,multiscale_thermal,elastic_net
21,78.5,0.3702588609589158,0.505237109799892,0.32010767932043416,0.69036654027935,0.5326092377097918,0.8779693955050589,0.6116647766501631,1.1442740143599548,0.9487459827081418,-0.911529434096092,-0.0707765872030829,0.2815621728979941,0.05218497546228619,0.3057918982845523,0.7594265771350315,0.12914241847533492,0.9360760569442488,21,multiscale_thermal,elastic_net
21,78.7,0.2819317388019862,0.7737709076344761,0.632805038233483,0.9147367770354693,0.44144478274116716,0.8544475505739694,0.6337251592033858,1.0751699419445528,0.9486782665713123,-0.9117453143538325,-0.09423071599734285,0.09404298019020546,0.01823080227589343,0.3622062273681913,0.520683338114143,0.03797796350671023,0.8449116019756241,21,multiscale_thermal,elastic_net
21,78.9,1.1530916516181038,0.9736509179985842,0.39710509218953227,1.550196743807636,0.4231909552949536,0.8435187274462227,0.6319232497987459,1.0551142050936995,0.9486702799577166,-0.9118447193986459,-0.10515155251149388,0.05191294855582458,0.011128873567111562,0.3748202993555566,0.4715616112343506,0.019724136060496666,0.8266577745294106,21,multiscale_thermal,elastic_net
21,79.1,0.28140384879808816,1.2083959707748662,1.067694046375822,1.3490978951739103,0.42808423138786106,0.8760927263969283,0.6620506107029978,1.0901348420908588,0.9486622933441209,-0.9119441244434592,-0.07256956694719267,0.06350882398817174,0.017265531385200487,0.3530411398109702,0.5031273229647519,0.024617412153404128,0.831551050622318,21,multiscale_thermal,elastic_net
21,79.3,0.5718965054316675,1.5087065344559565,1.2227582817401226,1.7946547871717902,0.45174325279693645,0.8834664429095107,0.6575948165110425,1.1093380693079788,0.9485031523175541,-0.9125681406819494,-0.06503670940804344,0.11792685535930869,0.019481873790912305,0.36706702671599295,0.53641947887788,0.048276433562479515,0.8552100720313933,21,multiscale_thermal,elastic_net
21,79.5,0.3510486616030863,1.1918214059808478,1.0162970751793048,1.367345736782391,0.4564294658845169,0.8462537109618382,0.6180389780195797,1.0744684439040966,0.9486622933441209,-0.9119441244434592,-0.10240858238228265,0.12762302290011146,0.024047683148351904,0.35190835683480126,0.5609505749342325,0.05296264665005995,0.8598962851189738,21,multiscale_thermal,elastic_net
21,79.7,1.0729504880837248,1.0164900353471875,0.48001479130532504,1.5529652793890498,0.4252136594435885,0.901559862607906,0.6889530328861118,1.1141666923297002,0.948558160696526,-0.9124038908350647,-0.04699829808862002,0.05724038255446962,0.031149083208660444,0.2898269486837125,0.5606003702034645,0.02174684020913159,0.8286804786780455,21,multiscale_thermal,elastic_net
21,79.9,0.4236888269930093,1.3582505643116365,1.146406150815132,1.5700949778081412,0.40205609113487467,0.8327963897809841,0.6317683442135468,1.0338244353484214,0.9484265238594451,-0.9129457821501127,-0.11563013407846098,0.0017821122398210681,0.031660920262716975,0.264444726290333,0.5396674559794163,-0.001410728099582259,0.8055229103693315,21,multiscale_thermal,elastic_net
21,80.1,0.2289110970026095,0.7351875637699437,0.6207320152686389,0.8496431122712484,0.4043454572106159,0.7771850518438799,0.575012323238572,0.9793577804491878,0.948558160696526,-0.9124038908350647,-0.17137310885264617,0.006918216536584025,0.012530999626720407,0.34988058546366124,0.4588103289575705,0.0008786379761589469,0.8078122764450728,21,multiscale_thermal,elastic_net
21,80.3,0.2185676064424198,0.6292976657339502,0.5200138625127403,0.7385814689551601,0.39374475579303575,0.7954657449657003,0.5985933670691824,0.9923381228622182,0.9486897975336068,-0.9118619995200168,-0.15322405256790647,-0.02019040803183273,0.013727392280868576,0.33407987012793905,0.45340964145813245,-0.00972206344142118,0.7972115750274926,21,multiscale_thermal,elastic_net
21,80.5,0.4683313404357623,1.1482255551510998,0.9140598849332187,1.3823912253689807,0.3845365570041606,0.8261721097886112,0.6339038312865309,1.0184403882906916,0.948558160696526,-0.9124038908350647,-0.1223860509079148,-0.043312526987042126,0.011241778538078754,0.3356751696828706,0.43339794432545065,-0.018930262230296313,0.7880033762386176,21,multiscale_thermal,elastic_net
21,80.7,0.3897841336647672,1.1005802089733931,0.9056881421410096,1.2954722758057766,0.4212646479958177,0.7568894084865958,0.5462570844886869,0.9675217324845047,0.9484265238594451,-0.9129457821501127,-0.19153711537284934,0.04845175692035948,0.01739290653761379,0.3456679316845404,0.496861364307095,0.017797828761360768,0.8247314672302746,21,multiscale_thermal,elastic_net
21,80.9,1.0181989678939019,1.0015644670143005,0.4924649830673494,1.5106639509612514,0.43032503348731527,0.7691480226245089,0.5539855058808513,0.9843105393681665,0.9483874891084129,-0.9130914498767784,-0.179239466483904,0.06987698587086882,0.009060127177642303,0.3909459991372414,0.46970406783738916,0.026858214252858337,0.8337918527217723,21,multiscale_thermal,elastic_net
21,81.1,0.4281404050130749,0.46910590092824145,0.255035698421704,0.6831761034347789,0.4337049197673085,0.8440482970489543,0.6271958371653001,1.0609007569326085,0.9484309669258384,-0.9129907428331172,-0.10438266987688408,0.07759985833861038,0.010374756214446605,0.38861196761201094,0.4787978719226061,0.030238100532851586,0.8371717390017654,21,multiscale_thermal,elastic_net
21,81.3,0.7306792057712037,0.8168773663604474,0.45153776347484553,1.1822169692460494,0.47796344377839933,0.8489592944642119,0.6099775725750123,1.0879410163534116,0.9483503848299559,-0.9132805605081726,-0.09939109036574405,0.17505953364189472,0.014584862685363374,0.414571639511531,0.5413552480452677,0.0744966245439424,0.8814302630128563,21,multiscale_thermal,elastic_net
21,81.5,0.35761864126852083,0.9381145883412584,0.759305267706998,1.1169239089755187,0.5617746704772492,0.8079598266399555,0.527072491401331,1.08884716187858,0.9482698027340734,-0.9135703781832281,-0.14030997609411783,0.3369159264846624,0.02440582876404737,0.4556969134659461,0.6678524274885522,0.15830785124279223,0.9652414897117061,21,multiscale_thermal,elastic_net
21,81.7,0.6585714040171747,0.819540180907184,0.49025447889859647,1.1488258829157714,0.5558272409062158,0.8197043715194544,0.5417907510663464,1.0976179919725624,0.9482311041425017,-0.9137433554958251,-0.12852673262304729,0.3264456046869187,0.03147770381756044,0.41901220999229727,0.6926422718201344,0.1523604216717589,0.9592940601406728,21,multiscale_thermal,elastic_net
21,81.9,0.5150528067936591,0.319934904751922,0.062408501355092516,0.5774613081487515,0.4569545309565149,0.7633175407637702,0.5348402752855128,0.9917948062420276,0.94819240555093,-0.9139163328084221,-0.18487486478715978,0.13074494514587734,0.038326801089566195,0.2903705098890278,0.623538552024002,0.05348771172205796,0.8604213501909719,21,multiscale_thermal,elastic_net
21,82.1,0.3265437566425545,0.8795999573737698,0.7163280790524925,1.042871835695047,0.3991089488670861,0.8099563223420373,0.6104018479084943,1.0095107967755803,0.9482311041425017,-0.9137433554958251,-0.1382747818004644,-0.004777489064399933,0.0218983695132152,0.30392963975103937,0.4942882579831328,-0.004357870367370842,0.8025757681015431,21,multiscale_thermal,elastic_net
21,82.3,0.20704168239826032,0.7230728092835829,0.6195519680844527,0.826593650482713,0.4365068576953633,0.8216888563369762,0.6034354274892946,1.0399422851846578,0.94819240555093,-0.9139163328084221,-0.1265035492139538,0.08496513962482963,0.027148704289088898,0.31850743695894956,0.554506278431777,0.03304003846090636,0.8399736769298203,21,multiscale_thermal,elastic_net
21,82.5,0.25384928277129337,0.6031519674807493,0.4762273260951026,0.730076608866396,0.5492515613749424,0.8119284048640443,0.537302624176573,1.0865541855515155,0.9482723604267306,-0.9136201681106616,-0.13634395556268628,0.3144214431291988,0.03615864215206121,0.39209124966631737,0.7064118730835673,0.14578474214048542,0.9527183806093993,21,multiscale_thermal,elastic_net
21,82.7,0.7183699588920387,0.950038090628881,0.5908531111828615,1.3092230700749004,0.5498155241709933,0.7049116028272611,0.4300038407417644,0.9798193649127578,0.9483523153025312,-0.9133240034129011,-0.24344071247527013,0.31515153579637106,0.029448590558901325,0.4218198529797626,0.6778111953622241,0.1463487049365364,0.9532823434054503,21,multiscale_thermal,elastic_net
21,82.9,0.8810005913089815,1.1401399042478881,0.6996396085933976,1.580640199902379,0.4316821087076437,0.678803356908025,0.4629623025542031,0.8946444112618468,0.9482723604267306,-0.9136201681106616,-0.2694690035187057,0.0735543470221125,0.03501143958437322,0.27950801059555175,0.5838562068197356,0.028215289473186744,0.8351489279421006,21,multiscale_thermal,elastic_net
21,83.1,0.3946467370036502,0.9550815305229534,0.7577581620211283,1.1524048990247786,0.3825587103863884,0.6744103457450292,0.48313099055183506,0.8656897009382234,0.9483540455648262,-0.9133415124410531,-0.2739436998197969,-0.04753163384681911,0.014385053328868136,0.3200353596587053,0.4450820611140715,-0.02090810884806854,0.7860255296208454,21,multiscale_thermal,elastic_net
21,83.3,0.2384556391614324,0.6897429948970235,0.5705151753163072,0.8089708144777398,0.4552040936782263,0.7333277144619894,0.5057256676228763,0.9609297613011025,0.9484064962511408,-0.9131274726667349,-0.21507878178915144,0.12611806959825436,0.02543905030892633,0.3446355314155986,0.565772655940854,0.051737274443769354,0.8586709129126833,21,multiscale_thermal,elastic_net
21,83.5,0.29482223653690853,0.6699836865456184,0.522572568277164,0.8173948048140726,0.4911172633696782,0.6702031580719081,0.424644526387069,0.9157617897567472,0.9484606771997504,-0.9129309419205687,-0.2782575191278422,0.20185858781881774,0.029320992544872006,0.36367618556096215,0.6185583411783943,0.08765044413522127,0.8945840826041351,21,multiscale_thermal,elastic_net
21,83.7,0.23202040947422875,0.5403944893721302,0.4243842846350159,0.6564046941092446,0.5674891231458659,0.7508873161391019,0.46714275456616894,1.0346318777120347,0.9484083686421243,-0.9131464199364852,-0.1975210525030225,0.34661272386343933,0.0390424516599785,0.3977945907309818,0.7371836555607499,0.16402230391140893,0.9709559423803228,21,multiscale_thermal,elastic_net
21,83.9,0.3648183934677789,0.6867952402995255,0.5043860435656361,0.869204437033415,0.4930742255089934,0.7881652363755645,0.5416281236210678,1.034702349130061,0.9483560600844982,-0.9133618979524015,-0.16019082370893384,0.20626634052188117,0.04978124595648179,0.2767044818979651,0.7094439691200216,0.08960740627453645,0.8965410447434503,21,multiscale_thermal,elastic_net
21,84.1,0.25140503892918137,0.7040834340621631,0.5783809145975725,0.8297859535267539,0.47846683303976645,0.6945796504207532,0.45534623390087,0.9338130669406364,0.9482776346369762,-0.9136735393804034,-0.253697984216223,0.17650515444746892,0.05680712320128339,0.23155974089734122,0.7253739251821917,0.07500001380530952,0.8819336522742234,21,multiscale_thermal,elastic_net
21,84.3,0.22826549487794576,1.3491369456139064,1.2350041981749336,1.4632696930528795,0.3997150719961633,0.7241285111794142,0.5242709751813326,0.9239860471774959,0.9481992091894543,-0.9139851808084054,-0.2240706980100401,-0.0030181248957808285,0.029128539117839206,0.27311047583558745,0.5263196681567391,-0.0037517472382936345,0.8031818912306202,21,multiscale_thermal,elastic_net
21,84.5,0.27411962396417144,1.3039322296389761,1.1668724176568903,1.440992041621062,0.42871095091474837,0.828850139988454,0.6144946645310798,1.0432056154458282,0.9482007447972411,-0.9140007200708904,-0.11935060480878715,0.06702835883750174,0.02153301249117103,0.335119633494516,0.5223022683349807,0.025244131680291437,0.8321777701492052,21,multiscale_thermal,elastic_net
21,84.7,0.24372981072200559,1.1881617109526805,1.0662968055916777,1.3100266163136833,0.38897084532432435,0.8959142997612053,0.7014288770990431,1.0903997224233675,0.948202280405028,-0.9140162593333753,-0.052287980643822715,-0.030234626591418158,0.024654563302597462,0.28181198583558753,0.4961297048130612,-0.014495973910132576,0.7924376645587813,21,multiscale_thermal,elastic_net
21,84.9,0.8509695538379742,1.1197878746673717,0.6943030977483846,1.5452726515863588,0.3931402819844161,0.8064237359474586,0.6098535949552506,1.0029938769396667,0.9480487960944789,-0.9147214254193641,-0.14162506014702028,-0.018867353771292734,0.01135082695628406,0.34380492544369556,0.4424756385251366,-0.010326537250040846,0.796607101218873,21,multiscale_thermal,elastic_net
21,85.1,0.3640990520531315,1.294515428953317,1.1124659029267512,1.4765649549798827,0.3435537248959959,0.8122658668511421,0.6404890044031442,0.98404272929914,0.9482118215656833,-0.9141128091171848,-0.1359459547145412,-0.15429896607727867,0.013494715245454925,0.28490014920374795,0.40220730058824383,-0.05991309433846104,0.7470205441304528,21,multiscale_thermal,elastic_net
21,85.3,0.39474977611216544,0.9575490384435072,0.7601741503874245,1.1549239264995899,0.39838148786524435,0.811206443759032,0.6120156998264098,1.0103971876916542,0.9480541259202984,-0.9147753594792966,-0.13684768216126642,-0.005569861073680675,0.016866752419356635,0.3250716534806812,0.47169132224980753,-0.005085331369212576,0.8018483070997013,21,multiscale_thermal,elastic_net
21,85.5,0.6479449396810062,0.9167239787130048,0.5927515088725017,1.240696448553508,0.5169558981244651,0.800720615033875,0.5422426659716425,1.0591985640961075,0.9478953117839298,-0.915426591505353,-0.14717469675005485,0.25562887995879674,0.03036463995630553,0.3849786999657363,0.6489330962831938,0.11348907889000814,0.920422717358922,21,multiscale_thermal,elastic_net
21,85.7,0.35637201719612466,1.3231075707947166,1.1449215621966542,1.5012935793927789,0.47768680585547846,0.8670077063274809,0.6281643033997417,1.1058511092552201,0.9478563073067025,-0.9155964734719017,-0.08084860097922154,0.17679649435661018,0.05911743026726853,0.2207381701975104,0.7346354415134465,0.07421998662102153,0.8811536250899354,21,multiscale_thermal,elastic_net
21,85.9,0.3413341041774884,1.0465286992159313,0.8758616471271872,1.2171957513046756,0.4709819485237136,0.9173697396122408,0.6818787653503839,1.1528607138740976,0.9478173028294751,-0.9157663554384503,-0.030447563217234346,0.16283084388628866,0.06459758666345501,0.19021430207947942,0.7517495949679478,0.06751512928925668,0.8744487677581705,21,multiscale_thermal,elastic_net
21,86.1,0.7724511376448776,1.1570935503890336,0.7708679815665949,1.5433191192114726,0.4094291676490797,0.8721321522209512,0.6674175683964113,1.076846736045491,0.9477548757279255,-0.9160596648752071,-0.07562272350697426,0.02306830145075839,0.03949599917063892,0.23776333144877412,0.5810950038493853,0.005962348414622787,0.8128959868835366,21,multiscale_thermal,elastic_net
21,86.3,0.2988114991487604,0.47550776188888294,0.32610201231450275,0.6249135114632631,0.3961322864745809,0.8009552720940973,0.6028891288568069,0.9990214153313878,0.947692448626376,-0.9163529743119638,-0.14673717653227875,-0.009654092446234906,0.046312863347020894,0.19483755839470343,0.5974270145544583,-0.007334532759876056,0.7995991057090378,21,multiscale_thermal,elastic_net
21,86.5,0.3404207808631846,0.9414714974670473,0.771261107035455,1.1116818878986396,0.47539379895139383,0.7623108309987405,0.5246139315230436,1.0000077304744375,0.947667617074185,-0.9164621444306766,-0.1853567860754445,0.17285037643468928,0.03618708563550417,0.3181098601799722,0.6326777377228154,0.0719269797169369,0.8788606181858507,21,multiscale_thermal,elastic_net
21,86.7,0.27912796598991424,0.7709015623606654,0.6313375793657083,0.9104655453556226,0.43344898237117524,0.8196585729395788,0.6029340817539912,1.0363830641251663,0.9476427855219941,-0.9165713145493894,-0.1279842125824153,0.08059013713701918,0.014627078306141622,0.36987369167545864,0.49702427306689184,0.02998216313671831,0.8369158016056322,21,multiscale_thermal,elastic_net
21,86.9,0.3881586837543045,0.9521908741621974,0.7581115322850452,1.1462702160393496,0.3503700110028759,0.9199275245973174,0.7447425190958794,1.0951125300987554,0.947667617074185,-0.9164621444306766,-0.027740092476867567,-0.132303364189287,0.015040006046037514,0.28499996673089767,0.41574005527485414,-0.05309680823158103,0.7538368302373328,21,multiscale_thermal,elastic_net
21,87.1,0.5452551802097205,0.9028837756387293,0.6302561855338692,1.1755113657435896,0.4226786875620954,0.8901202489278666,0.6787809051468189,1.1014595927089144,0.947692448626376,-0.9163529743119638,-0.05757219969850947,0.055209981858788705,0.02531565143834907,0.3126464674796541,0.5327109076445368,0.019211868327638493,0.8261455067965524,21,multiscale_thermal,elastic_net
21,87.3,0.5850016022944022,0.7521266968003922,0.4596258956531911,1.0446274979475934,0.5522248677574275,0.8160699162748941,0.5399574823961804,1.0921823501536079,0.9477153120052063,-0.9162238876737281,-0.13164539573031217,0.3224239411421859,0.05498379467181806,0.31324271037424806,0.7912070251406069,0.1487580485229706,0.9556916869918844,21,multiscale_thermal,elastic_net
21,87.5,0.5771841834888869,0.9927264964474255,0.704134404702982,1.281318588191869,0.512410333391496,0.8892327619385305,0.6330275952427825,1.1454379286342786,0.9477381753840367,-0.9160948010354925,-0.058505413445506214,0.2474652585226608,0.0471858416174465,0.3073212831543325,0.7174993836286595,0.10894351415703907,0.9158771526259529,21,multiscale_thermal,elastic_net
21,87.7,0.5524371164775509,0.4585901227433081,0.18237156450453268,0.7348086809820835,0.5692926704920089,0.8598742531770491,0.5752279179310447,1.1445205884230536,0.9477771798612641,-0.9159249190689437,-0.08790292668421498,0.3525643013641069,0.07614870891519508,0.2383191018775359,0.900266239106482,0.165825851257552,0.9727594897264659,21,multiscale_thermal,elastic_net
21,87.9,0.23573594941947687,0.43792707341590853,0.32005909870617005,0.555795048125647,0.501410518649279,0.9017650339686115,0.651059774643972,1.1524702932932511,0.9478161843384915,-0.915755037102395,-0.04605115036987991,0.22542492218299795,0.0926834145271415,0.09857032747039318,0.9042507098281648,0.09794369941482206,0.9048773378837359,21,multiscale_thermal,elastic_net
21,88.3,0.29358452974819316,0.5277318232547275,0.3809395583806308,0.674524088128824,0.4298970186819211,0.8122274045824285,0.5972788952414679,1.0271759139233891,0.9478563073067025,-0.9155964734719017,-0.135628902724274,0.07138688305732599,0.037047598860048145,0.2688729359628923,0.5909211014009499,0.026430199447464164,0.833363837916378,21,multiscale_thermal,elastic_net
21,88.5,1.0100371656737945,1.2505691111785313,0.745550528341634,1.7555876940154285,0.3583343279249755,0.8329622595888344,0.6537950956263466,1.012129423551322,0.9478173028294751,-0.9157663554384503,-0.11485504324064062,-0.11052249604930242,0.016849925129066388,0.28509763185617387,0.4315710239937771,-0.04513249130948144,0.7618011471594324,21,multiscale_thermal,elastic_net
21,88.7,0.23412555998452922,1.3748554850724006,1.2577927050801359,1.4919182650646652,0.3401040593411855,0.8020345621749874,0.6319825325043946,0.9720865918455801,0.9477548757279255,-0.9160596648752071,-0.14572031355293807,-0.1624439864367379,0.010843431257544273,0.29297405293054485,0.3872340657518261,-0.06336275989327145,0.7435708785756424,21,multiscale_thermal,elastic_net
21,88.9,0.3606241021873058,1.5086099401076307,1.328297889013978,1.6889219912012836,0.3135955283602086,0.8682125276441638,0.7114147634640595,1.025010291824268,0.947692448626376,-0.9163529743119638,-0.07947992098221225,-0.24329827535103912,0.012852585162804485,0.25773291377547214,0.36945814294494506,-0.08987129087424833,0.7170623475946656,21,multiscale_thermal,elastic_net
21,89.1,0.5720385217377211,1.0052814713414004,0.7192622104725399,1.291300732210261,0.34108960772157326,0.8335759859318154,0.6630311820710287,1.0041207897926019,0.947667617074185,-0.9164621444306766,-0.11409163114236967,-0.15914791254621088,0.012339152839653299,0.2874585809162779,0.3947206345268686,-0.06237721151288367,0.7445564269560302,21,multiscale_thermal,elastic_net
21,89.3,0.26275622699164863,1.2200444406322608,1.0886663271364365,1.351422554128085,0.3754378387371683,0.8950627536090936,0.7073438342405094,1.0827816729776778,0.9476427855219941,-0.9165713145493894,-0.052580031912900484,-0.0630910495762799,0.015205875485253947,0.3093468577480267,0.44152881972630986,-0.028028980497288636,0.7789046579716252,21,multiscale_thermal,elastic_net
21,89.5,0.2796371535521178,0.9820761808813336,0.8422576041052746,1.1218947576573925,0.4575146589050101,0.952361413878825,0.72360408442632,1.18111874333133,0.9475915274807614,-0.9167974230466839,0.004769886398063668,0.13485106958923704,0.026249503573332642,0.3434235338447053,0.5716057839653148,0.054047839670553155,0.860981478139467,21,multiscale_thermal,elastic_net
21,89.7,0.39926474695212527,0.32345435310998044,0.12382197963391776,0.5230867265860432,0.4098103120310473,0.9333761050631624,0.7284709490476388,1.138281261078686,0.9476427855219941,-0.9165713145493894,-0.014266680458831723,0.024510434625603997,0.015305157095017688,0.3432878123838824,0.4763328116782122,0.006343492796590355,0.8132771312655043,21,multiscale_thermal,elastic_net
21,89.9,0.3471870246845922,0.21103287570314166,0.037439363360845565,0.38462638804543775,0.45351381855594647,0.9447038884352964,0.7179469791573232,1.1714607977132696,0.947667617074185,-0.9164621444306766,-0.0029637286388886166,0.12573260544566872,0.02720661432520069,0.3352626970148368,0.5717649400970561,0.05004699932148954,0.8569806377904035,21,multiscale_thermal,elastic_net
21,90.1,0.5737337688435494,0.35472999368194624,0.06786310926017143,0.641596878103721,0.3881752368292926,0.8816518836103685,0.6875642651957222,1.075739502025015,0.9476427855219941,-0.9165713145493894,-0.06599090191162563,-0.02972708545610382,0.018644657556894997,0.307137896405403,0.4692125772531822,-0.015291582405164317,0.7916420560637496,21,multiscale_thermal,elastic_net
21,90.3,0.23246554192493823,0.448729487161913,0.3324967161994439,0.5649622581243822,0.45294267066138827,0.8895158858119038,0.6630445504812097,1.1159872211425979,0.9475915274807614,-0.9167974230466839,-0.05807564166885761,0.12480770670747002,0.03286811197396778,0.3100843547605987,0.5958009865621778,0.04947585142693134,0.8564094898958452,21,multiscale_thermal,elastic_net
21,90.5,0.2421625318954172,0.47171169947399405,0.3506304335262854,0.5927929654217027,0.49087233928583346,0.8783340521364429,0.6328978824935262,1.1237702217793597,0.9475402694395286,-0.9170235315439783,-0.0692062173030857,0.20545234509560933,0.032444621774199454,0.34985468575066164,0.6318899928210053,0.08740552005137653,0.8943391585202904,21,multiscale_thermal,elastic_net
21,90.7,0.37431832719587455,0.7370334527386149,0.5498742891406775,0.9241926163365521,0.32064751992808216,0.8506921983935913,0.6903684384295503,1.0110159583576324,0.9474246538241711,-0.9174995065733009,-0.09673245543057975,-0.2199133213578875,0.01631745860049693,0.24972514211416597,0.39156989774199835,-0.08281929930637477,0.7241143391625391,21,multiscale_thermal,elastic_net
21,90.9,0.2932520548990961,0.7618847094014154,0.6152586819518673,0.9085107368509635,0.38864767388395305,0.8254488492383024,0.6311250122963259,1.019772686180279,0.9473090382088135,-0.9179754816026235,-0.1218601889705111,-0.027106586839031666,0.007256040086750513,0.35710994309726246,0.42018540467064364,-0.014819145350503882,0.79211449311841,21,multiscale_thermal,elastic_net
21,91.1,0.46344713496602596,0.5209760665382821,0.28925249905526906,0.7526996340212951,0.38093906188876,0.8612463425128394,0.6707768115684594,1.0517158734572194,0.9474246538241711,-0.9174995065733009,-0.08617831131133175,-0.04761635262349501,0.013497680176432906,0.32227259938857455,0.4396055243889454,-0.022527757345696953,0.7844058811232169,21,multiscale_thermal,elastic_net
21,91.3,0.6635209886398749,0.9801618754837778,0.6484013811638403,1.3119223698037152,0.3564174021896763,0.8067156638174529,0.6285069627226147,0.984924364912291,0.9473090382088135,-0.9179754816026235,-0.14059337439136063,-0.11367727528219768,0.014310359186417968,0.2942187028872572,0.41861610149209544,-0.047049417044780606,0.7598842214241333,21,multiscale_thermal,elastic_net
21,91.5,0.39964668831461736,0.4881739186859241,0.2883505745286154,0.6879972628432328,0.38628426375222497,0.7980989544592251,0.6049568225831126,0.9912410863353376,0.9472419981043954,-0.9182221107196822,-0.14914304364517028,-0.032959635241263,0.011730482453647238,0.335298768468557,0.43726975903589294,-0.017182555482231965,0.7897510829866818,21,multiscale_thermal,elastic_net
21,91.7,0.465237151457571,0.4368109447798382,0.2041923690510526,0.6694295205086237,0.4453595913288021,0.8167456277530267,0.5940658320886256,1.0394254234174278,0.9472299107633753,-0.9183039271996656,-0.1304842830103485,0.10943067447246155,0.024881054829135243,0.33721630662961777,0.5535028760279864,0.041892772094345165,0.848826410563259,21,multiscale_thermal,elastic_net
21,91.9,0.40919916332075496,0.7899232480824605,0.585323666422083,0.994522829742838,0.41965883363071066,0.9648570397548716,0.7550276229395163,1.1746864565702269,0.947162870658957,-0.9185505563167242,0.017694169095914564,0.05023735763761183,0.021408615586867345,0.3266081962552029,0.5127094710062184,0.01619201439625373,0.8231256528651676,21,multiscale_thermal,elastic_net
21,92.1,0.6394245411368167,0.9121649091345092,0.5924526385661009,1.2318771797029175,0.4490004728772462,0.9144490903485345,0.6899488539099115,1.1389493267871575,0.9470958305545387,-0.9187971854337829,-0.032646740206004235,0.11806584737206763,0.012936729430574613,0.39277213274076933,0.5052288130137231,0.045533653642789274,0.8524672921117031,21,multiscale_thermal,elastic_net
21,92.3,0.496976844441589,0.9956664377584653,0.7471780155376708,1.2441548599792598,0.5023191762245618,0.9347875986717636,0.6836280105594827,1.1859471867840445,0.947162870658957,-0.9185505563167242,-0.01237527198719339,0.2300310041975488,0.01473282063880925,0.43828428591520496,0.5663540665339186,0.09885235699010486,0.9057859954590187,21,multiscale_thermal,elastic_net
21,92.5,1.005287380222382,1.1220602301069278,0.6194165399957366,1.6247039202181188,0.4201182458736704,0.9432200689402154,0.7331609460033801,1.1532791918770506,0.9470958305545387,-0.9187971854337829,-0.0038757616143233814,0.05157811589918528,0.017075080774664488,0.345902930881726,0.4943335608656148,0.016651426639213485,0.8235850651081273,21,multiscale_thermal,elastic_net
21,92.7,0.29218792219229456,0.5020799051744309,0.35598594407828366,0.6481738662705783,0.4088627678944959,0.9329591996765099,0.728527815729262,1.137390583623758,0.947162870658957,-0.9185505563167242,-0.014203670982447151,0.024174846254025124,0.018038912821224662,0.33045824291410275,0.487267292874889,0.005395948660038952,0.8123295871289529,21,multiscale_thermal,elastic_net
21,92.9,0.31539054261704047,0.7818889632581463,0.624193691949626,0.9395842345666666,0.4390645554529575,0.9439611176701823,0.7244288399437036,1.163493395396661,0.9470958305545387,-0.9187971854337829,-0.003134712884356393,0.09568835986154622,0.028410966568719855,0.3155788243487322,0.5625502865571828,0.03559773621850054,0.8425313746874143,21,multiscale_thermal,elastic_net
21,93.1,0.3939396901196266,0.93050449628445,0.7335346512246367,1.1274743413442634,0.46562055151640097,0.8984558499325933,0.6656455741743929,1.1312661256907939,0.9469690786186872,-0.9193885084872384,-0.04851322868609384,0.15500426480300777,0.016709787749624044,0.39299295006300466,0.5382481529697973,0.06215373228194404,0.869087370750858,21,multiscale_thermal,elastic_net
21,93.3,0.26434091353477623,1.3071466904507503,1.1749762336833622,1.4393171472181385,0.4517029259592698,0.8405816474922918,0.6147301845126569,1.0664331104719267,0.9470958305545387,-0.9187971854337829,-0.10651418306224696,0.12406662675177288,0.01246408443891015,0.39752889510534634,0.5058769568131932,0.04823610672481288,0.8551697451937268,21,multiscale_thermal,elastic_net
21,93.5,0.21306465161714797,1.3481560018420728,1.2416236760334989,1.4546883276506468,0.46170402944174166,0.9286549436448025,0.6978029289239317,1.1595069583656734,0.9469690786186872,-0.9193885084872384,-0.01831413497388466,0.14655728638247714,0.024851441827119132,0.35368945501347704,0.5697186038700063,0.05823721020728473,0.8651708486761986,21,multiscale_thermal,elastic_net
21,93.7,0.5182274244062114,0.8405826199009905,0.5814689076978848,1.0996963321040962,0.4890305005846089,0.8139649114328545,0.5694496611405501,1.058480161725159,0.9470958305545387,-0.9187971854337829,-0.13313091912168415,0.20346676736503752,0.025921366760616595,0.37636559290140187,0.6016954082678159,0.08556368135015197,0.8924973198190658,21,multiscale_thermal,elastic_net
21,93.9,0.512721091377962,0.9720360032878851,0.7156754575989042,1.228396548976866,0.4965626008663178,0.9050404409586256,0.6567591405254667,1.1533217413917844,0.947162870658957,-0.9185505563167242,-0.04212242970033144,0.2185048371947502,0.03147634534466974,0.3597534744336033,0.6333717272990323,0.09309578163186089,0.9000294201007748,21,multiscale_thermal,elastic_net
21,94.1,0.2768615055393332,0.9349495895005591,0.7965188367308924,1.0733803422702257,0.45098416440790096,0.8394897424108887,0.6139976602069382,1.0649818246148393,0.9471749579999771,-0.9184687398367408,-0.10768521558908839,0.12214568756323194,0.02583929621207773,0.3386759690408319,0.56329235977497,0.047517345173444026,0.8544509836423579,21,multiscale_thermal,elastic_net
21,94.3,1.2352379756197374,0.7382152355719068,0.12059624776203823,1.3558342233817755,0.518050767733287,0.8830929240847673,0.6240675402181237,1.1421183079514108,0.9472419981043954,-0.9182221107196822,-0.06414907401962815,0.26054007640175325,0.04559495348113997,0.31987637082696585,0.7162251646396081,0.11458394849883002,0.9215175869677439,21,multiscale_thermal,elastic_net
21,94.5,0.34470198398100693,0.4800977294286931,0.30774673743818964,0.6524487214191966,0.4752507944877889,0.909604975885668,0.6719795786417736,1.1472303731295626,0.9471749579999771,-0.9184687398367408,-0.03756998211430904,0.17455611394776044,0.05678827095605025,0.22842564194709947,0.7220759470284783,0.07178397525333197,0.8787176137222459,21,multiscale_thermal,elastic_net
21,94.7,0.4604849129808814,1.032861540607711,0.8026190841172702,1.2631039970981517,0.42069121021054395,0.8418823400451461,0.6315367349398741,1.052227945150418,0.9471685897937928,-0.9186084299079909,-0.10528624974864678,0.05275224805600873,0.020855452512607637,0.33004484677902884,0.5113375736420591,0.017224390976087023,0.8241580294450008,21,multiscale_thermal,elastic_net
21,94.9,0.42133406846822463,1.269549353907077,1.0588823196729649,1.4802163881411894,0.44364955762098546,0.8481462071814553,0.6263214283709626,1.069970985991948,0.947229966378949,-0.9183044899898563,-0.09908375919749364,0.10558417715340707,0.0252171917481434,0.33404528379654747,0.5532538314454234,0.04018273838652853,0.8471163768554424,21,multiscale_thermal,elastic_net
21,95.1,0.3712215757155086,1.1958672039344282,1.010256416076674,1.3814779917921827,0.41891065260318205,0.9334565614307649,0.7240012351291739,1.1429118877323559,0.9471685897937928,-0.9186084299079909,-0.013712028363027921,0.04851080849864915,0.04047709671205943,0.24298056348160288,0.5948407417247612,0.015443833368725124,0.822377471837639,21,multiscale_thermal,elastic_net
21,95.3,1.0696506260332523,1.3098140770942337,0.7749887640776075,1.84463939011086,0.37898284630396056,0.828236571297234,0.6387451481452537,1.0177279944492144,0.947229966378949,-0.9183044899898563,-0.11899339508171491,-0.0519598453458514,0.008855409091428243,0.34049360084879293,0.4174720917591282,-0.024483972930496367,0.7824496655384174,21,multiscale_thermal,elastic_net
21,95.5,0.6222090074275458,1.46191742390367,1.1508129201898971,1.773021927617443,0.3594539133288067,0.8885544435788277,0.7088274869144244,1.068281400243231,0.947352014862339,-0.9178936110259129,-0.05879757128351131,-0.10527569559490746,0.013139580126623307,0.3023439007421516,0.4165639259154618,-0.04401290590565021,0.7629207325632636,21,multiscale_thermal,elastic_net
21,95.7,0.4718145033292256,1.399245320401822,1.1633380687372092,1.6351525720664348,0.4123441572316639,0.9656607905770317,0.7594887119611997,1.1718328691928637,0.947474063345729,-0.9174827320619696,0.018186727231302633,0.031585786819410745,0.01755611371449632,0.3360380754889062,0.4886502389744216,0.008877337997206969,0.8158109764661208,21,multiscale_thermal,elastic_net
21,95.9,0.34896359935177984,0.968210143781988,0.793728344106098,1.142691943457878,0.5070858157376189,0.9268212406438643,0.6732783327750549,1.1803641485126737,0.9475209184873719,-0.9172120693412528,-0.02069967784350759,0.23813704143703418,0.020827696963273957,0.41656008932467825,0.5976115421505596,0.10361899650316198,0.9105526349720758,21,multiscale_thermal,elastic_net
