track_id,x_mm,width_mm,center_mm,left_mm,right_mm,width_prediction_mm,center_prediction_mm,left_prediction_mm,right_prediction_mm,baseline_center_prediction_mm,baseline_log_width_prediction,center_residual_prediction_mm,log_width_residual_prediction,predicted_residual_scale_mm,width_lower_90_mm,width_upper_90_mm,global_width_lower_90_mm,global_width_upper_90_mm,outer_track,selected_feature_set,selected_model
8,24.099999999999994,0.7939444005916673,1.0973271909572375,0.7003549906614039,1.494299391253071,0.7597672946912729,1.0498297281824998,0.6699460808368634,1.4297133755281362,1.0702300403449274,-0.3533421941530135,-0.020400312162427728,0.07859911036946454,0.11051552695217834,0.32240238619425166,1.197132203188294,0.3490967076461028,1.1704378817364431,8,normalized_compact_thermal,spline_ridge
8,24.299999999999997,0.7708603847311845,1.0855994919038565,0.7001692995382645,1.4710296842694488,0.7269714322984685,1.0765443605740175,0.7130586444247833,1.4400300767232517,1.0702300403449274,-0.3533421941530135,0.006314320229090066,0.03447409660696142,0.13306522568174503,0.20036615013196313,1.2535767144649739,0.3163008452532984,1.1376420193436387,8,normalized_compact_thermal,spline_ridge
8,24.5,0.7731330342608518,1.1127699169290437,0.7262033997986178,1.4993364340594695,0.7377359328741938,1.014759644008494,0.6458916775713972,1.383627610445591,1.0702300403449274,-0.3533421941530135,-0.05547039633643327,0.049172861206841424,0.11397032877002965,0.28669865523040355,1.188773210517984,0.3270653458290237,1.148406519919364,8,normalized_compact_thermal,spline_ridge
8,24.700000000000003,0.7310168277079796,1.0947717637596202,0.7292633499056305,1.46028017761361,0.7188517489451861,0.992088111556146,0.6326622370835528,1.351513986028739,1.0702300403449274,-0.3533421941530135,-0.07814192878878147,0.023242061013058726,0.1098757241769256,0.2840188582557227,1.1536846396346494,0.308181161900016,1.1295223359903561,8,normalized_compact_thermal,spline_ridge
8,24.89999999999999,0.8180768066073618,0.9776214129181773,0.5685830096144963,1.3866598162218582,0.8270658690182862,1.038088404732381,0.624555470223238,1.451621339241524,1.0702300403449274,-0.3533421941530135,-0.03214163561254625,0.16347125517068958,0.1307912972805149,0.3094596525447232,1.3446720854918492,0.41639528197311604,1.2377364560634563,8,normalized_compact_thermal,spline_ridge
8,25.099999999999994,0.7975866922001723,1.0144938636656609,0.6157005175655748,1.413287209765747,0.7493201559032329,1.0145720349760534,0.6399119570244369,1.38923211292767,1.0702300403449274,-0.3533421941530135,-0.055658005368874046,0.06475325182333083,0.09540999256854912,0.37173536017130193,1.1269049516351637,0.33864956885806274,1.1599907429484029,8,normalized_compact_thermal,spline_ridge
8,25.299999999999997,0.7993918619696896,1.0689591917752068,0.669263260790362,1.4686551227600517,0.7216469002344824,1.0132111218688733,0.6523876717516321,1.3740345719861145,1.0702300403449274,-0.3533421941530135,-0.05701891847605407,0.02712287658893165,0.11293560914465027,0.2747045227984245,1.1685892776705402,0.3109763131893123,1.1323174872796526,8,normalized_compact_thermal,spline_ridge
8,25.5,0.7443992294639245,1.1409729318667006,0.7687733171347384,1.5131725465986627,0.7200962909414333,1.0898317374838264,0.7297835920131097,1.4498798829545432,1.0702300403449274,-0.3533421941530135,0.019601697138898998,0.02497185565758347,0.10521435776350674,0.3037107456259662,1.1364818362569005,0.3094257038962632,1.1307668779866034,8,normalized_compact_thermal,spline_ridge
8,25.700000000000003,0.7065338705830645,1.141318869808855,0.7880519345173228,1.4945858051003873,0.7584104932897712,1.036071392666482,0.6568661460215963,1.4152766393113676,1.0702300403449274,-0.3533421941530135,-0.034158647678445495,0.07681170210480397,0.133908562574579,0.22846770757839208,1.2883532790011503,0.34773990624460105,1.1690810803349412,8,normalized_compact_thermal,spline_ridge
8,25.89999999999999,0.5940449073489923,1.0936643229024983,0.7966418692280021,1.3906867765769946,0.8017963912260303,1.0938127825358117,0.6929145869227966,1.4947109781488268,1.0702300403449274,-0.3533421941530135,0.023582742190884298,0.13244161452858333,0.1138618831969835,0.3511882866535747,1.252404495798486,0.3911258041808602,1.2124669782712005,8,normalized_compact_thermal,spline_ridge
8,26.099999999999994,0.8273117888383953,1.0848566881769095,0.6712007937577119,1.4985125825961072,0.7912908003768733,1.0193970563068344,0.6237516561183978,1.415042456495271,1.0702300403449274,-0.3533421941530135,-0.05083298403809297,0.11925245175720528,0.10177114500870374,0.38853176052151067,1.194049840232236,0.38062021333170315,1.2019613874220434,8,normalized_compact_thermal,spline_ridge
8,26.299999999999997,0.6908675524476982,1.0816370520642045,0.7362032758403553,1.4270708282880535,0.8129225500056781,1.073176595666652,0.6667153206638128,1.479637870669491,1.0702300403449274,-0.3533421941530135,0.0029465553217245047,0.14622275573508123,0.10737489678318782,0.3879866771778068,1.2378584228335494,0.402251962960508,1.2235931370508482,8,normalized_compact_thermal,spline_ridge
8,26.5,0.7183155252690379,1.1203645512373606,0.7612067886028417,1.4795223138718796,0.7756772630694886,1.0573148826332304,0.6694762510984861,1.4451535141679748,1.0702300403449274,-0.3533421941530135,-0.012915157711697108,0.0993234507381617,0.11579299894055284,0.31742677299903116,1.233927753139946,0.36500667602431847,1.1863478501146587,8,normalized_compact_thermal,spline_ridge
8,26.700000000000003,0.8487725222685899,1.1203237764982223,0.6959375153639273,1.5447100376325174,0.8424534097529085,1.0649256580465951,0.6436989531701409,1.4861523629230493,1.0702300403449274,-0.3533421941530135,-0.0053043822983323795,0.18190527587174432,0.11199236341208964,0.39924392483330307,1.285662894672514,0.4317828227077384,1.2531239967980787,8,normalized_compact_thermal,spline_ridge
8,26.89999999999999,0.7677402483031927,1.1441885891009,0.7603184649493039,1.5280587132524963,0.8131902210912704,1.0514811202408547,0.6448860096952196,1.4580762307864898,1.0702300403449274,-0.3533421941530135,-0.018748920104072767,0.14655197163297895,0.11759101091600166,0.3478241033365781,1.2785563388459626,0.40251963404610025,1.2238608081364406,8,normalized_compact_thermal,spline_ridge
8,27.099999999999994,0.6233573591283056,1.1204281097830573,0.8087494302189044,1.43210678934721,0.8011912879409286,1.0590895061800802,0.6584938622096159,1.4596851501505446,1.0702300403449274,-0.3533421941530135,-0.011140534164847076,0.13168664514022543,0.11396558747222438,0.35017277397078633,1.252209801911071,0.3905207008957585,1.2118618749860988,8,normalized_compact_thermal,spline_ridge
8,27.299999999999997,0.7177558284730327,1.1140064586293343,0.755128544392818,1.4728843728658505,0.7354117637848522,1.0186702273660009,0.6509643454735747,1.386376109258427,1.0702300403449274,-0.3533421941530135,-0.051559812978926485,0.046017480354017315,0.11635704380560902,0.2749290676380462,1.195894459931658,0.32474117673968206,1.1460823508300222,8,normalized_compact_thermal,spline_ridge
8,27.5,0.7613682905485852,1.1141884945361462,0.7335043492618537,1.4948726398104388,0.7421887231055414,1.1089116964902943,0.7378173349375237,1.480006058043065,1.0702300403449274,-0.3533421941530135,0.038681656145366825,0.0551904698063613,0.12321258996326238,0.25457522099301255,1.2298022252180703,0.3315181360603713,1.1528593101507116,8,normalized_compact_thermal,spline_ridge
8,27.700000000000003,0.7491144451391314,1.1288838285735607,0.754326606003995,1.5034410511431264,0.7791861012485622,1.057761727357656,0.668168676733375,1.4473547779819371,1.0702300403449274,-0.3533421941530135,-0.012468312987271399,0.10383683013344627,0.10238693615153101,0.37399006955808434,1.18438213293904,0.3685155142033921,1.1898566882937325,8,normalized_compact_thermal,spline_ridge
8,27.89999999999999,0.74512954454655,1.0763589723668823,0.7037942000936073,1.4489237446401573,0.754132863926136,1.03563674330901,0.6585703113459419,1.4127031752720778,1.0702300403449274,-0.3533421941530135,-0.03459329703591747,0.07115547975893198,0.10127644649182996,0.35333159215579313,1.1549341356964788,0.34346227688096587,1.164803450971306,8,normalized_compact_thermal,spline_ridge
8,28.099999999999994,1.1243915147095684,1.2157822370020372,0.653586479647253,1.7779779943568215,0.7892008431821583,1.0345493945055764,0.6399489729144971,1.4291498160966556,1.0702300403449274,-0.3533421941530135,-0.03568064583935103,0.11660775771987897,0.10676569655086096,0.3666758786783571,1.2117258076859596,0.3785302561369882,1.1998714302273283,8,normalized_compact_thermal,spline_ridge
8,28.299999999999997,0.880088737629097,1.076649301560942,0.6366049327463935,1.5166936703754903,0.7732447927361902,1.059871316482959,0.6732489201148639,1.446493712851054,1.0702300403449274,-0.3533421941530135,-0.010358723861968419,0.09618259245691746,0.10360791047707384,0.3632167583498438,1.1832728271225366,0.36257420569102006,1.1839153797813604,8,normalized_compact_thermal,spline_ridge
8,28.5,0.9469180183563036,1.1725991295798646,0.6991401204017129,1.6460581387580164,0.6955097007872945,0.9702342885526273,0.62247943815898,1.3179891389462746,1.0702300403449274,-0.3533421941530135,-0.09999575179230015,-0.009768125630051305,0.12805481052035667,0.18873312350079163,1.2022862780737973,0.28483911374212434,1.1061802878324647,8,normalized_compact_thermal,spline_ridge
8,28.700000000000003,1.1070689639969924,1.2488039040102152,0.695269422011719,1.8023383860087114,0.7867084338184123,1.0443468969950724,0.6509926800858663,1.4377011139042786,1.0702300403449274,-0.3533421941530135,-0.025883143349854906,0.11344461694995932,0.10922150044057458,0.35446463185228777,1.2189522357845368,0.37603784677324215,1.1973790208635824,8,normalized_compact_thermal,spline_ridge
8,28.89999999999999,0.7595524592474249,1.1083970987267615,0.7286208691030491,1.4881733283504741,0.8081228082730664,1.0527217944231424,0.6486603902866093,1.4567831985596755,1.0702300403449274,-0.3533421941530135,-0.0175082459217851,0.14030095257955888,0.10990711101828804,0.37316570424110646,1.2430799123050262,0.39745222122789625,1.2187933953182366,8,normalized_compact_thermal,spline_ridge
8,29.099999999999994,0.994934989697601,1.1943603587777614,0.6968928639289607,1.6918278536265619,0.791574454490443,1.0323440437297722,0.6365568164845508,1.4281312709749936,1.0702300403449274,-0.3533421941530135,-0.03788599661515531,0.11961085764896866,0.10853050632989655,0.36206525990776284,1.221083649073123,0.3809038674452728,1.2022450415356132,8,normalized_compact_thermal,spline_ridge
8,29.299999999999997,0.960389541302055,1.1868749461122627,0.7066801754612353,1.6670697167632904,0.7542251237113203,1.0408335171781773,0.6637209553225172,1.4179460790338374,1.0702300403449274,-0.3533421941530135,-0.02939652316675006,0.0712778111763483,0.10600531435226995,0.33470936976716675,1.1737408776554739,0.3435545366661502,1.1648957107564906,8,normalized_compact_thermal,spline_ridge
8,29.5,0.8003846332703528,1.121869031274451,0.7216767146392747,1.5220613479096274,0.7861608130697788,1.0620784553175753,0.6689980487826859,1.4551588618524647,1.0702300403449274,-0.3533421941530135,-0.008151585027352172,0.11274828345390502,0.090415654584573,0.4283410968303441,1.1439805293092136,0.3754902260246087,1.196831400114949,8,normalized_compact_thermal,spline_ridge
8,29.700000000000003,0.7837153117545215,1.104068671616555,0.7122110157392945,1.495926327493816,0.7987133531091161,1.0158010334008114,0.6164443568462534,1.4151577099553694,1.0702300403449274,-0.3533421941530135,-0.054429006944115996,0.12858903950851167,0.10232155066690708,0.3937760843028069,1.2036506219154253,0.38804276606394594,1.2093839401542863,8,normalized_compact_thermal,spline_ridge
8,29.89999999999999,0.7252560478207813,1.0268777815209966,0.664249757610606,1.3895058054313874,0.8291405008479591,1.0966741539981548,0.6821039035741753,1.5112444044221345,1.0702300403449274,-0.3533421941530135,0.026444113653227477,0.16597653827130884,0.11420345008735594,0.3771806462013443,1.281100355494574,0.418469913802789,1.2398110878931292,8,normalized_compact_thermal,spline_ridge
8,30.099999999999994,1.0801568535609811,1.1870574275584969,0.6469790007780063,1.7271358543389874,0.8605049538658155,1.0735856982556962,0.6433332213227885,1.5038381751886039,1.0702300403449274,-0.3533421941530135,0.00335565791076883,0.2031062877679161,0.1268949452439136,0.3583185403734003,1.3626913673582308,0.44983436682064537,1.2711755409109857,8,normalized_compact_thermal,spline_ridge
8,30.299999999999997,0.8205479298091343,1.082040613832552,0.6717666489279849,1.492314578737119,0.805628574417423,1.0837579662043801,0.6809436789956687,1.4865722534130916,1.0702300403449274,-0.3533421941530135,0.013527925859452743,0.13720972567983608,0.11327880994990804,0.357327980693326,1.25392916814152,0.39495798737225285,1.216299161462593,8,normalized_compact_thermal,spline_ridge
8,30.5,0.6496166245412861,1.0623491295266971,0.7375408172560542,1.3871574417973402,0.670395095142532,1.0874876001453786,0.7522900525741125,1.4226851477166447,1.0702300403449274,-0.3533421941530135,0.0172575598004511,-0.046545852002853536,0.1052264717491592,0.2539616087605692,1.086828581524495,0.2597245080973619,1.081065682187702,8,normalized_compact_thermal,spline_ridge
8,30.700000000000003,0.8360265163315793,1.0444659810386159,0.626452722872826,1.4624792392044055,0.7826856313590893,1.0503449747830742,0.6590021591035296,1.4416877904626189,1.0702300403449274,-0.3533421941530135,-0.019885065561853113,0.10831803802485199,0.09019385325130229,0.4257436933152238,1.1396275694029547,0.3720150443139192,1.1933562184042594,8,normalized_compact_thermal,spline_ridge
8,30.89999999999999,1.0865726064179064,1.2023458218561216,0.6590595186471683,1.7456321250650748,0.734151414226012,0.9953612276623538,0.6282855205493478,1.3624369347753598,1.0702300403449274,-0.3533421941530135,-0.0748688126825736,0.0443022089227365,0.09128153389935176,0.37290498286589074,1.0953978455861333,0.3234808271808419,1.1448220012711823,8,normalized_compact_thermal,spline_ridge
8,31.099999999999994,0.6515699977506814,1.1046583689943874,0.7788733701190468,1.4304433678697281,0.812751783594393,1.0549469911008764,0.64857109930368,1.4613228828980729,1.0702300403449274,-0.3533421941530135,-0.015283049244050936,0.14601266887034603,0.10961170567892957,0.3789637454193417,1.2465398217694443,0.4020811965492229,1.2234223706395633,8,normalized_compact_thermal,spline_ridge
8,31.299999999999997,0.5839007184968177,1.1281427832984523,0.8361924240500435,1.4200931425468613,0.7654752145966965,1.0341989549993031,0.6514613477009549,1.4169365622976513,1.0702300403449274,-0.3533421941530135,-0.03603108534562434,0.0860837516865591,0.10476126900737195,0.3508827668470915,1.1800676623463016,0.3548046275515264,1.1761458016418667,8,normalized_compact_thermal,spline_ridge
8,31.5,0.7405397794478027,1.081684709336118,0.7114148196122166,1.4519545990600193,0.7225544308010269,1.015745813752015,0.6544685983515015,1.3770230291525285,1.0702300403449274,-0.3533421941530135,-0.054484226592912334,0.028379669068619395,0.09273139858382116,0.35557016374899947,1.0895386978530543,0.31188384375585676,1.133225017846197,8,normalized_compact_thermal,spline_ridge
8,31.700000000000003,0.8438869921997189,1.1086060982286192,0.6866626021287598,1.5305495943284786,0.6604568099041495,1.0424924795903745,0.7122640746382998,1.3727208845424492,1.0702300403449274,-0.3533421941530135,-0.027737560754552998,-0.06148135300605061,0.10163336854525423,0.2582430200420816,1.0626705997662174,0.24978622285897933,1.0711273969493196,8,normalized_compact_thermal,spline_ridge
8,31.89999999999999,0.8703675257964881,1.0394696308383626,0.6042858679401184,1.4746533937366069,0.7956287428027837,1.0376593844344548,0.639845013033063,1.4354737558358468,1.0702300403449274,-0.3533421941530135,-0.032570655910472666,0.1247195887012185,0.08785619768701924,0.44793807053275486,1.1433194150728125,0.3849581557576136,1.2062993298479538,8,normalized_compact_thermal,spline_ridge
8,32.099999999999994,0.9932755902297111,0.9392732882877434,0.442635493172888,1.4359110834025988,0.8030051047833433,1.0507612839253908,0.6492587315337192,1.4522638363170626,1.0702300403449274,-0.3533421941530135,-0.0194687564195365,0.13394798623733606,0.10717000099320187,0.37888010650776366,1.227130103058923,0.3923345177381732,1.2136756918285134,8,normalized_compact_thermal,spline_ridge
8,32.3,0.7145291719756403,1.0251663753512217,0.6679017893634014,1.3824309613390418,0.8125342391803454,1.0896267261489174,0.6833596065587447,1.49589384573909,1.0702300403449274,-0.3533421941530135,0.019396685803990038,0.14574496901653766,0.09982914904451044,0.41746064326761106,1.2076078350930797,0.4018636521351753,1.2232048262255155,8,normalized_compact_thermal,spline_ridge
8,32.5,0.7263732032931508,1.0381040392483132,0.6749174376017378,1.4012906408948886,0.8203564343206207,1.037475343498401,0.6272971263380906,1.4476535606587113,1.0702300403449274,-0.3533421941530135,-0.03275469684652641,0.15532583698568675,0.09358248669493224,0.45000398829768656,1.1907088803435548,0.40968584727545054,1.2310270213657908,8,normalized_compact_thermal,spline_ridge
8,32.7,0.728008945378986,1.0026066639012927,0.6386021912117998,1.3666111365907858,0.7733248204616792,1.034728312836569,0.6480659026057294,1.4213907230674085,1.0702300403449274,-0.3533421941530135,-0.03550172750835839,0.0962860830788429,0.08530524524254625,0.4357295358102603,1.110920105113098,0.36265423341650904,1.1839954075068493,8,normalized_compact_thermal,spline_ridge
8,32.89999999999999,0.6044254063402571,1.0439494443709565,0.741736741200828,1.346162147541085,0.7272196060338172,1.0691790752193897,0.7055692722024811,1.4327888782362983,1.0702300403449274,-0.3533421941530135,-0.0010509651255377226,0.03481541866330236,0.08297923800152045,0.39882948894744885,1.0556097231201855,0.31654901898864707,1.1378901930789873,8,normalized_compact_thermal,spline_ridge
8,33.099999999999994,0.6698998481453039,1.0185028616782608,0.6835529376056089,1.3534527857509127,0.7595457682736322,1.0356549832519468,0.6558820991151307,1.4154278673887628,1.0702300403449274,-0.3533421941530135,-0.03457505709298067,0.07830749644918628,0.09961409675340004,0.36532324123979193,1.1537682953074724,0.34887518122846206,1.1702163553188023,8,normalized_compact_thermal,spline_ridge
8,33.3,0.7876307244536294,1.0380904722536808,0.6442751100268661,1.4319058344804954,0.8198724900639593,1.0643076988775957,0.654371453845616,1.4742439439095754,1.0702300403449274,-0.3533421941530135,-0.00592234146733175,0.15473574341580804,0.1009432926927666,0.42038967358095214,1.2193553065469667,0.4092019030187892,1.2305430771091295,8,normalized_compact_thermal,spline_ridge
8,33.5,0.7179807775246567,1.0985696608081172,0.7395792720457889,1.4575600495704455,0.8112916904655948,1.1046808314961643,0.6990349862633669,1.5103266767289616,1.0702300403449274,-0.3533421941530135,0.03445079115123677,0.14421457227316573,0.10059707590892358,0.41317902599797957,1.20940435493321,0.4006211034204247,1.221962277510765,8,normalized_compact_thermal,spline_ridge
8,33.7,0.7531677381267439,1.0804328570372403,0.7038489879738684,1.4570167261006124,0.7692034796801126,1.0221148526282395,0.6375131127881832,1.4067165924682958,1.0702300403449274,-0.3533421941530135,-0.048115187716687845,0.09094245264036586,0.09444169663290418,0.3954507125777392,1.1429562467824859,0.3585328926349425,1.1798740667252827,8,normalized_compact_thermal,spline_ridge
8,33.89999999999999,0.6780173924253414,1.0383171392346502,0.6993084430219796,1.377325835447321,0.7422560018813804,1.07063918642594,0.6995111854852497,1.4417671873666302,1.0702300403449274,-0.3533421941530135,0.00040914608101240944,0.05528111484656067,0.0775624186129226,0.43530293333991155,1.0492090704228492,0.3315854148362103,1.1529265889265505,8,normalized_compact_thermal,spline_ridge
8,34.099999999999994,0.5410860189205912,1.1005035420198863,0.8299605325595908,1.371046551480182,0.738275329421711,1.0650879932029358,0.6959503284920803,1.4342256579137913,1.0702300403449274,-0.3533421941530135,-0.0051420471419915455,0.049903745293308294,0.10198945725890016,0.3346523194079086,1.1418983394355133,0.3276047423765409,1.1489459164668812,8,normalized_compact_thermal,spline_ridge
8,34.3,0.7548818913158006,1.0364689518288488,0.6590280061709485,1.413909897486749,0.7861612333107827,1.0628081267570173,0.669727510101626,1.4558887434124086,1.0702300403449274,-0.3533421941530135,-0.007421913587910036,0.11274881800216105,0.08934605183039879,0.43257446716993453,1.1397479994516309,0.37549064626561257,1.196831820355953,8,normalized_compact_thermal,spline_ridge
8,34.5,0.8531408319140765,1.0740402024219091,0.647469786464871,1.5006106183789474,0.7922447751381909,1.05215507369176,0.6560326861226645,1.4482774612608553,1.0702300403449274,-0.3533421941530135,-0.01807496665316754,0.12045731875416534,0.10366428796117919,0.38199362700613804,1.2024959232702437,0.3815741880930208,1.202915362183361,8,normalized_compact_thermal,spline_ridge
8,34.7,0.8804206862482316,1.0575965637911104,0.6173862206669946,1.4978069069152262,0.7409449498407835,1.0220609254288877,0.6515884505084959,1.3925334003492795,1.0702300403449274,-0.3533421941530135,-0.048169114916039715,0.05351324599435464,0.10430834420653803,0.3281449508043668,1.1537449488772002,0.3302743627956134,1.1516155368859535,8,normalized_compact_thermal,spline_ridge
8,34.89999999999999,0.7683509385881582,1.0222540075285376,0.6380785382344585,1.4064294768226169,0.7417806896121155,1.0466745923703775,0.6757842475643198,1.4175649371764352,1.0702300403449274,-0.3533421941530135,-0.023555447974549837,0.05464054808936101,0.09309958656025509,0.3733393196075554,1.1102220596166756,0.3311101025669454,1.1524512766572856,8,normalized_compact_thermal,spline_ridge
8,35.099999999999994,0.6891672625827385,1.0346635069083179,0.6900798756169486,1.3792471381996871,0.714910412974307,1.0154376223318664,0.657982415844713,1.3728928288190199,1.0702300403449274,-0.3533421941530135,-0.05479241801306098,0.01774415347518618,0.1064862869509362,0.29349121123049476,1.1363296147181192,0.3042398259291369,1.1255810000194773,8,normalized_compact_thermal,spline_ridge
8,35.3,0.8193370377194619,1.0641054734248268,0.6544369545650958,1.4737739922845576,0.7329605916020671,1.081433094724232,0.7149527989231985,1.4479133905252657,1.0702300403449274,-0.3533421941530135,0.011203054379304639,0.04267885244998232,0.10222225494332227,0.32841628536181083,1.1375048978423232,0.32229000455689694,1.143631178647237,8,normalized_compact_thermal,spline_ridge
8,35.5,0.7613768475259203,1.055940934108784,0.6752525103458239,1.4366293578717442,0.8027554607049616,1.0533484263229682,0.6519706959704874,1.454726156675449,1.0702300403449274,-0.3533421941530135,-0.016881614021959267,0.13363705061497935,0.09909545172416791,0.4105854700160885,1.1949254513938348,0.3920848736597915,1.2134260477501317,8,normalized_compact_thermal,spline_ridge
8,35.7,0.7569190944968351,1.1387044167423856,0.7602448694939681,1.5171639639908032,0.7360129164714351,1.0138897472174997,0.6458832889817822,1.3818962054532173,1.0702300403449274,-0.3533421941530135,-0.05634029312742764,0.0468345832993413,0.08950292340622452,0.38180533148006923,1.090220501462801,0.32534232942626495,1.1466835035166052,8,normalized_compact_thermal,spline_ridge
8,35.89999999999999,0.7184996389718911,1.1322729280125499,0.7730231085266043,1.4915227474984953,0.8031702218666333,1.048968322634745,0.6473832117014284,1.4505534335680617,1.0702300403449274,-0.3533421941530135,-0.021261717710182287,0.13415358905183838,0.09597538687144656,0.423347879661631,1.1829925640716357,0.3924996348214632,1.2138408089118036,8,normalized_compact_thermal,spline_ridge
8,36.099999999999994,0.743246003729744,1.155029704296982,0.78340670243211,1.526652706161854,0.7508432256473291,1.0315496860892643,0.6561280732655999,1.4069712989129288,1.0702300403449274,-0.3533421941530135,-0.03868035425566309,0.06678379101144853,0.08101704952000152,0.43021846433802535,1.0714679869566328,0.34017263860215896,1.1615138126924993,8,normalized_compact_thermal,spline_ridge
8,36.3,0.6884821707787129,1.1134879468416665,0.7692468614523101,1.457729032231023,0.6806069861482813,1.0585396949134638,0.7182362018393231,1.3988431879876044,1.0702300403449274,-0.3533421941530135,-0.011690345431463647,-0.03142805812460696,0.09798049915704614,0.29284941732397335,1.0683645549725893,0.2699363991031112,1.0912775731934514,8,normalized_compact_thermal,spline_ridge
8,36.5,0.8234126981768894,1.1614831927748308,0.749776843686386,1.5731895418632755,0.7618608190904523,1.0442477995555324,0.6633173900103062,1.4251782091007585,1.0702300403449274,-0.3533421941530135,-0.02598224078939515,0.0813508020623269,0.09143812283626543,0.3999946874225677,1.123726950758337,0.3511902320452822,1.1725314061356225,8,normalized_compact_thermal,spline_ridge
8,36.699999999999996,0.8803522438634029,1.223425328993696,0.7832492070619945,1.6636014509253974,0.7048305360525329,1.035067137833041,0.6826518698067745,1.3874824058593074,1.0702300403449274,-0.3533421941530135,-0.0351629025118865,0.003544314695019743,0.08443905657654587,0.37066319077845006,1.0389978813266156,0.29415994900736275,1.115501123097703,8,normalized_compact_thermal,spline_ridge
8,36.9,0.8033127074845543,1.1002691992842757,0.6986128455419984,1.5019255530265527,0.649558565224146,1.0584263138210013,0.7336470312089283,1.3832055964330743,1.0702300403449274,-0.3533421941530135,-0.011803726523926182,-0.07812008307736039,0.08928919993016238,0.2961967903296006,1.0029203401186915,0.2388879781789759,1.0602291522693161,8,normalized_compact_thermal,spline_ridge
8,37.099999999999994,0.9543589768724329,1.1597300627814253,0.6825505743452088,1.6369095512176417,0.7190540264801839,0.8782671162208635,0.5187401029807716,1.2377941294609554,1.0702300403449274,-0.3533421941530135,-0.19196292412406388,0.023523411209697715,0.09600648349460003,0.33910861947048704,1.0989994334898807,0.3083834394350138,1.129724613525354,8,normalized_compact_thermal,spline_ridge
8,37.3,1.2015464174966088,0.9875301975587799,0.3867569888104756,1.5883034063070842,1.4943644980675685,1.0017123750999584,0.2545301260661741,1.7488946241337426,1.0702300403449274,-0.3533421941530135,-0.06851766524496915,0.7550432257168267,0.07172633091886303,1.210507731291891,1.778221264843246,1.0836939110223984,1.9050350851127387,8,normalized_compact_thermal,spline_ridge
8,37.5,1.2372624392765355,1.0344296509770177,0.41579843133875005,1.6530608706152854,1.2435333165595124,1.0877477139738658,0.46598105569410964,1.7095143722536221,1.0702300403449274,-0.3533421941530135,0.017517673628938323,0.5712989706243898,0.11104077646960339,0.8040897344727962,1.6829768986462286,0.8328627295143423,1.6542039036046825,8,normalized_compact_thermal,spline_ridge
8,37.699999999999996,0.8690295213946505,1.1676932889661018,0.7331785282687765,1.602208049663427,0.740209345827321,1.092536351490742,0.7224316785770815,1.4626410244044026,1.0702300403449274,-0.3533421941530135,0.022306311145814654,0.05251996112714834,0.1143982989206695,0.2874783774331347,1.1929403142215074,0.3295387587821509,1.150879932872491,8,normalized_compact_thermal,spline_ridge
8,37.9,0.7591497478422499,1.0471794497929119,0.6676045758717869,1.4267543237140368,0.657173492773564,1.0265418215341906,0.6979550751474086,1.3551285679209726,1.0702300403449274,-0.3533421941530135,-0.04368821881073691,-0.06646503305587066,0.08582679928129391,0.3175141593796383,0.9968328261674897,0.24650290572839384,1.067844079818734,8,normalized_compact_thermal,spline_ridge
8,38.099999999999994,1.0479027648825037,1.2260772540839122,0.7021258716426603,1.7500286365251643,0.7019870694848117,1.1040729495502957,0.7530794148078899,1.4550664842927015,1.0702300403449274,-0.3533421941530135,0.03384290920536827,-0.0004981005102594957,0.10012303783488286,0.3057504094538096,1.098223729515814,0.2913164824396416,1.112657656529982,8,normalized_compact_thermal,spline_ridge
8,38.3,0.710279792634836,1.0504492590072196,0.6953093626898015,1.4055891553246376,0.6550503191807501,1.1198233053151316,0.7922981457247567,1.4473484649055066,1.0702300403449274,-0.3533421941530135,0.04959326497020417,-0.06970102896790314,0.10432301846219222,0.2421922468160106,1.0679083915454894,0.24437973213557995,1.0657209062259203,8,normalized_compact_thermal,spline_ridge
8,38.5,0.8502673445601829,1.0730443259968838,0.6479106537167924,1.4981779982769754,0.7491671906026179,1.082649264536011,0.708065669234702,1.45723285983732,1.0702300403449274,-0.3533421941530135,0.012419224191083716,0.0645490922066307,0.0928492583195592,0.38171649395505636,1.1166178872501795,0.3384966035574478,1.159837777647788,8,normalized_compact_thermal,spline_ridge
8,38.699999999999996,0.6905126969021282,1.0611784701874871,0.715922121736423,1.4064348186385511,0.691237929538021,1.0786993605573643,0.7330803957883538,1.4243183253263747,1.0702300403449274,-0.3533421941530135,0.008469320212436857,-0.0159289939345192,0.08297912436168352,0.3628482621810097,1.0196275968950324,0.28056734249285087,1.1019085165831912,8,normalized_compact_thermal,spline_ridge
8,38.9,0.7543188487614394,1.047799328500881,0.6706399041201615,1.4249587528816008,0.7070772878645734,1.0607834254160884,0.7072447814838017,1.4143220693483751,1.0702300403449274,-0.3533421941530135,-0.00944661492883912,0.006726893147225223,0.09453401419426669,0.33295917425486754,1.0811954014742793,0.29640670081940323,1.1177478749097434,8,normalized_compact_thermal,spline_ridge
8,39.099999999999994,0.7480711416171362,1.0863660002522164,0.7123304294436484,1.4604015710607845,0.7474677891109941,1.059821931659173,0.6860880371036759,1.4335558262146701,1.0702300403449274,-0.3533421941530135,-0.010408108685754348,0.06227812801694406,0.09281548076634936,0.38015076704180434,1.114784811180184,0.336797202065824,1.158138376156164,8,normalized_compact_thermal,spline_ridge
8,39.3,0.7809161499099555,1.1648133047341735,0.7743552297791958,1.5552713796891513,0.6843764619119421,1.0726875761328485,0.7304993451768774,1.4148758070888197,1.0702300403449274,-0.3533421941530135,0.0024575357879211557,-0.025904935699500628,0.07967812801382534,0.36905047895698523,0.999702444866899,0.273705874866772,1.0950470489571122,8,normalized_compact_thermal,spline_ridge
8,39.5,0.6924962234460056,1.1145037105879159,0.768255598864913,1.4607518223109186,0.7421380873350134,1.0639770532790516,0.6929080096115449,1.4350460969465582,1.0702300403449274,-0.3533421941530135,-0.0062529870658758835,0.05512224255318312,0.07970000965834935,0.426725507829156,1.0575506668408707,0.3314675002898433,1.1528086743801835,8,normalized_compact_thermal,spline_ridge
8,39.699999999999996,0.6605301828416322,1.1834176855301277,0.8531525941093118,1.5136827769509438,0.7897371678459475,1.0882483641457819,0.6933797802228081,1.4831169480687556,1.0702300403449274,-0.3533421941530135,0.018018323800854462,0.11728710634619613,0.08638748434754902,0.44785892477062994,1.131615410921265,0.3790665808007774,1.2004077548911176,8,normalized_compact_thermal,spline_ridge
8,39.9,0.7640679895113771,1.1553440371727195,0.7733100424170308,1.537378031928408,0.7787789052918435,1.099391555349548,0.7100021027036262,1.4887810079954695,1.0702300403449274,-0.3533421941530135,0.029161515004620546,0.1033141021334189,0.09747266538360892,0.39303108729600666,1.1645267232876804,0.36810831824667334,1.1894494923370136,8,normalized_compact_thermal,spline_ridge
8,40.099999999999994,0.8112994847176106,1.1304171749506118,0.7247674325918066,1.536066917309417,0.7639508143834426,1.0746755886200277,0.6927001814283064,1.4566509958117488,1.0702300403449274,-0.3533421941530135,0.004445548275100148,0.08409032318571141,0.08780279080749842,0.41647149969925634,1.111430129067629,0.35328022733827247,1.1746214014286127,8,normalized_compact_thermal,spline_ridge
8,40.3,0.8006494530949367,1.1314899909803633,0.7311652644328948,1.5318147175278316,0.822031226680579,1.100842485251369,0.6898268719110794,1.5118580985916585,1.0702300403449274,-0.3533421941530135,0.03061244490644152,0.15736529816801031,0.09108179641559636,0.46157525588935056,1.1824871974718074,0.4113606396354089,1.232701813725749,8,normalized_compact_thermal,spline_ridge
8,40.5,0.7251158116968508,1.1003898350933934,0.7378319292449679,1.4629477409418188,0.6973125538612539,1.0357690742151369,0.6871127972845099,1.3844253511457638,1.0702300403449274,-0.3533421941530135,-0.034460966129790584,-0.007179347234528552,0.089902497576697,0.34152365513664146,1.0531014525858664,0.2866419668160838,1.107983140906424,8,normalized_compact_thermal,spline_ridge
8,40.699999999999996,1.017931204122546,1.1306933927624732,0.6217277907012,1.639658994823746,0.7367939737704597,1.0223986114559998,0.6540016245707698,1.3907955983412297,1.0702300403449274,-0.3533421941530135,-0.04783142888892767,0.047895221156782956,0.08965800542434137,0.3819726520985227,1.0916152954423968,0.3261233867252896,1.1474645608156298,8,normalized_compact_thermal,spline_ridge
8,40.9,0.5761550333307769,1.1178114071853094,0.8297338905199209,1.4058889238506977,0.733560207291652,1.0639623935357858,0.6971822898899598,1.4307424971816118,1.0702300403449274,-0.3533421941530135,-0.006267646809141506,0.043496591582561486,0.08881321442798411,0.38208214377547417,1.0850382708078297,0.3228896202464818,1.144230794336822,8,normalized_compact_thermal,spline_ridge
8,41.099999999999994,0.8025780022026846,1.0820487488878943,0.680759747786552,1.4833377499892366,0.6575841951256821,1.051573847561209,0.722781749998368,1.3803659451240502,1.0702300403449274,-0.3533421941530135,-0.01865619278371828,-0.0658402755522531,0.08984255595153581,0.30203251522567093,1.0131358750256934,0.246913608080512,1.0682547821708521,8,normalized_compact_thermal,spline_ridge
8,41.3,0.9533543737634913,1.1089829415804684,0.6323057546987229,1.585660128462214,0.757884077504787,1.004064664847943,0.6251226260955495,1.3830067036003366,1.0702300403449274,-0.3533421941530135,-0.06616537549698451,0.07611735706621733,0.0802160446982397,0.44042929067994757,1.0753388643296264,0.3472134904596169,1.1685546645499572,8,normalized_compact_thermal,spline_ridge
8,41.5,0.6847956269572948,1.0543741729905176,0.7119763595118703,1.396771986469165,0.7140827207425938,0.988298181983898,0.6312568216126011,1.3453395423551948,1.0702300403449274,-0.3533421941530135,-0.08193185836102941,0.01658572618152841,0.0745492253283056,0.4190543567340962,1.0091110847510913,0.3034121336974237,1.1247533077877638,8,normalized_compact_thermal,spline_ridge
8,41.699999999999996,0.8152316717717762,1.0811401684177235,0.6735243325318355,1.4887560043036117,0.7716401393968026,1.070958940087469,0.6851388703890677,1.4567790097858704,1.0702300403449274,-0.3533421941530135,0.0007288997425415906,0.09410521584059624,0.0870005210452458,0.4273358051957604,1.1159444735978448,0.3609695523516325,1.1823107264419728,8,normalized_compact_thermal,spline_ridge
8,41.9,0.9145273526268257,1.1231941855848153,0.6659305092714025,1.5804578618982281,0.7338492082186056,1.0206755310441546,0.6537509269348518,1.3876001351534575,1.0702300403449274,-0.3533421941530135,-0.04955450930077279,0.043890484285764086,0.09098132073843987,0.37379086965659986,1.0939075467806112,0.32317862117343543,1.1445197952637756,8,normalized_compact_thermal,spline_ridge
8,42.099999999999994,0.9497905497112104,0.8991987729478228,0.4243034980922177,1.374094047803428,0.728538826704106,1.095309358726042,0.7310399453739891,1.459578772078095,1.0702300403449274,-0.3533421941530135,0.025079318381114657,0.03662783616574285,0.079576720492109,0.4136141637507772,1.0434634896574346,0.31786823965893585,1.139209413749276,8,normalized_compact_thermal,spline_ridge
8,42.3,0.6385510498001734,1.043951857584736,0.7246763326846494,1.3632273824848227,0.7331019787874787,0.9442403037935151,0.5776893143997757,1.3107912931872545,1.0702300403449274,-0.3533421941530135,-0.12598973655141232,0.042871732602174466,0.08305570375161292,0.4044092486953667,1.0617947088795907,0.3224313917423086,1.143772565832649,8,normalized_compact_thermal,spline_ridge
8,42.5,0.672131958268015,1.037279979614476,0.7012140004804688,1.3733459587484835,1.2425932327009404,0.9489469058920269,0.3276502895415567,1.570243522242497,1.0702300403449274,-0.3533421941530135,-0.12128313445290048,0.5705427067055985,0.07630845886587523,0.9406027065745625,1.5445837588273181,0.8319226456557702,1.6532638197461105,8,normalized_compact_thermal,spline_ridge
8,42.699999999999996,0.8689855036171918,1.1042325185329094,0.6697397667243135,1.5387252703415053,0.9677670052550387,1.138062615160601,0.6541791125330817,1.6219461177881205,1.0702300403449274,-0.3533421941530135,0.06783257481567372,0.3205782764246894,0.10418677244769231,0.5554481261358838,1.3800858843741937,0.5570964182098685,1.3784375923002088,8,normalized_compact_thermal,spline_ridge
8,42.9,0.7903946147080888,1.1134393679099186,0.718242060555874,1.508636675263963,0.8431175235703366,1.2029804775816662,0.7814217157964978,1.6245392393668345,1.0702300403449274,-0.3533421941530135,0.13275043723673874,0.18269327457137002,0.085080914307742,0.5064100280059315,1.179825019134742,0.4324469365251665,1.2537881106155067,8,normalized_compact_thermal,spline_ridge
8,43.099999999999994,0.6918561616652728,1.0848778506063996,0.7389497697737634,1.430805931439036,0.6611578860947896,0.9868544245168634,0.6562754814694687,1.3174333675642582,1.0702300403449274,-0.3533421941530135,-0.08337561582806394,-0.060420414052325094,0.10411644544879325,0.2491173258896066,1.0731984462999726,0.2504872990496195,1.0718284731399597,8,normalized_compact_thermal,spline_ridge
8,43.3,0.6307035741024779,1.0944944839806217,0.7791426969293826,1.4098462710318607,0.8801944181508526,1.1216773037400103,0.681580094664584,1.5617745128154366,1.0702300403449274,-0.3533421941530135,0.05144726339508284,0.22572972795863067,0.08111845840481957,0.5591683314454494,1.2012205048562559,0.4695238311056825,1.2908650051960229,8,normalized_compact_thermal,spline_ridge
8,43.5,0.7582046690588125,1.1029332109900778,0.7238308764606715,1.482035545519484,1.0297058230270129,1.187936559893909,0.6730836483804025,1.7027894714074154,1.0702300403449274,-0.3533421941530135,0.11770651954898141,0.38261534688898424,0.07504994070226886,0.7326958792373207,1.3267157668167049,0.6190352359818427,1.440376410072183,8,normalized_compact_thermal,spline_ridge
8,43.699999999999996,0.726192718669652,1.1069514925468555,0.7438551332120295,1.4700478518816815,1.0932340788937662,1.2338966739648773,0.6872796345179942,1.7805137134117603,1.0702300403449274,-0.3533421941530135,0.16366663361995,0.44248254226046246,0.10214457261404299,0.6889972002681997,1.4974709575193328,0.6825634918485961,1.5039046659389363,8,normalized_compact_thermal,spline_ridge
8,43.9,0.6474425682866093,1.1357104002343257,0.811989116091021,1.4594316843776305,1.1583709499772945,1.3368856220598297,0.7577001470711825,1.916071097048477,1.0702300403449274,-0.3533421941530135,0.26665558171490233,0.5003568587749064,0.10744801982499946,0.733145692902947,1.583596207051642,0.7477003629321244,1.5690415370224646,8,normalized_compact_thermal,spline_ridge
8,44.099999999999994,0.8877591420031099,1.233597950640938,0.7897183796393831,1.677477521642493,0.7323787674313775,1.0957345569968513,0.7295451732811625,1.46192394071254,1.0702300403449274,-0.3533421941530135,0.0255045166519239,0.04188473715146325,0.09696691791066722,0.3486324437352644,1.1161250911274907,0.3217081803862074,1.1430493544765477,8,normalized_compact_thermal,spline_ridge
8,44.3,0.7056509404996139,1.0653235981518903,0.7124981279020833,1.418149068401697,0.7437871794143094,0.9634943562452507,0.591600766538096,1.3353879459524054,1.0702300403449274,-0.3533421941530135,-0.10673568409967668,0.05734185990978426,0.08599940344878876,0.4034447654795358,1.084129593349083,0.33311659236913926,1.1544577664594795,8,normalized_compact_thermal,spline_ridge
8,44.5,0.9390600353610565,1.0935070030128649,0.6239769853323366,1.5630370206933932,0.8381896724084302,1.0865109558606567,0.6674161196564417,1.5056057920648718,1.0702300403449274,-0.3533421941530135,0.01628091551572923,0.17683132943159915,0.08169024335449507,0.5149007482620671,1.1614785965547934,0.4275190853632601,1.2488602594536005,8,normalized_compact_thermal,spline_ridge
8,44.699999999999996,0.6358414999033482,1.0365140972610645,0.7185933473093903,1.3544348472127385,0.7237060190183334,1.0471162093954016,0.6852631998862349,1.4089692189045684,1.0702300403449274,-0.3533421941530135,-0.023113830949525866,0.029972174015880097,0.108563405456345,0.2940666262288893,1.1533454118077775,0.3130354319731633,1.1343766060635034,8,normalized_compact_thermal,spline_ridge
8,44.9,0.73519634869423,1.0215893598090133,0.6539911854618984,1.3891875341561284,0.7724019233747308,1.095024963012618,0.7088240013252527,1.4812259246999835,1.0702300403449274,-0.3533421941530135,0.02479492266769067,0.09509195584995887,0.09184773460307682,0.40891475421237455,1.135889092537087,0.36173133632956067,1.183072510419901,8,normalized_compact_thermal,spline_ridge
8,45.099999999999994,0.7384689202645752,1.0693851750919254,0.700150714959638,1.438619635224213,0.6499473899662949,1.0560850530499086,0.7311113580667612,1.381058748033056,1.0702300403449274,-0.3533421941530135,-0.014144987295018677,-0.07752166372853159,0.09344125949221806,0.28015385022825867,1.019740929704331,0.23927680292112474,1.060617977011465,8,normalized_compact_thermal,spline_ridge
8,45.3,0.7006928394837902,1.0704393509178136,0.7200929311759184,1.4207857706597087,1.1656944286763569,1.2014213293871379,0.6185741150489594,1.7842685437253163,1.0702300403449274,-0.3533421941530135,0.13119128904221042,0.5066591797049182,0.11406849452637532,0.7142686603089035,1.6171201970438103,0.7550238416311867,1.576365015721527,8,normalized_compact_thermal,spline_ridge
8,45.5,0.8304567702281087,1.1006955929169764,0.6854672078029219,1.5159239780310307,0.6600766888097332,1.0538142628644787,0.723775918459612,1.3838526072693453,1.0702300403449274,-0.3533421941530135,-0.01641577748044882,-0.06205706139252523,0.09302431987735042,0.2919331865056612,1.0282201911138054,0.24940610176456313,1.0707472758549033,8,normalized_compact_thermal,spline_ridge
8,45.699999999999996,0.9085706648262544,1.095085899160057,0.6408005667469298,1.549371231573184,0.6874870209891809,1.0703832872873322,0.7266397767927417,1.4141267977819227,1.0702300403449274,-0.3533421941530135,0.00015324694240471948,-0.02137013402779081,0.08811001145756443,0.33879188138690275,1.036182160591459,0.2768164339440108,1.098157608034351,8,normalized_compact_thermal,spline_ridge
8,45.9,0.9215979576881843,1.1478323230980383,0.6870333442539462,1.6086313019421306,0.9695253335357312,0.9434935683251272,0.4587309015572616,1.4282562350929928,1.0702300403449274,-0.3533421941530135,-0.1267364720198002,0.32239352002867094,0.08983271242618694,0.6140126093615101,1.3250380577099523,0.5588547464905611,1.3801959205809013,8,normalized_compact_thermal,spline_ridge
8,46.099999999999994,1.1567468016844842,0.9736964781595356,0.39532307731729344,1.5520698790017777,0.9584902052800859,1.0534905564649395,0.5742454538248966,1.5327356591049823,1.0702300403449274,-0.3533421941530135,-0.016739483879987915,0.3109462588042443,0.0851486405065075,0.6215146834614265,1.2954657270987453,0.5478196182349158,1.369160792325256,8,normalized_compact_thermal,spline_ridge
8,46.3,0.836177003233742,0.9535862514498146,0.5354977498329436,1.3716747530666855,0.7976232071518966,1.08548417666467,0.6866725730887215,1.4842957802406183,1.0702300403449274,-0.3533421941530135,0.015254136319742583,0.1272232296237744,0.09134361551833713,0.43613108794721905,1.159115326356574,0.3869526201067265,1.2082937941970666,8,normalized_compact_thermal,spline_ridge
8,46.5,0.8330112519772357,1.0710850522837074,0.6545794262950896,1.4875906782723254,0.6769986887287506,1.0560385868860227,0.7175392425216474,1.394537931250398,1.0702300403449274,-0.3533421941530135,-0.014191453458904685,-0.03674374880387851,0.09721013027183885,0.29228985275022124,1.06170752470728,0.26632810168358045,1.0876692757739206,8,normalized_compact_thermal,spline_ridge
8,46.699999999999996,0.6633342119663763,1.1878842185209506,0.8562171125377624,1.5195513245041388,0.6850558441615499,1.0478311198097892,0.7053031977290143,1.390359041890564,1.0702300403449274,-0.3533421941530135,-0.022398920535138363,-0.02491272556639494,0.08612925332473716,0.3441995496827592,1.0259121386403405,0.27438525711637973,1.09572643120672,8,normalized_compact_thermal,spline_ridge
8,46.9,0.8029926842349105,1.1219222141262564,0.7204258720088011,1.5234185562437117,0.753749940141357,1.0759563067495153,0.6990813366788368,1.4528312768201936,1.0702300403449274,-0.3533421941530135,0.005726266404587824,0.07064758379781676,0.08150192287209279,0.4312062938109303,1.0762935864717837,0.34307935309618687,1.164420527186527,8,normalized_compact_thermal,spline_ridge
8,47.099999999999994,0.9100931839082606,1.1802793352830951,0.7252327433289648,1.6353259272372254,0.7762944884696,0.938742450215992,0.550595205981192,1.326889694450792,1.0702300403449274,-0.3533421941530135,-0.13148759012893543,0.10011885881442495,0.07841936766214547,0.46595004630999554,1.0866389306292046,0.3656239014244299,1.1869650755147703,8,normalized_compact_thermal,spline_ridge
8,47.3,0.7816742253411703,1.0917346545792548,0.7008975419086696,1.48257176724984,0.7184802323129238,1.0628517178885002,0.7036116017320383,1.422091834044962,1.0702300403449274,-0.3533421941530135,-0.007378322456427291,0.022725107872962544,0.07833972382491713,0.4084509804305805,1.028509484195267,0.3078096452677537,1.129150819358094,8,normalized_compact_thermal,spline_ridge
8,47.5,0.6419090055366173,1.1408913547069734,0.819936851938665,1.4618458574752822,0.7169757155954499,1.058184374625367,0.699696516827642,1.416672232423092,1.0702300403449274,-0.3533421941530135,-0.01204566571956049,0.02062888573450072,0.0951389778131138,0.34046346004842537,1.0934879711424745,0.3063051285502798,1.12764630264062,8,normalized_compact_thermal,spline_ridge
8,47.699999999999996,0.65496969892856,1.1372166718576082,0.8097318223933283,1.4647015213218884,0.7326517769020402,1.0454493145923958,0.6791234261413757,1.4117752030434159,1.0702300403449274,-0.3533421941530135,-0.024780725752531756,0.04225743856015243,0.0750406662642074,0.4356785366766886,1.0296250171273917,0.3219811898568701,1.1433223639472103,8,normalized_compact_thermal,spline_ridge
8,47.9,0.8379163335097978,1.2186918586152864,0.7997336918603876,1.6376500253701853,0.7790141885205315,1.064233070859596,0.6747259765993302,1.4537401651198616,1.0702300403449274,-0.3533421941530135,-0.005996969485331564,0.10361617463767081,0.0804140298605199,0.4607758759344484,1.0972525011066145,0.3683436014753614,1.1896847755657016,8,normalized_compact_thermal,spline_ridge
8,48.099999999999994,0.7436469006515016,1.167006813027488,0.7951833627017372,1.5388302633532387,0.698954243255668,1.0262682563453558,0.6767911347175217,1.3757453779731899,1.0702300403449274,-0.3533421941530135,-0.04396178399957166,-0.0048278050302521525,0.08088277709527632,0.3788608647155839,1.0190476217957523,0.2882836562104979,1.109624830300838,8,normalized_compact_thermal,spline_ridge
8,48.3,0.8604219248656977,1.1992230405425421,0.7690120781096932,1.6294340029753909,0.6918168860216719,1.0303035505711386,0.6843951075603028,1.3762119935819745,1.0702300403449274,-0.3533421941530135,-0.039926489773788834,-0.015091779803951537,0.08338933167909482,0.3618038242802495,1.0218299477630943,0.2811462989765018,1.1024874730668421,8,normalized_compact_thermal,spline_ridge
8,48.5,1.0080497543406355,1.2607565387958888,0.7567316616255712,1.7647814159662065,0.729742859626766,1.0664609668652214,0.7015895370518384,1.4313323966786045,1.0702300403449274,-0.3533421941530135,-0.003769073479706059,0.03827914017311379,0.0709077069695825,0.44912579498656735,1.0103599242669645,0.3190722725815959,1.140413446671936,8,normalized_compact_thermal,spline_ridge
8,48.699999999999996,0.7456268883454402,1.13615395356664,0.7633405093939201,1.5089673977393603,0.7241064708568666,1.006547134824372,0.6444938993959386,1.3686003702528053,1.0702300403449274,-0.3533421941530135,-0.06368290552055544,0.030525355939016615,0.07852340649795435,0.4133502952770037,1.0348626464367296,0.3134358838116965,1.1347770579020366,8,normalized_compact_thermal,spline_ridge
8,48.9,0.8049702160221454,1.1834923638456458,0.7810072558345731,1.5859774718567183,0.6767603064734795,1.064098888791426,0.7257187355546862,1.4024790420281659,1.0702300403449274,-0.3533421941530135,-0.006131151553501325,-0.03709592708462088,0.08145602864356896,0.35439828643224885,0.9991223265147102,0.2660897194283094,1.0874308935186496,8,normalized_compact_thermal,spline_ridge
8,49.099999999999994,0.7041746862604829,1.1181884548676226,0.7661011117373813,1.470275797997864,0.765927115576953,1.036713801506176,0.6537502437176996,1.4196773592946526,1.0702300403449274,-0.3533421941530135,-0.033516238838751246,0.0866739310071326,0.07211125724870376,0.4805470038589694,1.0513072272949366,0.3552565285317829,1.1765977026221233,8,normalized_compact_thermal,spline_ridge
8,49.3,0.8443715603666271,1.065490863210798,0.6433050830274845,1.4876766433941115,0.7118588619345508,1.0157639922691806,0.6598345613019052,1.371693423236456,1.0702300403449274,-0.3533421941530135,-0.0544660480757469,0.013466579313147847,0.08392330642983298,0.3797325965154464,1.0439851273536553,0.3011882748893807,1.122529448979721,8,normalized_compact_thermal,spline_ridge
8,49.5,0.7726827053780999,1.1685729472556716,0.7822315945666217,1.5549142999447216,0.7290075708414091,1.0541943090222317,0.6896905236015272,1.4186980944429362,1.0702300403449274,-0.3533421941530135,-0.016035731322695847,0.037271032367596116,0.08208988414076984,0.4041370693299362,1.053878072352882,0.318336983796239,1.1396781578865793,8,normalized_compact_thermal,spline_ridge
8,49.699999999999996,0.7986808820740297,1.1164970065391726,0.7171565655021578,1.5158374475761875,0.8294399863477546,1.0688035493957517,0.6540835562218744,1.4835235425696292,1.0702300403449274,-0.3533421941530135,-0.0014264909491757856,0.16633767299508317,0.08106137651312516,0.5086398010792469,1.1502401716162622,0.4187693993025845,1.2401105733929247,8,normalized_compact_thermal,spline_ridge
8,49.9,0.7226728972765711,1.1227254370135933,0.7613889883753078,1.484061885651879,0.7455321220678248,1.0813783454497665,0.7086122844158541,1.454144406483679,1.0702300403449274,-0.3533421941530135,0.011148305104839005,0.05968513639888566,0.07158534436136352,0.46223330922423833,1.0288309349114113,0.3348615350226547,1.156202709112995,8,normalized_compact_thermal,spline_ridge
8,50.099999999999994,0.7791250377266383,1.1434233107623943,0.7538607918990752,1.5329858296257135,0.7069248989215935,1.0469584678573616,0.6934960183965648,1.4004209173181583,1.0702300403449274,-0.3533421941530135,-0.023271572487565922,0.006511350420355486,0.10054622252979396,0.30901348656870975,1.1048363112744772,0.29625431187642337,1.1175954859667636,8,normalized_compact_thermal,spline_ridge
8,50.3,0.7064903977116996,1.1339411758305618,0.7806959769747118,1.4871863746864116,0.746388425875773,1.0561838876198841,0.6829896746819977,1.4293781005577706,1.0702300403449274,-0.3533421941530135,-0.014046152725043172,0.06083305798647891,0.08113192735083742,0.4253090358517764,1.0674678158997697,0.3357178388306029,1.1570590129209433,8,normalized_compact_thermal,spline_ridge
8,50.5,0.6366473187818059,1.0874527800823275,0.7691291206914247,1.4057764394732304,0.7798054035341199,1.0595109127685816,0.6696082110015216,1.4494136145356415,1.0702300403449274,-0.3533421941530135,-0.010719127576345813,0.10463132107997655,0.08962502139241406,0.4251146160821571,1.1344961909860827,0.36913481648894975,1.1904759905792899,8,normalized_compact_thermal,spline_ridge
8,50.699999999999996,0.7883504901626158,1.120070906663787,0.7258956615824793,1.514246151745095,0.7316712713430749,1.102750676306922,0.7369150406353845,1.4685863119784592,1.0702300403449274,-0.3533421941530135,0.032520635961994615,0.04091824539962664,0.0862598426385463,0.39029816999686956,1.0730443726892802,0.32100068429790474,1.142341858388245,8,normalized_compact_thermal,spline_ridge
8,50.9,0.997828569544983,0.9969618137968395,0.4980475290243481,1.495876098569331,0.7833393413556217,1.0067907399750593,0.6151210692972484,1.3984604106528702,1.0702300403449274,-0.3533421941530135,-0.06343930036986817,0.10915290342724576,0.07209546584219809,0.49802172408753,1.0686569586237133,0.37266875431045154,1.1940099284007917,8,normalized_compact_thermal,spline_ridge
8,51.099999999999994,0.6829847739144295,1.0860909929224536,0.7445986059652387,1.4275833798796682,0.7352996880976405,1.0580674429366874,0.6904175988878671,1.4257172869855077,1.0702300403449274,-0.3533421941530135,-0.012162597408239953,0.04586507018914758,0.07843416051072308,0.42489670327852935,1.0457026729167516,0.32462910105247034,1.1459702751428105,8,normalized_compact_thermal,spline_ridge
8,51.3,0.7562161757863247,1.0855086011043813,0.7074005132112191,1.4636166889975437,0.7569089119452054,1.0353629183961812,0.6569084624235786,1.4138173743687839,1.0702300403449274,-0.3533421941530135,-0.034867121948746096,0.07482983368700219,0.07031319890690702,0.4786446114061571,1.0351732124842536,0.34623832490003525,1.1675794989903756,8,normalized_compact_thermal,spline_ridge
8,51.5,0.7373315718882594,1.0875852630441096,0.71891947709998,1.4562510489882392,0.7617173337107508,1.0632446175979657,0.6823859507425903,1.444103284453341,1.0702300403449274,-0.3533421941530135,-0.0069854227469616625,0.08116244890189081,0.08725796259008899,0.4163941752701753,1.1070404921513264,0.35104674666558067,1.172387920755921,8,normalized_compact_thermal,spline_ridge
8,51.699999999999996,0.6498143847286413,1.053426885790075,0.7285196934257543,1.3783340781543956,0.7680632705711218,1.0621353499178525,0.6781037146322917,1.4461669852034134,1.0702300403449274,-0.3533421941530135,-0.008094690427074823,0.08945902848135803,0.0792153182168111,0.45456885617585013,1.0815576849663935,0.35739268352595166,1.178733857616292,8,normalized_compact_thermal,spline_ridge
8,51.9,0.672800790322029,0.98943820487096,0.6530378097099455,1.3258386000319746,0.7368603247234622,1.0483539951584449,0.6799238327967138,1.4167841575201758,1.0702300403449274,-0.3533421941530135,-0.02187604518648254,0.047985270706552036,0.08426153308668527,0.40339552819560714,1.0703251212513172,0.32618973767829207,1.1475309117686323,8,normalized_compact_thermal,spline_ridge
8,52.099999999999994,0.8340912009807723,1.0663969084302931,0.649351307939907,1.4834425089206793,0.766161488289206,1.0578836764693478,0.6748029323247448,1.440964420613951,1.0702300403449274,-0.3533421941530135,-0.012346363875579566,0.0869798829129034,0.07497023289650064,0.46946698793210423,1.0628559886463078,0.35549090124403593,1.1768320753343762,8,normalized_compact_thermal,spline_ridge
8,52.3,0.7800916257034,1.122766105469744,0.7327202926180443,1.512811918321444,0.7394802563907426,1.075718031631682,0.7059779034363106,1.4454581598270533,1.0702300403449274,-0.3533421941530135,0.005487991286754522,0.051534498372676846,0.07663080087263865,0.43621406261674234,1.0427464501647428,0.32880966934557243,1.1501508434359127,8,normalized_compact_thermal,spline_ridge
8,52.5,0.7038841791310052,1.0982367474113115,0.746294657845809,1.450178836976814,0.705548310336848,1.0923737502135906,0.7395995950451666,1.4451479053820147,1.0702300403449274,-0.3533421941530135,0.02214370986866325,0.0045621608547535275,0.07847013769756674,0.39500294589501955,1.0160936747786764,0.29487772329167783,1.116218897382018,8,normalized_compact_thermal,spline_ridge
8,52.699999999999996,0.7325331696832907,1.1016364193725987,0.7353698345309533,1.467903004214244,0.7431195151366939,0.9904745085888823,0.6189147510205353,1.3620342661572293,1.0702300403449274,-0.3533421941530135,-0.07975553175604515,0.05644380178019861,0.07708927126882137,0.43803892597043526,1.0482001043029525,0.3324489280915238,1.1537901021818642,8,normalized_compact_thermal,spline_ridge
8,52.9,0.7752417991333886,1.1248245540781756,0.7372036545114812,1.51244545364487,0.7500357229610902,1.081849669082745,0.7068318076022,1.45686753056329,1.0702300403449274,-0.3533421941530135,0.01161962873781758,0.06570775118171783,0.09223997432763188,0.3849962661159982,1.1150751798061822,0.3393651359159201,1.1607063100062605,8,normalized_compact_thermal,spline_ridge
8,53.099999999999994,1.0473050589235147,1.1009493441117995,0.5772968146500421,1.6246018735735568,0.7040339386221072,0.998134246233809,0.6461172769227554,1.3501512155448625,1.0702300403449274,-0.3533421941530135,-0.07209579411111842,0.0024134784369761325,0.07569047265419303,0.4044890913100896,1.0035787859341248,0.29336335157693705,1.1147045256672774,8,normalized_compact_thermal,spline_ridge
8,53.3,0.8352241275927599,1.0712587181930786,0.6536466543966988,1.4888707819894587,0.7065576917674162,0.9825418690351605,0.6292630231514524,1.3358207149188686,1.0702300403449274,-0.3533421941530135,-0.08768817130976694,0.005991772514186582,0.08951245423794114,0.35231238853449104,1.0608029950003415,0.2958871047222461,1.1172282788125862,8,normalized_compact_thermal,spline_ridge
8,53.5,0.7138289433122806,1.111191994211128,0.7542775225549876,1.4681064658672682,0.7640926575223455,1.049479768272193,0.6674334395110203,1.4315260970333656,1.0702300403449274,-0.3533421941530135,-0.020750272072734464,0.08427597646314515,0.0766560139535886,0.4607266830465134,1.0674586319981776,0.35342207047717533,1.1747632445675156,8,normalized_compact_thermal,spline_ridge
8,53.699999999999996,1.1758633334543944,0.8754355538669448,0.28750388713974745,1.4633672205941421,0.7473375537429263,1.0423698367574734,0.6687010598860103,1.4160386136289365,1.0702300403449274,-0.3533421941530135,-0.02786020358745396,0.062103877410977296,0.07778178527888024,0.4395163421954038,1.0551587652904488,0.3366669666977562,1.1580081407880964,8,normalized_compact_thermal,spline_ridge
8,53.9,0.8178408654785377,0.9883476348024198,0.5794272020631509,1.3972680675416886,0.6765448681527143,1.052480874252277,0.7142084401759199,1.3907533083286343,1.0702300403449274,-0.3533421941530135,-0.017749166092650284,-0.03741431546681957,0.07046456856820967,0.3976815225754652,0.9554082137299634,0.2658742811075442,1.0872154551978843,8,normalized_compact_thermal,spline_ridge
8,54.099999999999994,0.8874833723174758,1.1137545308059742,0.6700128446472363,1.5574962169647122,0.7428349299540619,1.0873479999479125,0.7159305349708815,1.4587654649249435,1.0702300403449274,-0.3533421941530135,0.01711795960298504,0.0560607682530918,0.08126397518637762,0.4212329609667195,1.0644368989414041,0.33216434290889174,1.1535055169992319,8,normalized_compact_thermal,spline_ridge
8,54.3,0.6542984367122949,1.1590268437480056,0.8318776253918579,1.486176062104153,0.688293047897174,1.0897328942044762,0.7455863702558891,1.4338794181530632,1.0702300403449274,-0.3533421941530135,0.019502853859548697,-0.02019839587219094,0.07888145081759657,0.37611991285996754,1.0004661829343806,0.2776224608520039,1.0989636349423442,8,normalized_compact_thermal,spline_ridge
8,54.5,0.9095584280992528,1.2605908679120734,0.8058116538624469,1.7153700819616997,0.7408293360092086,0.997701327070644,0.6272866590660396,1.3681159950752484,1.0702300403449274,-0.3533421941530135,-0.07252871327428348,0.0533571981631653,0.0749575331867201,0.4441850947203055,1.0374735772981118,0.3301587489640385,1.1514999230543788,8,normalized_compact_thermal,spline_ridge
8,54.699999999999996,0.677458590014373,1.0727594793189057,0.7340301843117191,1.4114887743260922,0.822404861782945,1.0494587624107226,0.63825633151925,1.4606611933021951,1.0702300403449274,-0.3533421941530135,-0.020771277934204906,0.15781972155535495,0.0819372987831263,0.4981382164247584,1.1466715071411318,0.4117342747377749,1.233075448828115,8,normalized_compact_thermal,spline_ridge
8,54.9,0.7193863584198741,1.0293133466818487,0.6696201674719118,1.3890065258917859,0.7253985130361712,1.0548430443739454,0.6921437878558598,1.417542300892031,1.0702300403449274,-0.3533421941530135,-0.01538699597098199,0.032308092163939824,0.06777940460370403,0.45716169681659036,0.993635329255752,0.3147279259910011,1.1360691000813414,8,normalized_compact_thermal,spline_ridge
8,55.099999999999994,0.925011604655086,1.0318400792480795,0.5693342769205365,1.4943458815756225,0.7336340219066155,1.0521243274976415,0.6853073165443337,1.4189413384509493,1.0702300403449274,-0.3533421941530135,-0.018105712847285883,0.04359721168255485,0.07437845108170213,0.4392814965318304,1.0279865472814007,0.3229634348614454,1.1443046089517857,8,normalized_compact_thermal,spline_ridge
8,55.3,0.708661516258852,1.042935210177316,0.68860445204789,1.397265968306742,0.7181588854120302,1.0360323431360168,0.6769529004300017,1.3951117858420319,1.0702300403449274,-0.3533421941530135,-0.03419769720891061,0.022277748613023018,0.08543897452723652,0.38003436746665764,1.0562834033574027,0.3074882983668601,1.1288294724572003,8,normalized_compact_thermal,spline_ridge
8,55.5,0.7655454936227876,1.0372555007096356,0.6544827538982417,1.4200282475210293,0.7369688949586981,1.0490670685366597,0.6805826210573106,1.4175515160160086,1.0702300403449274,-0.3533421941530135,-0.021162971808267702,0.04813260152885134,0.0797003974828835,0.42155478063826246,1.0523830092791338,0.326298307913528,1.1476394820038682,8,normalized_compact_thermal,spline_ridge
8,55.699999999999996,1.1395474580584368,0.9171516727752427,0.34737794374602426,1.486925401804461,0.6720072448114257,1.0143088683701602,0.6783052459644474,1.350312490775873,1.0702300403449274,-0.3533421941530135,-0.05592117197476712,-0.04414396339470471,0.07877090454839421,0.3602715963450908,0.9837428932777605,0.2613366577662556,1.082677831856596,8,normalized_compact_thermal,spline_ridge
8,55.9,0.792736462369154,1.0966764154631543,0.7003081842785773,1.4930446466477314,0.7059727629255798,1.044309769778531,0.6913233883157412,1.397296151241321,1.0702300403449274,-0.3533421941530135,-0.02592027056639639,0.005163572494388896,0.0752934137280915,0.4079992752737977,1.0039462505773618,0.29530217588040963,1.11664334997075,8,normalized_compact_thermal,spline_ridge
8,56.099999999999994,0.7249006009248657,1.0933681639122765,0.7309178634498439,1.4558184643747094,0.7007444493826339,1.0078966659884068,0.6575244412970898,1.3582688906797238,1.0702300403449274,-0.3533421941530135,-0.06233337435652055,-0.0022698157822270484,0.07957660548227452,0.3858202415804239,1.015668657184844,0.2900738623374638,1.111415036427804,8,normalized_compact_thermal,spline_ridge
8,56.3,0.8202888413929444,1.1088544820286517,0.6987100613321796,1.5189989027251238,0.7345402781752235,1.0275997617693948,0.6603296226817831,1.3948699008570067,1.0702300403449274,-0.3533421941530135,-0.04263027857553268,0.0448317468241356,0.06656252455463713,0.4711192615630797,0.9979612947873673,0.32386969113005337,1.1452108652203936,8,normalized_compact_thermal,spline_ridge
8,56.5,1.0008427467603243,0.9245568786874738,0.4241355053073116,1.424978252067636,0.6925166682892918,1.0245385554401187,0.6782802212954728,1.3707968895847646,1.0702300403449274,-0.3533421941530135,-0.04569148490480869,-0.01408077732547202,0.08117190455610825,0.3712790685801275,1.0137542679984561,0.2818460812441217,1.103187255334462,8,normalized_compact_thermal,spline_ridge
8,56.699999999999996,0.6670758836528319,1.0328403360485927,0.6993023942221768,1.3663782778750087,0.6970113039990128,0.9682091501204593,0.6197034981209528,1.3167148021199657,1.0702300403449274,-0.3533421941530135,-0.10202089022446809,-0.007611456124052771,0.07442067112872278,0.4024916928987086,0.991530915099317,0.28634071695384267,1.1076818910441828,8,normalized_compact_thermal,spline_ridge
8,56.9,0.7474068676313966,1.1145542034573317,0.7408507696416333,1.48825763727303,0.6946917997837779,1.0093785653092135,0.6620326654173245,1.3567244652011026,1.0702300403449274,-0.3533421941530135,-0.06085147503571392,-0.010944791167455475,0.08138274275714928,0.3726198084461333,1.0167637911214227,0.2840212127386078,1.105362386828948,8,normalized_compact_thermal,spline_ridge
8,57.099999999999994,0.8306951838864827,1.0215256839706912,0.6061780920274499,1.4368732759139324,0.744697705008127,1.0327316194834237,0.6603827669793603,1.4050804719874872,1.0702300403449274,-0.3533421941530135,-0.0374984208615036,0.058565286115743694,0.08782759165893078,0.3971202410193453,1.0922751689969088,0.3340271179629569,1.1553682920532973,8,normalized_compact_thermal,spline_ridge
8,57.3,1.016036839059522,0.9605811804263176,0.4525627608965566,1.4685995999560786,0.7173946766611342,1.0556142437783296,0.6969169054477624,1.4143115821088967,1.0702300403449274,-0.3533421941530135,-0.014615796566597748,0.021213059919718842,0.07763198681021355,0.4101662921610704,1.024623061161198,0.3067240896159641,1.1280652637063042,8,normalized_compact_thermal,spline_ridge
8,57.5,0.8067274981634929,1.0462638479248008,0.6429000988430544,1.4496275970065473,0.7035944820815324,1.0098924245986856,0.6580951835579194,1.3616896656394517,1.0702300403449274,-0.3533421941530135,-0.060337615746241774,0.0017890855952452309,0.07760890534164117,0.39645744243289843,1.0107315217301664,0.2929238950363623,1.1142650691267026,8,normalized_compact_thermal,spline_ridge
8,57.699999999999996,0.7668092071732555,1.106080116259872,0.722675512673244,1.4894847198464998,0.6514595770402591,1.0232345797335065,0.6975047912133769,1.348964368253636,1.0702300403449274,-0.3533421941530135,-0.04699546061142086,-0.07519773617494359,0.08414809561794977,0.3184437089978567,0.9844754450826616,0.24078898999508902,1.0621301640854293,8,normalized_compact_thermal,spline_ridge
8,57.9,0.7949681071572471,1.0463629730295978,0.6488789194509742,1.4438470266082215,0.7560160799682187,1.0770920814242115,0.6990840414401022,1.455100121408321,1.0702300403449274,-0.3533421941530135,0.00686204107928419,0.07364956092344169,0.08881005873056083,0.40455050511632945,1.107481654820108,0.3453454929230486,1.1666866670133889,8,normalized_compact_thermal,spline_ridge
8,58.099999999999994,0.706657809310869,1.0212419868508458,0.6679130821954113,1.3745708915062802,0.7078448278423113,1.060935260854386,0.7070128469332304,1.4148576747755417,1.0702300403449274,-0.3533421941530135,-0.009294779490541326,0.007811815129154943,0.0755524900832522,0.4088460461934456,1.006843609491177,0.29717424079714116,1.1185154148874814,8,normalized_compact_thermal,spline_ridge
8,58.3,0.7859146375927213,1.0861660730635463,0.6932087542671855,1.479123391859907,0.6593907792905338,1.0081362650139547,0.6784408753686878,1.3378316546592215,1.0702300403449274,-0.3533421941530135,-0.062093775330972656,-0.06309673777343947,0.07319331215198992,0.3697284381264626,0.949053120454605,0.24872019224536368,1.070061366335704,8,normalized_compact_thermal,spline_ridge
8,58.5,0.7680777693877103,1.001516161876668,0.6174772771828128,1.385555046570523,0.6618507130288979,0.990966857283463,0.6600415007690141,1.3218922137979119,1.0702300403449274,-0.3533421941530135,-0.07926318306146442,-0.05937306334288946,0.0782753624411674,0.35207617115419565,0.9716252549036001,0.25118012598372774,1.0725213000740679,8,normalized_compact_thermal,spline_ridge
8,58.699999999999996,0.6673003551596985,1.0745171900679578,0.7408670124881085,1.408167367647807,0.7022094533893533,1.0409207587656886,0.6898160320710119,1.392025485460365,1.0702300403449274,-0.3533421941530135,-0.02930928157923874,-0.00018135865428968445,0.0803180240060414,0.3843510837209503,1.0200678230577562,0.29153886634418313,1.1128800404345234,8,normalized_compact_thermal,spline_ridge
8,58.9,0.7349701259435379,1.0562998139202135,0.6888147509484447,1.4237848768919825,0.6580899232561065,1.045366562285006,0.7163216006569526,1.3744115239130592,1.0702300403449274,-0.3533421941530135,-0.024863478059921465,-0.06507150135769169,0.08078393095647389,0.3383877280514763,0.9777921184607367,0.24741933621093637,1.0687605103012765,8,normalized_compact_thermal,spline_ridge
8,59.099999999999994,0.6796302239749648,1.0395173881045732,0.6997022761170908,1.3793325000920555,0.7659663590794002,1.0674881931740259,0.6845050136343258,1.450471372713726,1.0702300403449274,-0.3533421941530135,-0.0027418471709014973,0.0867251662961459,0.08061426205965104,0.4469356280896204,1.08499709006918,0.35529577203423013,1.1766369461245705,8,normalized_compact_thermal,spline_ridge
8,59.3,0.896094582248155,0.9605794109894001,0.5125321198653227,1.4086267021134777,0.6989289029462055,1.0674513200422762,0.7179868685691735,1.4169157715153788,1.0702300403449274,-0.3533421941530135,-0.002778720302651151,-0.004864060291694033,0.08024546044055393,0.3813577033981909,1.01650010249422,0.28825831590103534,1.1095994899913757,8,normalized_compact_thermal,spline_ridge
8,59.5,0.8682995025428683,1.0932134538030644,0.6590637025316305,1.5273632050744985,0.6597701329405194,1.0686036711142681,0.7387186046440084,1.3984887375845279,1.0702300403449274,-0.3533421941530135,-0.0016263692306591948,-0.06252159389686535,0.07591635376543983,0.35933136172227637,0.9602089041587625,0.24909954589534933,1.0704407199856896,8,normalized_compact_thermal,spline_ridge
8,59.699999999999996,0.792033267339189,1.113194492660783,0.7171778589911886,1.5092111263303776,0.7053178160867466,1.0805526949478035,0.7278937869044302,1.4332116029911768,1.0702300403449274,-0.3533421941530135,0.010322654602876171,0.004235419361942529,0.08437349044187686,0.37140994861891286,1.0392256835545803,0.2946472290415765,1.1159884031319167,8,normalized_compact_thermal,spline_ridge
8,59.9,0.7956277118174283,1.0865578034143417,0.6887439475056275,1.4843716593230558,0.641327445489792,1.0920420580446177,0.7713783352997217,1.4127057807895138,1.0702300403449274,-0.3533421941530135,0.021812017699690364,-0.0908729229429461,0.07068978792243821,0.3615727949079841,0.9210820960716,0.23065685844462192,1.051998032534962,8,normalized_compact_thermal,spline_ridge
8,60.099999999999994,0.7518389057371044,1.10356143179149,0.7276419789229377,1.479480884660042,0.6582083434866426,1.037091224264132,0.7079870525208106,1.3661953960074533,1.0702300403449274,-0.3533421941530135,-0.033138816080795455,-0.0648915721822949,0.08717467425569692,0.3132147984113096,1.0032018885619756,0.24753775644147247,1.0688789305318127,8,normalized_compact_thermal,spline_ridge
8,60.3,0.7849102373466502,1.0867438051673393,0.6942886864940142,1.4791989238406644,0.6225343413593564,1.0419660577988863,0.7306988871192082,1.3532332284785644,1.0702300403449274,-0.3533421941530135,-0.028263982546041073,-0.12061429116955569,0.07321463138195487,0.33278762939852935,0.9122810533201834,0.21186375431418625,1.0332049284045266,8,normalized_compact_thermal,spline_ridge
8,60.5,0.7556719898034209,1.0722760196956647,0.6944400247939543,1.4501120145973752,0.7216832870966025,1.0480618042559506,0.6872201607076494,1.408903447804252,1.0702300403449274,-0.3533421941530135,-0.02216823608897668,0.02717329729300506,0.07780904720707353,0.41375418653964813,1.0296123876535568,0.31101270005143233,1.1323538741417725,8,normalized_compact_thermal,spline_ridge
8,60.699999999999996,0.7530341413996108,1.028732954132331,0.6522158834325255,1.4052500248321362,0.6341629105911767,1.0990556652814163,0.781974209985828,1.4161371205770046,1.0702300403449274,-0.3533421941530135,0.028825624936488922,-0.10210720663121625,0.08078812672148337,0.31444411065750927,0.953881710524844,0.22349232354600657,1.044833497636347,8,normalized_compact_thermal,spline_ridge
8,60.9,0.7673061298471128,1.0349677139364597,0.6513146490129034,1.4186207788600163,0.6736160236685143,1.051335252228691,0.7145272403944338,1.388143264062948,1.0702300403449274,-0.3533421941530135,-0.018894788116236405,-0.041752834077475015,0.0827891175064215,0.3459783079436156,1.001253739393413,0.26294543662334413,1.0842866107136844,8,normalized_compact_thermal,spline_ridge
8,61.099999999999994,0.8581702390001473,1.0582485888605655,0.6291634693604918,1.4873337083606393,0.6840338360475336,1.0620200756673182,0.7200031576435513,1.404036993691085,1.0702300403449274,-0.3533421941530135,-0.00820996467760915,-0.026405700524318718,0.08452981419203195,0.34950731774783916,1.0185603543472281,0.27336324900236353,1.0947044230927037,8,normalized_compact_thermal,spline_ridge
8,61.3,0.7567576799510303,1.1066751029157693,0.7282962629402541,1.4850539428912843,0.6711297904327553,1.089429827500433,0.7538649322840554,1.4249947227168107,1.0702300403449274,-0.3533421941530135,0.019199787155505597,-0.04545053819753386,0.07645712269402562,0.36855092759579067,0.97370865326972,0.2604592033875852,1.0818003774779255,8,normalized_compact_thermal,spline_ridge
8,61.5,0.6520408398980949,1.1115440146848587,0.7855235947358113,1.4375644346339063,0.6909257689293103,1.0366397093000996,0.6911768248354444,1.3821025937647549,1.0702300403449274,-0.3533421941530135,-0.03359033104482783,-0.01638069240462721,0.08367565388378087,0.35977958781265873,1.0220719500459619,0.2802551818841402,1.1015963559744804,8,normalized_compact_thermal,spline_ridge
8,61.699999999999996,0.6347850802416679,1.079417041125744,0.7620245010049099,1.396809581246578,0.7539384105413011,1.0783978759583113,0.7014286706876607,1.4553670812289619,1.0702300403449274,-0.3533421941530135,0.008167835613383792,0.07089759621031629,0.08828500417311702,0.40455073772549155,1.1033260833571106,0.34326782349613094,1.164608997586471,8,normalized_compact_thermal,spline_ridge
8,61.9,0.6594288296830528,1.120744526562663,0.7910301117211366,1.4504589414041895,0.6826941399077832,1.0510407787479261,0.7096937087940345,1.3923878487018178,1.0702300403449274,-0.3533421941530135,-0.01918926159700137,-0.028366144142061372,0.07644296976317111,0.38017128725761173,0.9852169925579546,0.27202355286261304,1.0933647269529532,8,normalized_compact_thermal,spline_ridge
8,62.1,0.6215120821355506,1.086922825538141,0.7761667844703657,1.3976788666059163,0.6472446226026795,1.046924194776046,0.7233018834747063,1.3705465060773856,1.0702300403449274,-0.3533421941530135,-0.023305845568881503,-0.08168877430046381,0.08814010317712027,0.2984303950990627,0.9960588501062961,0.23657403555750933,1.0579152096478497,8,normalized_compact_thermal,spline_ridge
8,62.3,0.8244219698173406,1.08316622298578,0.6709552380771097,1.4953772078944503,0.7080529351148505,1.0836323068011586,0.7296058392437335,1.4376587743585838,1.0702300403449274,-0.3533421941530135,0.013402266456231165,0.008105773181045765,0.08465306394990664,0.37303865622113136,1.0430672140085695,0.29738234806968034,1.1187235221600207,8,normalized_compact_thermal,spline_ridge
8,62.5,0.7831154014239086,1.0806707777145523,0.6891130770025979,1.4722284784265065,0.7282619162237356,1.0792001036361245,0.7150691455242567,1.4433310617479922,1.0702300403449274,-0.3533421941530135,0.008970063291197159,0.03624767369664783,0.07951437972811028,0.41358396668067476,1.0429398657667965,0.3175913291785655,1.1389325032689057,8,normalized_compact_thermal,spline_ridge
8,62.699999999999996,0.8364882984231115,1.0687310590316392,0.6504869098200836,1.486975208243195,0.6630803401168255,1.0469719006432558,0.7154317305848431,1.3785120707016687,1.0702300403449274,-0.3533421941530135,-0.02325813970167153,-0.057516925337762204,0.0859861462748653,0.3227903914131363,1.0033702888205147,0.25240975307165536,1.0737509271619956,8,normalized_compact_thermal,spline_ridge
8,62.9,1.0175574040476993,1.1463684143547672,0.6375897123309175,1.655147116378617,0.9258735136964901,1.0728023686084491,0.6098656117602042,1.535739125456694,1.0702300403449274,-0.3533421941530135,0.002572328263521653,0.27632454620695923,0.08583958098815121,0.5861635967311492,1.265583430661831,0.51520292665132,1.3365441007416603,8,normalized_compact_thermal,spline_ridge
8,63.1,0.7595943538257114,1.083850438775031,0.7040532618621753,1.4636476156878866,0.8855704721231199,1.1122286971042925,0.6694434610427326,1.5550139331658523,1.0702300403449274,-0.3533421941530135,0.04199865675936499,0.23181895378170644,0.10438647880818269,0.47246125560531205,1.2986796886409278,0.4748998850779498,1.29624105916829,8,normalized_compact_thermal,spline_ridge
8,63.3,0.8329690811059168,1.1035660539872312,0.6870815134342728,1.5200505945401896,0.6679603851633665,1.065936126792015,0.7319559342103319,1.3999163193736983,1.0702300403449274,-0.3533421941530135,-0.004293913552912336,-0.05018421669866363,0.0872690426039409,0.3225933775969882,1.0133273927297448,0.2572897981181964,1.0786309722085368,8,normalized_compact_thermal,spline_ridge
8,63.5,0.7119462676014194,1.0610619905076766,0.705088856706967,1.4170351243083863,0.6799098516469109,1.0569310298242782,0.7169761040008228,1.3968859556477335,1.0702300403449274,-0.3533421941530135,-0.01329901052064922,-0.032452866554781204,0.08658513372033785,0.3372494116963824,1.0225702915974393,0.26923926460174075,1.090580438692081,8,normalized_compact_thermal,spline_ridge
8,63.699999999999996,0.8012105629850438,1.0529668730613202,0.6523615915687981,1.453572154553842,0.6432227499360947,1.0254133258328915,0.7038019508648441,1.3470247008009388,1.0702300403449274,-0.3533421941530135,-0.044816714512035866,-0.08792199766434758,0.07892807193710107,0.3308651119405398,0.9555803879316497,0.23255216289092462,1.0538933369812649,8,normalized_compact_thermal,spline_ridge
8,63.9,0.8489727183117903,1.0581563146087754,0.63366995545288,1.4826426737646705,0.766470002855448,1.055170708095991,0.671935706668267,1.4384057095237148,1.0702300403449274,-0.3533421941530135,-0.015059332248936432,0.08738247749900127,0.07973215666439129,0.45093020165736564,1.0820098040535302,0.35579941581027785,1.1771405899006182,8,normalized_compact_thermal,spline_ridge
8,64.1,0.7837861481073382,1.0654856840573752,0.6735926100037061,1.4573787581110442,0.6732628627444345,1.0956774807771372,0.75904604940492,1.4323089121493544,1.0702300403449274,-0.3533421941530135,0.025447440432209777,-0.04227724786959236,0.07140913799292498,0.3906613861424972,0.9558643393463717,0.26259227569926435,1.0839334497896047,8,normalized_compact_thermal,spline_ridge
8,64.3,0.6655813298340213,1.0923474134134326,0.759556748496422,1.4251380783304433,0.6495837914096748,1.0772410171353977,0.7524491214305602,1.4020329128402351,1.0702300403449274,-0.3533421941530135,0.007010976790470174,-0.07808124794062098,0.07711163970391877,0.3444146792200963,0.9547529035992534,0.2389132043645047,1.0602543784548448,8,normalized_compact_thermal,spline_ridge
8,64.5,1.0351637261065865,1.2080190829326942,0.6904372198794011,1.7256009459859876,0.6713393480112853,1.0276721558441317,0.6920024818384891,1.3633418298497744,1.0702300403449274,-0.3533421941530135,-0.042557884500795576,-0.04513834095704472,0.07875830781776742,0.35965355107341773,0.9830251449491527,0.26066876096611513,1.0820099350564554,8,normalized_compact_thermal,spline_ridge
8,64.69999999999999,0.7478212354820387,1.1200667260985098,0.7461561083574906,1.4939773438395292,0.679459221724048,1.0059424131590597,0.6662128022970357,1.3456720240210838,1.0702300403449274,-0.3533421941530135,-0.06428762718586768,-0.03311586521820119,0.0736758610995359,0.3878871943637548,0.9710312490843414,0.2687886346788779,1.0901298087692182,8,normalized_compact_thermal,spline_ridge
8,64.9,0.8182166314971133,1.1148790975960676,0.7057707818475111,1.5239874133446243,0.6782508514639616,1.0164011695222286,0.6772757437902478,1.3555265952542093,1.0702300403449274,-0.3533421941530135,-0.05382887082269884,-0.03489587790721896,0.06863663814771301,0.40662153573887416,0.949880167189049,0.26758026441879146,1.0889214385091317,8,normalized_compact_thermal,spline_ridge
8,65.1,0.8009252176528268,1.0947481194680364,0.694285510641623,1.4952107282944496,0.7389777667995205,1.0447534715438653,0.6752645881441051,1.4142423549436256,1.0702300403449274,-0.3533421941530135,-0.025476568801062173,0.050854750144876795,0.08819687932123624,0.3899388478542493,1.0880166857447917,0.3283071797543504,1.1496483538446907,8,normalized_compact_thermal,spline_ridge
8,65.3,0.8010555814064699,1.1178107998567377,0.7172830091535028,1.5183385905599727,0.6598830719660661,0.9749562138764807,0.6450146778934476,1.3048977498595138,1.0702300403449274,-0.3533421941530135,-0.09527382646844673,-0.06235042919177097,0.06442216807146146,0.40493251053096,0.9148336334011722,0.24921248492089598,1.0705536590112361,8,normalized_compact_thermal,spline_ridge
8,65.5,0.7736190531879097,1.0939802171399895,0.7071706905460345,1.4807897437339443,0.7289060774791829,1.0595953101970634,0.695142271457472,1.4240483489366549,1.0702300403449274,-0.3533421941530135,-0.010634730147863997,0.03713180140215855,0.0788862657460476,0.4167138873752407,1.041098267583125,0.3182354904340128,1.139576664524353,8,normalized_compact_thermal,spline_ridge
8,65.69999999999999,0.7554873673393955,1.094357399608086,0.7166137159383882,1.4721010832777837,0.7383729561224144,1.0798554404087017,0.7106689623474945,1.4490419184699088,1.0702300403449274,-0.3533421941530135,0.009625400063774344,0.050035972719163616,0.08353932800615169,0.4077662843094723,1.0689796279353565,0.32770236907724426,1.1490435431675845,8,normalized_compact_thermal,spline_ridge
8,65.9,0.9911138513513459,1.1669843905140134,0.6714274648383406,1.6625413161896863,0.6997843639158847,1.001927427722699,0.6520352457647567,1.3518196096806414,1.0702300403449274,-0.3533421941530135,-0.0683026126222284,-0.003640848792079855,0.08652777597560589,0.3573509170899255,1.0422178107418438,0.2891137768707146,1.1104549509610548,8,normalized_compact_thermal,spline_ridge
8,66.1,0.8459728528122397,1.0833962632875425,0.6604098368814227,1.506382689693662,0.7571073905239557,1.0589311098579786,0.6803774145960007,1.4374848051199565,1.0702300403449274,-0.3533421941530135,-0.011298930486948775,0.07509202185441309,0.08429213525192737,0.42352148600729544,1.0906932950406159,0.3464368034787856,1.1677779775691257,8,normalized_compact_thermal,spline_ridge
8,66.3,0.8249878967680343,1.1494785894840893,0.7369846411000721,1.5619725378681066,0.7761663953451429,1.065943783548793,0.6778605858762217,1.4540269812213644,1.0702300403449274,-0.3533421941530135,-0.00428625679613427,0.09995383935907726,0.08077214658752654,0.4565108367497611,1.0958219539405247,0.36549580829997275,1.186836982390313,8,normalized_compact_thermal,spline_ridge
8,66.5,0.9133079382824918,1.187689101286209,0.731035132144963,1.6443430704274549,0.7163582220498824,0.9997083772740031,0.6415292662490619,1.3578874882989442,1.0702300403449274,-0.3533421941530135,-0.07052166307092432,0.01976726714367394,0.07081573484753226,0.43610513684184254,0.9966113072579224,0.3056876350047123,1.1270288090950524,8,normalized_compact_thermal,spline_ridge
8,66.69999999999999,0.902356037021847,1.12543326357096,0.6742552450600366,1.5766112820818836,0.7538329103964602,1.0061967239083267,0.6292802687100967,1.3831131791065567,1.0702300403449274,-0.3533421941530135,-0.06403331643660082,0.07075765437225628,0.0680485092577184,0.48453111321334424,1.023134707579576,0.34316232335129004,1.1645034974416304,8,normalized_compact_thermal,spline_ridge
8,66.9,0.6875317895011263,1.0472808619449026,0.7035149671943395,1.3910467566954656,0.7658832584205624,1.0261128420511867,0.6431712128409055,1.4090544712614679,1.0702300403449274,-0.3533421941530135,-0.04411719829374063,0.08661666914607317,0.07476686359506561,0.4699935915413095,1.0617729252998154,0.35521267137539225,1.1765538454657325,8,normalized_compact_thermal,spline_ridge
8,67.1,0.7000489227660747,1.064561522486553,0.7145370611035157,1.4145859838695902,0.7317408896779665,1.0594117211538674,0.6935412763148842,1.4252821659928507,1.0702300403449274,-0.3533421941530135,-0.010818319191060055,0.041013390618176174,0.07471651482649173,0.4360504779184922,1.0274313014374408,0.32107030263279634,1.1424114767231366,8,normalized_compact_thermal,spline_ridge
8,67.3,0.7112431822016665,1.067740501017927,0.7121189099170938,1.4233620921187602,0.7510053578832308,1.0672704678302305,0.6917677888886151,1.4427731467718459,1.0702300403449274,-0.3533421941530135,-0.0029595725146970234,0.06699970124142705,0.07896179616724909,0.43851425633518143,1.0634964594312801,0.34033477083806063,1.1616759449284009,8,normalized_compact_thermal,spline_ridge
8,67.5,0.7015628998536045,1.0573898725678592,0.7066084226410569,1.4081713224946615,0.6829665127481792,1.02834337754187,0.6868601211677804,1.3698266339159595,1.0702300403449274,-0.3533421941530135,-0.04188666280305735,-0.027967256111601155,0.07185823639692053,0.39858773038852097,0.9673452951078374,0.2722959257030091,1.0936370997933493,8,normalized_compact_thermal,spline_ridge
8,67.69999999999999,0.710785872401678,1.083229988237473,0.727837052036634,1.438622924438312,0.7172773138745376,1.016739476757954,0.6581008198206852,1.3753781336952229,1.0702300403449274,-0.3533421941530135,-0.0534905635869733,0.02104945069387127,0.08955859751219766,0.3628493987545815,1.0717052289944937,0.3066067268293675,1.1279479009197078,8,normalized_compact_thermal,spline_ridge
8,67.9,0.8188351928191355,1.1401466351311607,0.7307290387215928,1.5495642315407285,0.6972391543749795,1.0371560225189613,0.6885364453314715,1.3857755997064511,1.0702300403449274,-0.3533421941530135,-0.03307401782596606,-0.007284613300904817,0.08817518140473517,0.3482861048774391,1.04619220387252,0.2865685673298094,1.1079097414201495,8,normalized_compact_thermal,spline_ridge
8,68.1,0.8089825555268608,1.1012154762676776,0.6967241985042472,1.505706754031108,0.7696655208426022,1.072767245095603,0.6879344846743018,1.457600005516904,1.0702300403449274,-0.3533421941530135,0.0025372047506755663,0.09154294712848257,0.07481812243354875,0.4735729972442881,1.0657580444409163,0.3589949337974321,1.1803361078877723,8,normalized_compact_thermal,spline_ridge
8,68.3,0.8598341216315146,1.104015050604752,0.6740979897889944,1.5339321114205093,0.6648055908680368,1.0351541124094272,0.7027513169754088,1.3675569078434457,1.0702300403449274,-0.3533421941530135,-0.03507592793550014,-0.05491843147361353,0.08204764903551111,0.34010223467502076,0.9895089470610529,0.2541350038228667,1.075476177913207,8,normalized_compact_thermal,spline_ridge
8,68.5,0.7858079078538612,1.0652369008450013,0.6723329469180709,1.458140854771932,0.7914625699755098,1.084361985549179,0.6886307005614242,1.4800932705369338,1.0702300403449274,-0.3533421941530135,0.014131945204251572,0.11946950338701494,0.09731684454962478,0.40633141252210425,1.1765937274289153,0.38079198293033967,1.20213315702068,8,normalized_compact_thermal,spline_ridge
8,68.7,0.7614513038049655,1.0215102594965157,0.640784607594033,1.4022359113989984,0.737648939362576,1.0571466295062197,0.6883221598249317,1.4259710991875076,1.0702300403449274,-0.3533421941530135,-0.01308341083870767,0.049054934673425414,0.08945757761689213,0.38362081021374234,1.0916770685114097,0.3269783523174059,1.1483195264077461,8,normalized_compact_thermal,spline_ridge
8,68.9,0.7201524942158734,1.0356333375720668,0.6755570904641301,1.3957095846800034,0.7587495549890856,1.036510615408178,0.6571358379136352,1.4158853929027209,1.0702300403449274,-0.3533421941530135,-0.03371942493674938,0.07725867103908873,0.07690649247563112,0.45439231241821926,1.063106797559952,0.34807896794391546,1.1694201420342556,8,normalized_compact_thermal,spline_ridge
8,69.1,0.6712003179082842,1.0690656031994203,0.7334654442452782,1.4046657621535623,0.718613393479243,0.9945897839583105,0.635283087218689,1.3538964806979321,1.0702300403449274,-0.3533421941530135,-0.07564025638661688,0.022910427972238478,0.06682895874378349,0.4541379642612859,0.9830888226972001,0.3079428064340729,1.1292839805244133,8,normalized_compact_thermal,spline_ridge
8,69.3,0.721077449331186,1.0891360571937225,0.7285973325281295,1.4496747818593156,0.7450643781591334,1.0584536521293568,0.6859214630497901,1.4309858412089236,1.0702300403449274,-0.3533421941530135,-0.011776388215570501,0.05905754345341339,0.07586334537762554,0.44483538749684787,1.045293368821419,0.3343937911139633,1.1557349652043034,8,normalized_compact_thermal,spline_ridge
8,69.5,0.7287209918850672,1.0966518893124455,0.732291393369912,1.4610123852549792,0.7324419108249323,1.014496416068463,0.648275460655997,1.3807173714809293,1.0702300403449274,-0.3533421941530135,-0.05573362427646439,0.04197095028940027,0.07886570022970045,0.42033110869807727,1.0445527129517873,0.32177132377976214,1.1431124978701024,8,normalized_compact_thermal,spline_ridge
8,69.7,0.6698313085066072,1.1001343825387573,0.7652187282854537,1.435050036792061,0.7307035990727327,1.0514263296943074,0.686074530157941,1.4167781292306738,1.0702300403449274,-0.3533421941530135,-0.01880371065062007,0.0395948194694433,0.08877282379475834,0.3793853813817716,1.082021816763694,0.3200330120275626,1.1413741861179028,8,normalized_compact_thermal,spline_ridge
8,69.9,0.7183220210387258,1.132037395169771,0.7728763846504081,1.4911984056891339,0.6965564695335102,1.0325669252388434,0.6842886904720883,1.3808451600055984,1.0702300403449274,-0.3533421941530135,-0.037663115106084034,-0.008264218752884106,0.07133832396948979,0.4142352392438711,0.9788776998231494,0.2858858824883401,1.1072270565786804,8,normalized_compact_thermal,spline_ridge
8,70.1,0.8059687006188541,1.0983249937224027,0.6953406434129757,1.5013093440318297,0.6481520766336462,0.9906338340545844,0.6665577957377613,1.3147098723714075,1.0702300403449274,-0.3533421941530135,-0.07959620629034307,-0.08028772984830429,0.06795882624197348,0.37920519975048034,0.9170989535168119,0.23748148958847604,1.0588226636788163,8,normalized_compact_thermal,spline_ridge
8,70.3,0.7941470542262664,1.0575278360732143,0.6604543089600811,1.4546013631863475,0.697035162615077,1.0063836406440763,0.6578660593365377,1.3549012219516148,1.0702300403449274,-0.3533421941530135,-0.06384639970085125,-0.007577226825908147,0.07296366083549358,0.40828166593463305,0.985788659295521,0.2863645755699069,1.1077057496602472,8,normalized_compact_thermal,spline_ridge
8,70.5,0.7550151722670316,1.0942061791956597,0.7166985930621438,1.4717137653291756,0.7417946006797241,1.060040279848116,0.689142979508254,1.4309375801879782,1.0702300403449274,-0.3533421941530135,-0.010189760496811289,0.05465930152600843,0.08080757670399213,0.4219988274912136,1.0615903738682346,0.331124013634554,1.1524651877248941,8,normalized_compact_thermal,spline_ridge
8,70.7,0.711791251565242,1.1228267593460686,0.7669311335634476,1.4787223851286895,0.864936536393043,1.1223521765012126,0.689883908304691,1.554820444697734,1.0702300403449274,-0.3533421941530135,0.05212213615628516,0.20824305107942584,0.09177830293564156,0.5017241428727354,1.2281489299133508,0.4542659493478729,1.2756071234382131,8,normalized_compact_thermal,spline_ridge
8,70.9,0.7154212349621374,1.1579562094937605,0.8002455920126917,1.5156668269748292,0.8340379608991555,1.1125207517420217,0.695501771292444,1.5295397321915996,1.0702300403449274,-0.3533421941530135,0.042290711397094324,0.17186583315942522,0.07553853391860191,0.5350944107353451,1.1329815110629657,0.4233673738539854,1.2447085479443256,8,normalized_compact_thermal,spline_ridge
8,71.1,0.7198193646091182,1.1254388779953546,0.7655291956907955,1.4853485602999137,0.8791524697183247,1.101596462844516,0.6620202279853538,1.5411726977036784,1.0702300403449274,-0.3533421941530135,0.03136642249958875,0.22454525596901784,0.09966005259040756,0.48474807257987557,1.2735568668567738,0.4684818826731546,1.289823056763495,8,normalized_compact_thermal,spline_ridge
8,71.3,0.7855010052857343,1.1578501080166304,0.7650996053737632,1.5506006106594974,0.6727172464363155,1.0863335469872097,0.7499749237690521,1.4226921702053674,1.0702300403449274,-0.3533421941530135,0.016103506642282252,-0.043087982492315366,0.08393422098540053,0.34054778669213526,1.0048867061804958,0.26204665939114535,1.0833878334814857,8,normalized_compact_thermal,spline_ridge
8,71.5,0.8713379646663952,1.126903275991063,0.6912342936578654,1.5625722583242607,0.7143091644132054,1.0525216491041456,0.6953670668975429,1.4096762313107483,1.0702300403449274,-0.3533421941530135,-0.017708391240781877,0.01690278717138947,0.0776549354658104,0.40698996066871457,1.021628368157696,0.30363857736803523,1.1249797514583755,8,normalized_compact_thermal,spline_ridge
8,71.7,0.7405025454867891,1.123865925089146,0.7536146523457516,1.4941171978325407,0.6989513450831076,1.0519582045639873,0.7024825320224335,1.401433877105541,1.0702300403449274,-0.3533421941530135,-0.018271835780940056,-0.004831951479890198,0.0866520789969056,0.3560259693758775,1.0418767207903379,0.2882807580379375,1.1096219321282779,8,normalized_compact_thermal,spline_ridge
8,71.9,0.7231190674625468,1.1347192140637563,0.7731596803324828,1.4962787477950297,0.8072682658861886,1.0374670664425576,0.6338329334994632,1.441101199385652,1.0702300403449274,-0.3533421941530135,-0.03276297390236977,0.13924295185111657,0.08552676498051763,0.46879631745186023,1.1457402143205169,0.3965976788410185,1.2179388529313586,8,normalized_compact_thermal,spline_ridge
8,72.1,0.6439507326005273,1.063357454690884,0.7413820883906201,1.3853328209911475,0.774699385825103,1.061271594537395,0.6739219016248434,1.4486212874499464,1.0702300403449274,-0.3533421941530135,-0.00895844580753239,0.09806198001779434,0.08116458190552019,0.4534907654864645,1.0959080061637416,0.3640287987799329,1.1853699728702731,8,normalized_compact_thermal,spline_ridge
8,72.3,0.7147721275230318,1.0750969334820564,0.7177108697205404,1.4324829972435722,0.6600625578734588,0.9837601224527369,0.6537288435160076,1.3137914013894663,1.0702300403449274,-0.3533421941530135,-0.08646991789219045,-0.062078469643678316,0.07135123828848051,0.3776902192002337,0.9424348965466839,0.24939197082828868,1.0707331449186288,8,normalized_compact_thermal,spline_ridge
8,72.5,0.6466696029357256,1.077944626763011,0.7546098252951482,1.401279428230874,0.6968282961064414,1.0231547088847743,0.6747405608315536,1.3715688569379951,1.0702300403449274,-0.3533421941530135,-0.047075331460153046,-0.007874051466600349,0.07715572643012011,0.3914847108133746,1.0021718813995082,0.28615770906127125,1.1074988831516115,8,normalized_compact_thermal,spline_ridge
8,72.7,0.7302638467598169,1.024609254420214,0.6594773310403056,1.3897411778001225,0.7633736887238355,1.0842027921130535,0.7025159477511358,1.4658896364749712,1.0702300403449274,-0.3533421941530135,0.013972751768125962,0.08333458897742627,0.0736161229178962,0.47203807506094003,1.0547093023867309,0.35270310167866536,1.1740442757690057,8,normalized_compact_thermal,spline_ridge
8,72.9,0.7904052163899901,1.087621850788786,0.692419242593791,1.482824458983781,0.7501973300757021,1.0987892295769675,0.7236905645391164,1.4738878946148186,1.0702300403449274,-0.3533421941530135,0.028559189232040143,0.06592319386231982,0.07466154510172451,0.4547244608580403,1.045670199293364,0.339526743030532,1.1608679171208722,8,normalized_compact_thermal,spline_ridge
8,73.1,0.9837876926095813,1.1847849237089911,0.6928910774042003,1.6766787700137817,0.8108111926662126,1.0963151694841797,0.6909095731510735,1.501720765817286,1.0702300403449274,-0.3533421941530135,0.026085129139252407,0.14362213412582903,0.0906382137216332,0.4521106992246963,1.1695116861077288,0.4001406056210425,1.2214817797113828,8,normalized_compact_thermal,spline_ridge
8,73.3,1.1392867812152994,1.109968840403298,0.5403254497956483,1.6796122310109476,0.7714889318776186,1.0962950861327831,0.7105506201939739,1.4820395520715923,1.0702300403449274,-0.3533421941530135,0.026065045787855637,0.09390924063348902,0.08255452467157783,0.44477961668226595,1.0981982470729712,0.36081834483244846,1.1821595189227887,8,normalized_compact_thermal,spline_ridge
8,73.5,1.0736682657607726,1.22374450638318,0.6869103735027936,1.7605786392635663,0.744313430949392,1.0580934221719378,0.6859367066972418,1.4302501376466337,1.0702300403449274,-0.3533421941530135,-0.012136618172989654,0.05804913944902433,0.07460669584515357,0.44905762752097134,1.0395692343778125,0.33364284390422183,1.154984017994562,8,normalized_compact_thermal,spline_ridge
8,73.7,0.784567329927333,1.1122114247424693,0.7199277597788027,1.5044950897061358,0.7406490480579773,1.0789429935194135,0.7086184694904248,1.4492675175484022,1.0702300403449274,-0.3533421941530135,0.008712953174486003,0.05311380891893418,0.08205975431872131,0.4158977852383579,1.0654003108775967,0.32997846101280714,1.1513196351031474,8,normalized_compact_thermal,spline_ridge
8,73.9,0.7794600089840209,1.0920856664690066,0.7023556619769963,1.481815670961017,0.7035757072309331,1.0428188309190036,0.691030977303537,1.3946066845344702,1.0702300403449274,-0.3533421941530135,-0.02741120942592381,0.001762401046719271,0.08200665453024888,0.37903458668513657,1.0281168277767296,0.292905120185763,1.114246294276103,8,normalized_compact_thermal,spline_ridge
8,74.1,0.7735110493196696,1.0455600472009403,0.6588045225411056,1.4323155718607752,0.7458739025343198,1.0497736754682045,0.6768367242010447,1.4227106267353644,1.0702300403449274,-0.3533421941530135,-0.02045636487672276,0.06014346963187551,0.07396484749649267,0.45315821226486297,1.0385895928037767,0.3352033154891497,1.15654448957949,8,normalized_compact_thermal,spline_ridge
8,74.3,0.8439361252728246,1.0637300522863755,0.6417619896499632,1.4856981149227877,0.7708250744510183,1.0527293405300218,0.6673168033045126,1.4381418777555308,1.0702300403449274,-0.3533421941530135,-0.01750069981490562,0.09304838160624335,0.08621197003179852,0.42964142882064943,1.1120087200813873,0.3601544874058482,1.1814956614961885,8,normalized_compact_thermal,spline_ridge
8,74.5,0.7299301850237635,1.1109962511571585,0.7460311586452768,1.4759613436690402,0.7929267451046041,1.1046625623052084,0.7081991897529063,1.5011259348575106,1.0702300403449274,-0.3533421941530135,0.03443252196028104,0.12131775562144326,0.08635092336681101,0.451193192014812,1.1346602981943963,0.382256158059434,1.2035973321497742,8,normalized_compact_thermal,spline_ridge
8,74.7,0.6802894817802904,1.126342731042185,0.7861979901520398,1.4664874719323302,0.7301963844823305,1.050416313509246,0.6853181212680807,1.4155145057504113,1.0702300403449274,-0.3533421941530135,-0.019813726835681437,0.038900432972773714,0.08164713462845823,0.40707806300636573,1.0533147059582952,0.31952579743716036,1.1408669715275006,8,normalized_compact_thermal,spline_ridge
8,74.9,0.6985821633123248,1.0735153100001291,0.7242242283439666,1.4228063916562914,0.7507425248493985,1.1049520072233123,0.7295807447986131,1.4803232696480115,1.0702300403449274,-0.3533421941530135,0.03472196687838486,0.06664966507418767,0.07901421746340867,0.4380439661590777,1.0634410835397192,0.3400719378042284,1.1614131118945688,8,normalized_compact_thermal,spline_ridge
8,75.1,0.8086589523982148,1.1034736923371977,0.6991442161380902,1.5078031685363051,0.7438041542433337,1.0536583077580841,0.6817562306364173,1.425560384879751,1.0702300403449274,-0.3533421941530135,-0.01657173258684331,0.05736468180803141,0.08643915190913411,0.40172143692834933,1.085886871558318,0.33313356719816356,1.154474741288504,8,normalized_compact_thermal,spline_ridge
8,75.3,0.8513433117007759,1.0897973524045823,0.6641256965541943,1.5154690082549702,0.7809673909512694,1.1290286755537087,0.7385449800780739,1.5195123710293434,1.0702300403449274,-0.3533421941530135,0.05879863520878133,0.10612031119556695,0.08375935878640842,0.4494899479016743,1.1124448340008646,0.3702968039060993,1.1916379779964394,8,normalized_compact_thermal,spline_ridge
8,75.5,0.9720818566904798,1.2082951292075708,0.7222542008623307,1.6943360575528108,0.7211356777817047,1.061947335176786,0.7013794962859337,1.4225151740676385,1.0702300403449274,-0.3533421941530135,-0.008282705168141235,0.02641421475455419,0.07362949590887417,0.4297471405420349,1.0125242150213745,0.3104650907365346,1.1318062648268747,8,normalized_compact_thermal,spline_ridge
8,75.7,0.9685391619865107,1.1222760379871008,0.6380064569938454,1.6065456189803562,0.6972325769072356,1.0685420413648328,0.719925752911215,1.4171583298184505,1.0702300403449274,-0.3533421941530135,-0.0016879989800946977,-0.007294046934583222,0.09131918777600335,0.335837130428873,1.0586280233855982,0.2865619898620655,1.1079031639524057,8,normalized_compact_thermal,spline_ridge
8,75.9,1.1351124371960684,1.0321792305867399,0.46462301198870576,1.5997354491847742,0.7028682315730546,1.0773050077205888,0.7258708919340615,1.428739123507116,1.0702300403449274,-0.3533421941530135,0.007074967375661443,0.0007563521057969563,0.08543288412570933,0.3647678163757764,1.0409686467703327,0.29219764452788444,1.1135388186182247,8,normalized_compact_thermal,spline_ridge
8,76.1,0.7629161476598203,1.0949232439183019,0.7134651700883917,1.4763813177482121,0.7089733788461519,1.0464626986909296,0.6919760092678536,1.4009493881140056,1.0702300403449274,-0.3533421941530135,-0.023767341653997923,0.00940489353143966,0.07835358733655821,0.3988892621527945,1.019057495539509,0.29830279180098174,1.119643965891322,8,normalized_compact_thermal,spline_ridge
8,76.3,0.8421025764278284,1.0863971919383506,0.6653459037244365,1.5074484801522647,0.7555974670445936,1.1140359358932317,0.7362372023709349,1.4918346694155284,1.0702300403449274,-0.3533421941530135,0.04380589554830423,0.07309569854882393,0.09141185922161073,0.39383527356292625,1.117359660526261,0.3449268799994235,1.1662680540897639,8,normalized_compact_thermal,spline_ridge
8,76.5,0.8993272022532144,1.168855476651851,0.7191918755252438,1.6185190777784582,0.7263617658125122,1.1349204329316056,0.7717395500253494,1.4981013158378618,1.0702300403449274,-0.3533421941530135,0.06469039258667811,0.033635105902681095,0.0846914546197858,0.39119555594328315,1.0615279756817413,0.3156911787673421,1.1370323528576822,8,normalized_compact_thermal,spline_ridge
8,76.7,0.9483173187481286,1.1611197848587063,0.686961125484642,1.6352784442327706,0.6771322451076944,1.1037181469232324,0.7651520243693852,1.4422842694770797,1.0702300403449274,-0.3533421941530135,0.033488106578304956,-0.036546491100004116,0.08173774222490829,0.3536553443060602,1.0006091459093287,0.2664616580625243,1.0878028321528646,8,normalized_compact_thermal,spline_ridge
8,76.9,0.6253712519177149,1.056797793866523,0.7441121679076654,1.3694834198253805,0.7619446049522731,1.105825163726233,0.7248528612500965,1.4867974662023697,1.0702300403449274,-0.3533421941530135,0.035595123381305625,0.08146077130194665,0.08530358976880952,0.42435587183383205,1.0995333380707142,0.351274017907103,1.1726151919974432,8,normalized_compact_thermal,spline_ridge
8,77.1,0.7890719567376087,1.0140888893373956,0.6195529109685912,1.4086248677061999,0.7482075886455771,1.1162238711773187,0.7421200768545302,1.4903276655001072,1.0702300403449274,-0.3533421941530135,0.04599383083239127,0.06326737956967676,0.09121447212067756,0.38722655409893875,1.1091886231922155,0.337537001600407,1.1588781756907474,8,normalized_compact_thermal,spline_ridge
8,77.3,0.743354082290258,1.0166377954128087,0.6449607542676798,1.3883148365579379,0.7050290998106601,1.106914083703763,0.7543995337984329,1.4594286336090931,1.0702300403449274,-0.3533421941530135,0.03668404335883559,0.0038259934584783523,0.08506320949090594,0.3683916710125186,1.0416665286088016,0.29435851276548997,1.1156996868558302,8,normalized_compact_thermal,spline_ridge
8,77.5,1.0732867338073575,0.9415598357231347,0.40491646881945603,1.4782032026268135,0.766266803410978,1.156388679607928,0.7732552779024389,1.539522081313417,1.0702300403449274,-0.3533421941530135,0.08615863926300052,0.08711733159158949,0.08896479948007173,0.4141888424481318,1.1183447643738242,0.35559621636580785,1.176937390456148,8,normalized_compact_thermal,spline_ridge
8,77.7,0.577320871291716,1.0632828386649944,0.7746224030191363,1.3519432743108524,0.7023151851214543,1.1547433572459647,0.8035857646852376,1.5059009498066918,1.0702300403449274,-0.3533421941530135,0.08451331690103715,-3.079991092305029e-05,0.08602601067142086,0.36186747317279266,1.042762897070116,0.2916445980762842,1.1129857721666245,8,normalized_compact_thermal,spline_ridge
8,77.9,0.4839111687625792,1.059177840158914,0.8172222557776243,1.3011334245402035,0.5658289492071448,1.083323420099875,0.8004089454963026,1.3662378947034473,1.0702300403449274,-0.3533421941530135,0.013093379754947421,-0.21612126218191882,0.09610709981250655,0.18548535338282518,0.9461725450314644,0.15515836216197465,0.9764995362523149,8,normalized_compact_thermal,spline_ridge
8,78.1,0.8915437313809697,1.0101477310368556,0.5643758653463709,1.4559195967273404,0.7335532292090411,1.1666175277782098,0.7998409131736892,1.5333941423827304,1.0702300403449274,-0.3533421941530135,0.0963874874332824,0.04348707891307414,0.095762475169956,0.35457348450511805,1.1125329739129641,0.32288264216387097,1.144223816254211,8,normalized_compact_thermal,spline_ridge
8,78.3,0.8951452993336714,1.0988890557307105,0.6513164060638749,1.5464617053975462,0.6368460030759419,1.0861662121690479,0.7677432106310769,1.4045892137070188,1.0702300403449274,-0.3533421941530135,0.015936171824120486,-0.09788521189699123,0.08127069965970093,0.31521742200303243,0.9584745841488513,0.22617541603077174,1.0475165901211119,8,normalized_compact_thermal,spline_ridge
8,78.5,0.6470488227719753,1.0790565681375393,0.7555321567515516,1.402580979523527,0.7011459277869642,1.1615898969902867,0.8110169330968047,1.5121628608837687,1.0702300403449274,-0.3533421941530135,0.09135985664535924,-0.0016970485789644732,0.08717214882784678,0.3561623770857345,1.0461294784881938,0.29047534074179404,1.1118165148321344,8,normalized_compact_thermal,spline_ridge
8,78.7,0.6312538009502059,1.0780443087888822,0.7624174083137792,1.3936712092639854,0.702723635620065,1.057767311736154,0.7064054939261214,1.4091291295461863,1.0702300403449274,-0.3533421941530135,-0.012462728608773446,0.0005506082382141717,0.07721505626560897,0.39714525265842304,1.0083020185817069,0.2920530485748949,1.1133942226652351,8,normalized_compact_thermal,spline_ridge
8,78.9,0.629573994217855,1.1070348658697884,0.7922478687608608,1.4218218629787158,0.5730672325448487,1.0880926952879646,0.8015590790155402,1.374626311560389,1.0702300403449274,-0.3533421941530135,0.01786265494303728,-0.203410040713309,0.08304776503086717,0.24440591991929816,0.9017285451703992,0.16239664549967858,0.9837378195900188,8,normalized_compact_thermal,spline_ridge
8,79.1,0.659143378517384,1.0991822922838959,0.7696106030252039,1.4287539815425878,0.6838927313734134,1.0451912141341488,0.7032448484474421,1.3871375798208556,1.0702300403449274,-0.3533421941530135,-0.025038826210778617,-0.026612004982439846,0.08106117584226571,0.36309334025930645,1.0046921224875205,0.2732221443282433,1.0945633184185835,8,normalized_compact_thermal,spline_ridge
8,79.3,0.6701786867609166,1.1047987412543612,0.7697093978739027,1.4398880846348194,0.7198169957878869,1.093962325597491,0.7340538277035475,1.4538708234914346,1.0702300403449274,-0.3533421941530135,0.023732285252563726,0.024583922356844954,0.08650022718406385,0.37749257323231106,1.0621414183434628,0.3091464087427168,1.130487582833057,8,normalized_compact_thermal,spline_ridge
8,79.5,0.6785383817302432,1.0606272872309386,0.7213580963658169,1.39989647809606,0.7460235261826174,1.0616359843501046,0.688624221258796,1.4346477474414132,1.0702300403449274,-0.3533421941530135,-0.008594055994822835,0.06034405131519914,0.09056160956107717,0.38762619350589184,1.104420858859343,0.33535293913744724,1.1566941132277875,8,normalized_compact_thermal,spline_ridge
8,79.7,0.6168518159414254,1.087040660029744,0.7786147520590313,1.3954665680004568,0.7372737360106058,1.0987298722355394,0.7300930042302365,1.4673667402408423,1.0702300403449274,-0.3533421941530135,0.028499831890612004,0.04854615768283659,0.11131272997036268,0.296753898656822,1.1777935733643896,0.32660314896543563,1.1479443230557758,8,normalized_compact_thermal,spline_ridge
8,79.9,0.7794141166622974,1.1471793241323125,0.7574722658011637,1.536886382463461,0.7113688299575984,1.1189347319318972,0.763250316953098,1.4746191469106964,1.0702300403449274,-0.3533421941530135,0.04870469158696966,0.012777958653068834,0.09015463041544014,0.35458211618394125,1.0681555437312555,0.3006982429124283,1.1220394170027685,8,normalized_compact_thermal,spline_ridge
8,80.1,0.6930891157278588,1.110219513698663,0.7636749558347337,1.4567640715625925,0.6257159286987305,0.9983477501007445,0.6854897857513793,1.3112057144501097,1.0702300403449274,-0.3533421941530135,-0.07188229024418294,-0.1155166047431655,0.08528949173188445,0.2881829885245007,0.9632488688729604,0.21504534165356037,1.0363865157439007,8,normalized_compact_thermal,spline_ridge
8,80.3,0.6249277109478705,1.16558554319574,0.8531216877218047,1.4780493986696752,0.6411772230324814,1.038365484112673,0.7177768725964324,1.3589540956289137,1.0702300403449274,-0.3533421941530135,-0.031864556232254385,-0.09110718713189567,0.08031835571114987,0.3233175406419803,0.9590369054229824,0.23050663598731125,1.0518478100776516,8,normalized_compact_thermal,spline_ridge
8,80.5,0.6302962230805407,1.1701744313915923,0.8550263198513219,1.4853225429318626,0.6936594581668252,1.0112502912995804,0.6644205622161679,1.358080020382993,1.0702300403449274,-0.3533421941530135,-0.05897974904534691,-0.01243193903627065,0.07634986949780889,0.3915050495730153,0.9958138667606351,0.28298887112165505,1.1043300452119953,8,normalized_compact_thermal,spline_ridge
8,80.7,0.7293443089073003,1.1799139773962477,0.8152418229425976,1.5445861318498977,0.733943057843035,1.0590799185176965,0.6921083895961789,1.4260514474392139,1.0702300403449274,-0.3533421941530135,-0.011150121827231034,0.04401836290554891,0.08612546817898133,0.3931017430686606,1.0747843726174096,0.3232724707978649,1.1446136448882052,8,normalized_compact_thermal,spline_ridge
8,80.9,0.9380365286983658,1.1672511328646415,0.6982328685154586,1.6362693972138245,0.7167399978145226,1.0880691995337541,0.7296992006264928,1.4464391984410154,1.0702300403449274,-0.3533421941530135,0.017839159188826705,0.020300064921773962,0.08876187166701624,0.36546512314041957,1.0680148724886256,0.30606941076935246,1.1274105848596927,8,normalized_compact_thermal,spline_ridge
8,81.1,0.785619279128523,1.0905052318152737,0.6976955922510123,1.4833148713795352,0.6763646955351198,1.0053120502464987,0.6671297024789389,1.3434943980140586,1.0702300403449274,-0.3533421941530135,-0.0649179900984287,-0.03768066382223896,0.08378123641348915,0.34480067183364543,1.0079287192365942,0.2656941084899497,1.08703528258029,8,normalized_compact_thermal,spline_ridge
8,81.3,0.6843358732822877,1.1314544827489657,0.7892865461078217,1.4736224193901097,0.6982926586351403,1.0509549960534097,0.7018086667358395,1.4001013253709798,1.0702300403449274,-0.3533421941530135,-0.019275044291517725,-0.005774788228530968,0.09745823543781612,0.31260194711198963,1.083983370158291,0.2876220715899702,1.1089632456803105,8,normalized_compact_thermal,spline_ridge
8,81.5,0.6801682746838925,1.2155060028896894,0.8754218655477431,1.5555901402316357,0.7305737906175345,1.0813044902972906,0.7160175949885234,1.446591385606058,1.0702300403449274,-0.3533421941530135,0.011074449952363256,0.039417155110225005,0.09640470389019468,0.3490524274351247,1.1120951537999442,0.31990320357236435,1.1412443776627046,8,normalized_compact_thermal,spline_ridge
8,81.7,0.826167737463898,1.1273674184822515,0.7142835497503024,1.5404512872142004,0.7672832189029648,1.0739845555284082,0.6903429460769258,1.4576261649798905,1.0702300403449274,-0.3533421941530135,0.00375451518348076,0.08844290379468642,0.10118369140877219,0.3668490251309176,1.167717412675012,0.3566126318577947,1.177953805948135,8,normalized_compact_thermal,spline_ridge
8,81.9,0.7175550618638529,1.0609743808144239,0.7021968498824975,1.4197519117463504,0.733778628229099,1.0746495763665886,0.7077602622520391,1.4415388904811381,1.0702300403449274,-0.3533421941530135,0.004419536021661256,0.043794301877924595,0.10068173746512253,0.3353309158745367,1.1322263405836615,0.3231080411839289,1.1444492152742691,8,normalized_compact_thermal,spline_ridge
8,82.1,0.5971968289654137,1.0945523257503114,0.7959539112676044,1.393150740233018,0.6625513796306269,1.0994002021183331,0.7681245123030196,1.4306758919336466,1.0702300403449274,-0.3533421941530135,0.02917016177340572,-0.05831497581647768,0.09899329480979668,0.27078567466285114,1.0543170845984027,0.2518807925854568,1.073221966675797,8,normalized_compact_thermal,spline_ridge
8,82.3,0.6144834070919561,1.1112740997089132,0.8040323961629351,1.4185158032548912,0.6052859003350906,0.9831152126225955,0.6804722624550502,1.2857581627901409,1.0702300403449274,-0.3533421941530135,-0.08711482772233194,-0.14871217588345384,0.09887957557870916,0.21397023892653755,0.9966015617436436,0.19461531328992043,1.0159564873802607,8,normalized_compact_thermal,spline_ridge
8,82.5,0.7907784218160169,1.0896103646428728,0.6942211537348643,1.4849995755508811,0.6477775311866597,1.0646198648820069,0.7407310992886771,1.3885086304753367,1.0702300403449274,-0.3533421941530135,-0.005610175462920638,-0.08086576349327221,0.08753694338003523,0.30135030700046217,0.9942047553728572,0.23710694414148958,1.05844811823183,8,normalized_compact_thermal,spline_ridge
8,82.7,0.7965360491148152,1.0688490512171045,0.670581026659697,1.4671170757745122,0.7118105669958202,1.081333798920402,0.7254285154224918,1.437239082418312,1.0702300403449274,-0.3533421941530135,0.011103758575474432,0.013398733593112465,0.09276244635939111,0.3447034284532821,1.0789177055383583,0.3011399799506501,1.1224811540409902,8,normalized_compact_thermal,spline_ridge
8,82.9,0.7524449195432183,1.0650384010979996,0.6888159413263905,1.4412608608696087,0.6849163725755579,1.0227376322437907,0.6802794459560118,1.3651958185315696,1.0702300403449274,-0.3533421941530135,-0.04749240810113667,-0.02511633785103813,0.09383452966831657,0.3135664671455013,1.0562662780056145,0.2742457855303878,1.0955869596207282,8,normalized_compact_thermal,spline_ridge
8,83.1,0.8838709164775671,1.1132877302405675,0.6713522720017838,1.555223188479351,0.6898456209259092,1.055263677749863,0.7103408672869084,1.4001864882128174,1.0702300403449274,-0.3533421941530135,-0.014966362595064425,-0.017945250059388962,0.08175327568029565,0.3663072465152582,1.0133839953365602,0.27917503388073905,1.1005162079710793,8,normalized_compact_thermal,spline_ridge
8,83.3,0.8386242520144872,1.0868991680574334,0.6675870420501898,1.506211294064677,0.6810718423647097,1.0555557755627385,0.7150198543803836,1.3960916967450934,1.0702300403449274,-0.3533421941530135,-0.014674264782188993,-0.030745288847809582,0.10409199940725303,0.26912802730490326,1.0930156574245162,0.2704012553195396,1.0917424294098799,8,normalized_compact_thermal,spline_ridge
8,83.5,0.5759802314443221,1.1178778725268361,0.8298877568046751,1.4058679882489973,0.6757085238648924,1.046167082308565,0.7083128203761186,1.3840213442410112,1.0702300403449274,-0.3533421941530135,-0.0240629580363624,-0.03865127948465577,0.08837120250868429,0.32597972136181025,1.0254373263679746,0.2650379368197223,1.0863791109100625,8,normalized_compact_thermal,spline_ridge
8,83.7,0.7842636392612398,1.1017193716721274,0.7095875520415074,1.4938511913027472,0.728883203966114,1.053343686708097,0.68890208472504,1.417785288691154,1.0702300403449274,-0.3533421941530135,-0.016886353636830505,0.03710042030564209,0.09877914525914905,0.33796499528421486,1.119801412648013,0.3182126169209438,1.139553791011284,8,normalized_compact_thermal,spline_ridge
8,83.9,0.7499021286374126,1.0365341110873156,0.6615830467686094,1.411485175406022,0.6562607436563683,1.0403068958023691,0.712176523974185,1.3684372676305534,1.0702300403449274,-0.3533421941530135,-0.02992314454255835,-0.06785489977140348,0.0935867493906733,0.28589142802620204,1.0266300592865347,0.2455901566111982,1.0669313307015384,8,normalized_compact_thermal,spline_ridge
8,84.1,0.8389642389212734,1.0703321827018528,0.650850063241216,1.4898143021624894,0.6522015866949534,1.0524402969273003,0.7263395035798237,1.378541090274777,1.0702300403449274,-0.3533421941530135,-0.01778974341762704,-0.07405938864191568,0.07797111969132284,0.34363108470601517,0.9607720886838917,0.2415309996497833,1.0628721737401237,8,normalized_compact_thermal,spline_ridge
8,84.3,0.8469936071823497,1.0947943030908924,0.6712974994997175,1.5182911066820672,0.6498966673181863,1.0349714874196279,0.7100231537605347,1.3599198210787211,1.0702300403449274,-0.3533421941530135,-0.03525855292529956,-0.07759970793368076,0.08336363176740293,0.31998531290998206,0.9798080217263905,0.23922608027301617,1.0605672543633564,8,normalized_compact_thermal,spline_ridge
8,84.5,0.8527805972301823,1.0880110347086762,0.6616207360935852,1.5144013333237674,0.7227078788201967,1.091980415553871,0.7306264761437726,1.4533343549639695,1.0702300403449274,-0.3533421941530135,0.021750375208943656,0.028592015324001522,0.09991378419839632,0.32729933950760015,1.1181164181327934,0.3120372917750266,1.1333784658653667,8,normalized_compact_thermal,spline_ridge
8,84.7,1.14883102204373,0.9160676291470864,0.34165211812522145,1.4904831401689513,0.713604840744856,1.0696079548508202,0.7128055344783921,1.4264103752232482,1.0702300403449274,-0.3533421941530135,-0.0006220854941072478,0.01591627996867899,0.09599193449059837,0.333717011380395,1.0934926701093168,0.30293425369968585,1.124275427790026,8,normalized_compact_thermal,spline_ridge
8,84.9,1.1437449262504633,0.9402629282200846,0.3683904650948529,1.5121353913453164,0.6940845006246055,1.0751987975627066,0.7281565472504039,1.4222410478750094,1.0702300403449274,-0.3533421941530135,0.004968757217779313,-0.01181937290924321,0.10032449703625716,0.29705056633174254,1.0911184349174685,0.28341391357943535,1.1047550876697756,8,normalized_compact_thermal,spline_ridge
8,85.1,0.7450781316028384,1.090456477552212,0.7179174117507928,1.4629955433536312,0.6493475419939823,1.0515065674205932,0.7268327964236021,1.3761803384175844,1.0702300403449274,-0.3533421941530135,-0.01872347292433424,-0.07844500761324141,0.07734150799008092,0.34326872666389224,0.9554263573240722,0.23867695494881214,1.0600181290391524,8,normalized_compact_thermal,spline_ridge
8,85.3,0.8509855085582156,1.0645332222008104,0.6390404679217025,1.4900259764799182,0.654241498992277,1.0707237684712778,0.7436030189751393,1.3978445179674164,1.0702300403449274,-0.3533421941530135,0.0004937281263504897,-0.07093653701910128,0.0891854604400428,0.3012902728582086,1.0071927251263455,0.2435709119471069,1.064912086037447,8,normalized_compact_thermal,spline_ridge
8,85.5,0.9838250590709458,0.9301551631478251,0.4382426336123521,1.422067692683298,0.756883825391595,1.1227332618994326,0.744291349203635,1.5011751745952302,1.0702300403449274,-0.3533421941530135,0.05250322155450525,0.0747966897129378,0.09787487330532343,0.36954427059886846,1.1442233801843216,0.3462132383464249,1.1675544124367652,8,normalized_compact_thermal,spline_ridge
8,85.7,1.175338205568971,0.8225301617902844,0.23486105900579882,1.4101992645747699,0.6896385708624395,1.0357655733416313,0.6909462879104116,1.380584858772851,1.0702300403449274,-0.3533421941530135,-0.03446446700329604,-0.018245434818673537,0.09415702616348869,0.3170123863972877,1.0622647553275915,0.2789679838172694,1.1003091579076096,8,normalized_compact_thermal,spline_ridge
8,85.9,0.5877475457093219,1.0814449139647548,0.7875711411100941,1.3753186868194158,0.6686592072927039,1.034853638370447,0.7005240347240951,1.3691832420167989,1.0702300403449274,-0.3533421941530135,-0.03537640197448051,-0.049138560631738284,0.09268599545599203,0.3018546230001593,1.0354637915852485,0.2579886202475338,1.0793297943378741,8,normalized_compact_thermal,spline_ridge
8,86.1,0.6444254293732763,1.0801013669680635,0.7578886522814253,1.4023140816547015,0.706630252429013,1.09249335311479,0.7391782269002836,1.4458084793292965,1.0702300403449274,-0.3533421941530135,0.022263312769862535,0.00609446325954497,0.08229027372474397,0.3809667096637394,1.0322937951942865,0.2959596653838429,1.1173008394741832,8,normalized_compact_thermal,spline_ridge
8,86.3,0.8109176355750118,1.117441787167472,0.7119829693799661,1.522900604954978,0.6988956678201146,1.045281099522057,0.6958332656119997,1.3947289334321142,1.0702300403449274,-0.3533421941530135,-0.024948940822870573,-0.004911612934267701,0.0888165383212522,0.34740445000503284,1.0503868856351963,0.28822508077494446,1.1095662548652847,8,normalized_compact_thermal,spline_ridge
8,86.5,0.7367690118276193,1.1141581364945763,0.7457736305807667,1.482542642408386,0.6681457127975604,1.0620180815601403,0.7279452251613601,1.3960909379589206,1.0702300403449274,-0.3533421941530135,-0.008211958784786989,-0.049906802149526655,0.08621305131100124,0.32695778800757835,1.0093336375875426,0.2574751257523903,1.0788162998427304,8,normalized_compact_thermal,spline_ridge
8,86.7,0.885633562242155,1.1255856792910595,0.682768898169982,1.568402460412137,0.7029741554957224,1.0345568335992792,0.683069755851418,1.3860439113471403,1.0702300403449274,-0.3533421941530135,-0.03567320674564821,0.0009070431417801186,0.07840486588429443,0.3926871040839864,1.0132612069074585,0.2923035684505523,1.1136447425408926,8,normalized_compact_thermal,spline_ridge
8,86.9,0.9480138626861788,1.0168891887033449,0.5428822573602555,1.4908961200464343,0.6480022369452,1.0811358412764907,0.7571347228038907,1.4051369597490906,1.0702300403449274,-0.3533421941530135,0.010905800931563263,-0.0805189364068814,0.07887116958260809,0.33586978986853605,0.9601346840218639,0.23733164990002986,1.0586728239903702,8,normalized_compact_thermal,spline_ridge
8,87.1,0.9919733482933513,0.9106222192237038,0.4146355450770282,1.4066088933703793,0.7352949288068282,1.0559825495603166,0.6883350851569024,1.4236300139637308,1.0702300403449274,-0.3533421941530135,-0.014247490784610944,0.04585859758173077,0.08333629728940958,0.40549175052369957,1.0650981070899568,0.3246243417616581,1.1459655158519984,8,normalized_compact_thermal,spline_ridge
8,87.3,0.8022052278245477,1.068087254647986,0.6669846407357122,1.4691898685602598,0.6789219572387591,1.0595198528790302,0.7200588742596505,1.3989808314984098,1.0702300403449274,-0.3533421941530135,-0.010710187465897322,-0.03390690166897807,0.09083107630022015,0.3194582106475503,1.038385703829968,0.268251370193589,1.0895925442839292,8,normalized_compact_thermal,spline_ridge
8,87.5,0.8535756763158425,1.0548423860993592,0.628054547941438,1.4816302242572805,0.7054402370394843,1.0733362371478774,0.7206161186281352,1.4260563556676196,1.0702300403449274,-0.3533421941530135,0.0031061968029500626,0.0044089727969539305,0.07917129918546477,0.3921200278454895,1.0187604462334792,0.2947696499943142,1.1161108240846545,8,normalized_compact_thermal,spline_ridge
8,87.7,0.7144883093642628,1.0384230958155682,0.6811789411334368,1.3956672504976997,0.738454678784303,1.094089184189717,0.7248618447975654,1.4633165235818684,1.0702300403449274,-0.3533421941530135,0.023859143844789557,0.050146645975866676,0.09103711905687865,0.3781755185231995,1.0987338390454067,0.3277840917391329,1.1491252658294733,8,normalized_compact_thermal,spline_ridge
8,87.9,0.5212625887725778,1.1067258964504507,0.8460946020641619,1.3673571908367397,0.719436110480464,1.1044756460820901,0.7447575908418582,1.464193701322322,1.0702300403449274,-0.3533421941530135,0.034245605737162635,0.024054640447143564,0.0985059019699693,0.32959926139992873,1.1092729595609991,0.30876552343529384,1.1301066975256342,8,normalized_compact_thermal,spline_ridge
8,88.1,0.7154901591073024,1.0831954208667103,0.7254503413130592,1.4409405004203615,0.6834059941191075,1.0264611261303465,0.6847581290707927,1.3681641231899002,1.0702300403449274,-0.3533421941530135,-0.04376891421458099,-0.0273239741604865,0.08240797378822375,0.35727665366084366,1.0095353345773714,0.2727354070739374,1.0940765811642776,8,normalized_compact_thermal,spline_ridge
8,88.3,1.1377354084240665,0.9477355260861324,0.3788678218740992,1.5166032302981656,0.7507399645408686,1.0867730816028196,0.7114030993323853,1.462143063873254,1.0702300403449274,-0.3533421941530135,0.0165430412578923,0.06664625470004336,0.08607256693571196,0.4101080062981957,1.0913719227835414,0.34006937749569843,1.1614105515860387,8,normalized_compact_thermal,spline_ridge
8,88.5,0.7132726593319142,1.0722348912857755,0.7155985616198185,1.4288712209517327,0.7594564773386322,1.1273845946395944,0.7476563559702782,1.5071128333089105,1.0702300403449274,-0.3533421941530135,0.057154554294666926,0.0781899312048152,0.09275292443494988,0.3923870217871344,1.12652593289013,0.3487858902934621,1.1701270643838022,8,normalized_compact_thermal,spline_ridge
8,88.7,0.7947023678902075,1.074732061032449,0.6773808770873451,1.4720832449775527,0.6363796189325825,1.030789777910803,0.7125999684445118,1.3489795873770944,1.0702300403449274,-0.3533421941530135,-0.03944026243412435,-0.09861781443994483,0.07737695229757593,0.33016053284840197,0.9425987050167631,0.22570903188741243,1.0470502059777527,8,normalized_compact_thermal,spline_ridge
8,88.9,0.6415744714585384,1.111338272386541,0.7905510366572718,1.4321255081158102,0.6930270105892807,1.0487682802812364,0.7022547749865959,1.3952817855758768,1.0702300403449274,-0.3533421941530135,-0.021461760063691143,-0.013344110079468861,0.07412424090582734,0.3996805213197987,0.9863734998587628,0.2823564235441106,1.1036975976344507,8,normalized_compact_thermal,spline_ridge
8,89.1,0.6303628235835722,1.0862007189038247,0.7710193071120386,1.401382130695611,0.6785874898930394,1.093174592916228,0.7538808479697083,1.4324683378627476,1.0702300403449274,-0.3533421941530135,0.02294455257130046,-0.0343996678198058,0.08816031807023282,0.3296932620028682,1.0274817177832105,0.2679169028478693,1.0892580769382096,8,normalized_compact_thermal,spline_ridge
8,89.3,0.68502901861029,1.0669008961931212,0.7243863868879762,1.4094154054982662,0.6391596204981821,1.0629211367136555,0.7433413264645645,1.3825009469627465,1.0702300403449274,-0.3533421941530135,-0.00730890363127195,-0.09425886430900068,0.08526386970354753,0.3017280794339971,0.976591161562367,0.22848903345301197,1.0498302075433523,8,normalized_compact_thermal,spline_ridge
8,89.5,0.5979666788429416,1.0853727278673124,0.7863893884458416,1.3843560672887831,0.7495199712163422,1.098118635853136,0.7233586502449649,1.4728786214613072,1.0702300403449274,-0.3533421941530135,0.02788859550820865,0.06501987841102023,0.08688333951591204,0.40567938261076525,1.0933605598219192,0.33884938417117205,1.1601905582615122,8,normalized_compact_thermal,spline_ridge
8,89.7,0.7687163732479046,1.0863575412584296,0.7019993546344773,1.470715727882382,0.7131177062033941,1.1029663074224778,0.7464074543207808,1.4595251605241748,1.0702300403449274,-0.3533421941530135,0.03273626707755044,0.015233407799267178,0.0899375642466063,0.3571900312244476,1.0690453811823406,0.302447119158224,1.1237882932485643,8,normalized_compact_thermal,spline_ridge
8,89.9,0.7666460817220158,1.0858971507437247,0.7025741098827167,1.4692201916047325,0.6756894546337248,1.1030970390797696,0.7652523117629073,1.440941766396632,1.0702300403449274,-0.3533421941530135,0.032866998734842244,-0.03867950097302904,0.0868873114259602,0.3318331472045338,1.0195457620629158,0.26501886758855464,1.086360041678895,8,normalized_compact_thermal,spline_ridge
8,90.1,0.7806567373034707,1.0773070857175537,0.6869787170658184,1.467635454369289,0.6974923998681201,1.045285351117189,0.6965391511831289,1.3940315510512489,1.0702300403449274,-0.3533421941530135,-0.024944689227738494,-0.006921467439390219,0.08138605497832134,0.375407300423861,1.0195774993123792,0.28682181282294994,1.1081629869132903,8,normalized_compact_thermal,spline_ridge
8,90.3,0.3267228479266914,1.109780184234686,0.9464187602713402,1.2731416081980316,0.7528896880323732,1.064460469535894,0.6880156255197073,1.4409053135520806,1.0702300403449274,-0.3533421941530135,-0.005769570809033412,0.06950563560213502,0.08889228986539224,0.40109868367973417,1.1046806923850123,0.3422191009872031,1.1635602750775433,8,normalized_compact_thermal,spline_ridge
8,90.5,0.571998204025542,1.0899209953143514,0.8039218933015803,1.3759200973271224,0.7175262758037032,1.0668973616420814,0.7081342237402297,1.425660499543933,1.0702300403449274,-0.3533421941530135,-0.0033326787028460127,0.021396483463311265,0.07936051056491852,0.40345726307102375,1.0315952885363826,0.3068556887585331,1.1281968628488732,8,normalized_compact_thermal,spline_ridge
8,90.7,0.5989123333077556,1.0802705390045355,0.7808143723506578,1.3797267056584133,0.6784632343946633,1.05017746904201,0.7109458518446784,1.3894090862393416,1.0702300403449274,-0.3533421941530135,-0.020052571302917425,-0.03458279361827375,0.08496596204521051,0.3422106621081914,1.014715806681135,0.26779264734949315,1.0891338214398334,8,normalized_compact_thermal,spline_ridge
8,90.9,0.765126401796839,1.0608557543589896,0.6782925534605702,1.443418955257409,0.6484675767614192,1.0476218475003227,0.7233880591196131,1.3718556358810323,1.0702300403449274,-0.3533421941530135,-0.022608192844604764,-0.07980107960638719,0.08188054150363748,0.3244255481881746,0.9725096053346638,0.23779698971624907,1.0591381638065893,8,normalized_compact_thermal,spline_ridge
8,91.1,0.7461298261244494,1.0204410201016851,0.6473761070394606,1.39350593316391,0.7423447146281451,1.1072924327741935,0.7361200754601209,1.4784647900882661,1.0702300403449274,-0.3533421941530135,0.03706239242926602,0.05540062542726272,0.09175273635843749,0.3792335007701692,1.105455928486121,0.331674127582975,1.1530153016733151,8,normalized_compact_thermal,spline_ridge
8,91.3,0.7210471128495035,1.0649960067646949,0.7044724503399429,1.4255195631894466,0.735257138250015,1.0946822499416515,0.727053680816644,1.462310819066659,1.0702300403449274,-0.3533421941530135,0.024452209596724145,0.04580720116038927,0.08973757281679068,0.3801209288308296,1.0903933476692005,0.3245865512048449,1.1459277252951852,8,normalized_compact_thermal,spline_ridge
8,91.5,0.747314659280491,1.0532659010438867,0.6796085714036413,1.4269232306841324,0.7353594329135414,1.087580957037027,0.7199012405802563,1.4552606734937976,1.0702300403449274,-0.3533421941530135,0.017350916692099566,0.04594631922242824,0.10080819439287078,0.33641126759857876,1.1343075982285042,0.3246888458683713,1.1460300199587117,8,normalized_compact_thermal,spline_ridge
8,91.7,0.6111132753107967,1.1039561736003056,0.7983995359449073,1.409512811255704,0.7362756521006067,1.0791291671754675,0.710991341125164,1.447266993225771,1.0702300403449274,-0.3533421941530135,0.008899126830540111,0.04719149109251328,0.08676762665614586,0.39289299683452755,1.0796583073666859,0.3256050650554366,1.1469462391457768,8,normalized_compact_thermal,spline_ridge
8,91.9,0.683442794827056,1.0861619479802131,0.7444405505666853,1.4278833453937412,0.6802758146239584,1.0921285034394068,0.7519905961274276,1.432266410751386,1.0702300403449274,-0.3533421941530135,0.021898463094479424,-0.031914759155250175,0.08536617715885207,0.3424393920733267,1.01811223717459,0.26960522757878824,1.0909464016691284,8,normalized_compact_thermal,spline_ridge
8,92.1,0.7944078951478141,1.0535181055203278,0.6563141579464208,1.4507220530942349,0.7580310889025939,1.0533996187394297,0.6743840742881327,1.4324151631907265,1.0702300403449274,-0.3533421941530135,-0.016830421605497674,0.07631131435555043,0.0839444548700093,0.42582112858687476,1.090241049218313,0.34736050185742373,1.168701675947764,8,normalized_compact_thermal,spline_ridge
8,92.3,0.7204347345698132,1.0334918549944265,0.6732744877095198,1.393709222279333,0.7138461387865223,1.0464658418503174,0.6895427724570563,1.4033889112435785,1.0702300403449274,-0.3533421941530135,-0.023764198494609944,0.016254362393119136,0.09683561955096048,0.33061942800510663,1.0970728495679378,0.30317555174135213,1.1245167258316924,8,normalized_compact_thermal,spline_ridge
8,92.5,0.9042482898724046,1.0504779668879505,0.5983538219517482,1.5026021118241528,0.7074929775952605,1.0777312615399406,0.7239847727423103,1.4314777503375709,1.0702300403449274,-0.3533421941530135,0.007501221195013197,0.0073146189786003,0.09643029398333153,0.3258703416862766,1.0891156135042444,0.2968223905500904,1.1181635646404307,8,normalized_compact_thermal,spline_ridge
8,92.7,0.9747264135650556,0.991303965300449,0.5039407585179213,1.4786671720829767,0.7466872380846794,1.0893514580159036,0.7160078389735639,1.4626950770582434,1.0702300403449274,-0.3533421941530135,0.01912141767097609,0.06123332197859737,0.08709305332509021,0.4020167076284749,1.091357768540884,0.3360166510395093,1.1573578251298495,8,normalized_compact_thermal,spline_ridge
8,92.9,1.0209791457059414,1.1938209017418902,0.6833313288889193,1.7043104745948607,0.7136057225546901,1.060288409403619,0.7034855481262738,1.417091270680964,1.0702300403449274,-0.3533421941530135,-0.009941630941308415,0.015917515679592105,0.09148499619778808,0.3515540896813308,1.0756573554280495,0.30293513550952,1.1242763095998602,8,normalized_compact_thermal,spline_ridge
8,93.1,0.6759185054248886,1.044811225132231,0.7068519724197867,1.3827704778446754,0.6132127768952944,1.0051887643448556,0.6985823758972084,1.3117951527925027,1.0702300403449274,-0.3533421941530135,-0.06504127600007183,-0.13570110162438065,0.0725357421155545,0.32615276742838295,0.9002727863622059,0.2025421898501243,1.0238833639404645,8,normalized_compact_thermal,spline_ridge
8,93.3,0.9287376073984475,1.1957529622563299,0.7313841585571061,1.6601217659555538,0.6718810972290151,1.036628438523496,0.7006878899089886,1.3725689871380036,1.0702300403449274,-0.3533421941530135,-0.033601601821431286,-0.04433169860876211,0.09038651823616238,0.3141766880121137,1.0295855064459165,0.261210510183845,1.0825516842741854,8,normalized_compact_thermal,spline_ridge
8,93.5,0.7880960646208804,1.1059003140384953,0.711852281728055,1.4999483463489354,0.7194731662261762,1.1079402426076383,0.7482036594945503,1.4676768257207264,1.0702300403449274,-0.3533421941530135,0.037710202262711025,0.02410614577318512,0.07561599100868084,0.4202230798312218,1.0187232526211305,0.30880257918100606,1.1301437532713463,8,normalized_compact_thermal,spline_ridge
8,93.7,0.7622532484991918,1.1672780724984948,0.7861514482488989,1.5484046967480907,0.7950860985585718,1.1445101439869039,0.7469670947076179,1.5420531932661898,1.0702300403449274,-0.3533421941530135,0.07428010364197647,0.12403732403485397,0.0906052634004328,0.43651600592691636,1.1536561911902272,0.3844155115134017,1.2057566856037418,8,normalized_compact_thermal,spline_ridge
8,93.9,0.8453829625838578,1.0905670256638489,0.66787554437192,1.513258506955778,0.7735231442339265,1.1703601529353949,0.7835985808184316,1.5571217250523581,1.0702300403449274,-0.3533421941530135,0.1001301125904675,0.09654250617647173,0.07985596205174957,0.45749338353959335,1.0895529049282597,0.3628525571887564,1.1841937312790967,8,normalized_compact_thermal,spline_ridge
8,94.1,1.0524321720764505,1.189203455599724,0.6629873695614986,1.7154195416379492,0.6823481262452008,1.0914912512003956,0.7503171880777952,1.432665314322996,1.0702300403449274,-0.3533421941530135,0.02126121085546815,-0.028873108180571816,0.0792933821013621,0.368544774231251,0.9961514782591506,0.2716775392000307,1.093018713290371,8,normalized_compact_thermal,spline_ridge
8,94.3,0.5247048602648128,1.0736739420256127,0.8113215118932063,1.3360263721580192,0.5976039619159175,1.1122739525796146,0.8134719716216559,1.4110759335375733,1.0702300403449274,-0.3533421941530135,0.0420439122346872,-0.16148482132044847,0.08675352273864599,0.2542771228664089,0.940930800965426,0.18693337487074735,1.0082745489610876,8,normalized_compact_thermal,spline_ridge
8,94.5,0.6778109695514951,1.0851745210514359,0.7462690362756884,1.4240800058271834,0.6673472634842303,1.0803513589978795,0.7466777272557643,1.4140249907399947,1.0702300403449274,-0.3533421941530135,0.010121318652952163,-0.05110253948794012,0.07789858083143662,0.35906383384332824,0.9756306931251324,0.2566766764390602,1.0780178505294005,8,normalized_compact_thermal,spline_ridge
8,94.7,1.0061092728704177,1.198983828125431,0.6959291916902222,1.70203846456064,0.6827875684929223,1.1205687371781232,0.7791749529316621,1.4619625214245844,1.0702300403449274,-0.3533421941530135,0.05033869683319589,-0.028229300734038953,0.09018211168375569,0.3258920976718739,1.0396830393139709,0.2721169814477522,1.0934581555380924,8,normalized_compact_thermal,spline_ridge
8,94.9,0.8152399200726552,1.1187117595506342,0.7110917995143065,1.5263317195869617,0.6463277424851235,1.1379653141627835,0.8148014429202217,1.4611291854053452,1.0702300403449274,-0.3533421941530135,0.067735273817856,-0.08310636839237001,0.08978082364469368,0.2910203680277765,1.0016351169424704,0.23565715543995336,1.0569983295302936,8,normalized_compact_thermal,spline_ridge
8,95.1,0.6896559834787696,1.064662776760669,0.7198347850212841,1.4094907685000535,0.7410215746509119,1.1151104727026289,0.7445996853771729,1.485621260028085,1.0702300403449274,-0.3533421941530135,0.04488043235770153,0.05361665563138798,0.09424908839140358,0.36803105415987786,1.1140120951419459,0.3303509876057418,1.151692161696082,8,normalized_compact_thermal,spline_ridge
8,95.3,0.6056748583513102,1.0337568509986608,0.7309194218230057,1.336594280174316,0.7045594029093072,1.1330109166814726,0.780731215226819,1.4852906181361263,1.0702300403449274,-0.3533421941530135,0.06278087633654511,0.0031595622016534694,0.08681251278880886,0.36099911089076125,1.048119694927853,0.29388881586413707,1.1152299899544773,8,normalized_compact_thermal,spline_ridge
8,95.5,0.659554438939346,1.0622095251679884,0.7324323056983155,1.3919867446376615,0.7401426856791519,1.13997702605776,0.7699056832181841,1.5100483688973358,1.0702300403449274,-0.3533421941530135,0.06974698571283258,0.05242990126733738,0.08594637756147244,0.4000101215545693,1.0802752498037345,0.32947209863398175,1.150813272724322,8,normalized_compact_thermal,spline_ridge
8,95.7,0.6825233127328709,1.0634302608875148,0.7221686045210792,1.4046919172539503,0.6982183736736088,1.1121641228620152,0.7630549360252108,1.4612733096988195,1.0702300403449274,-0.3533421941530135,0.04193408251708784,-0.005881174730152483,0.0799717209191056,0.38173049756486155,1.014706249782356,0.2875477866284387,1.108888960718779,8,normalized_compact_thermal,spline_ridge
8,95.9,0.888543149430323,1.2031522662837504,0.7588806915685888,1.6474238409989117,0.6636901207387063,1.0969976810337536,0.7651526206644005,1.4288427414031069,1.0702300403449274,-0.3533421941530135,0.026767640688826096,-0.056597729918801465,0.07194303800421414,0.37897573624026054,0.9484045052371519,0.25301953369353614,1.0743607077838764,8,normalized_compact_thermal,spline_ridge
10,25.5,0.8927281071823752,0.7557045672512166,0.309340513660029,1.202068620842404,0.672814809885848,1.102302033709218,0.765894628766294,1.438709438652142,1.0571227621651,-0.407956147714689,0.045179271544118035,0.011670989464492403,0.08727443416398058,0.35166150840694055,0.9939681113647554,0.22461610873073667,1.1210135110409594,10,normalized_compact_thermal,ridge
10,25.700000000000003,0.8117760293672148,0.8413840776874484,0.43549606300384097,1.2472720923710559,0.6521377222210705,1.0726017815429862,0.746532920432451,1.3986706426535216,1.0571227621651,-0.407956147714689,0.015479019377886132,-0.019543361246380175,0.08120169004563971,0.3533309629033805,0.9509444815387604,0.20393902106595918,1.1003364233761816,10,normalized_compact_thermal,ridge
10,25.89999999999999,0.7626323729592526,0.7752104520169185,0.39389426553729223,1.156526638496545,0.6561830336751205,1.0809686624230375,0.7528771455854772,1.4090601792605977,1.0571227621651,-0.407956147714689,0.023845900257937324,-0.013359366492075794,0.08280362977534397,0.35148144114661745,0.9608846262036237,0.20798433252000925,1.1043817348302318,10,normalized_compact_thermal,ridge
10,26.099999999999994,0.8016163566045447,0.8528934184943229,0.45208524019205043,1.2537015967965952,0.6680818275330274,1.0393771300782573,0.7053362163117436,1.373418043844771,1.0571227621651,-0.407956147714689,-0.0177456320868428,0.00461153107406484,0.08590919764617015,0.35195233651126456,0.9842113185547902,0.21988312637791607,1.1162805286881388,10,normalized_compact_thermal,ridge
10,26.299999999999997,0.7713493964724903,0.8714155723147333,0.48574087407848815,1.2570902705509786,0.6368964922453977,1.0402058708029636,0.7217576246802647,1.3586541169256625,1.0571227621651,-0.407956147714689,-0.016916891362136394,-0.043191981449025627,0.07771179586613247,0.3509318790647415,0.9228611054260538,0.1886977910902864,1.0850951934005089,10,normalized_compact_thermal,ridge
10,26.5,0.7284495809757091,0.8824001709048941,0.5181753804170395,1.2466249613927487,0.7321078738151297,1.1403376858401835,0.7742837489326186,1.5063916227477483,1.0571227621651,-0.407956147714689,0.08321492367508332,0.09612874043608202,0.0953005158720124,0.3814201197423411,1.0827956278879183,0.28390917266001836,1.180306574970241,10,normalized_compact_thermal,ridge
10,27.5,0.8026487711076454,0.9156131968476722,0.5142888112938494,1.3169375824014948,0.6841563578068781,1.0587298167283432,0.7166516378249042,1.4008079956317823,1.0571227621651,-0.407956147714689,0.0016070545632431363,0.028387353516548086,0.09364661848911968,0.33955463121637985,1.0287580843973765,0.23595765665176682,1.1323550589619895,10,normalized_compact_thermal,ridge
10,27.700000000000003,0.9415574805966799,0.9469468272372659,0.476168086938926,1.4177255675356057,0.6793543842024437,1.1389678076822911,0.7992906155810693,1.478644999783513,1.0571227621651,-0.407956147714689,0.08184504551719111,0.021343780907406344,0.0872535221157295,0.3582780350796398,1.0004307333252476,0.23115568304733236,1.127553085357555,10,normalized_compact_thermal,ridge
10,27.89999999999999,1.0802219399183342,0.9881351677430631,0.4480241977838961,1.52824613770223,0.6660463387158897,1.0910301825956978,0.758007013237753,1.4240533519536427,1.0571227621651,-0.407956147714689,0.033907420430597746,0.0015601145040145467,0.08130500642291005,0.36685939480032687,0.9652332826314525,0.2178476375607784,1.114245039871001,10,normalized_compact_thermal,ridge
10,28.099999999999994,0.8991347493811326,0.9918600373683473,0.542292662677781,1.4414274120589137,0.6531906171681073,1.0781415441070659,0.7515462355230123,1.4047368526911195,1.0571227621651,-0.407956147714689,0.021018781941965818,-0.01793013468320581,0.0890509979259996,0.3254998992862681,0.9808813350499466,0.20499191601299604,1.1013893183232186,10,normalized_compact_thermal,ridge
10,28.299999999999997,0.6176233503234891,0.9864014887099802,0.6775898135482357,1.2952131638717248,0.6646342477343692,1.0889581201413532,0.7566409962741686,1.4212752440085379,1.0571227621651,-0.407956147714689,0.03183535797625309,-0.0005622453259135698,0.0732171118261125,0.3952092160747435,0.9340592793939948,0.2164355465792579,1.1128329488894804,10,normalized_compact_thermal,ridge
10,28.5,0.6819671816607155,0.9222408671817177,0.58125727635136,1.2632244580120755,0.6828926592287518,1.1043410858265867,0.7628947562122108,1.4457874154409627,1.0571227621651,-0.407956147714689,0.04721832366148679,0.02653855523305137,0.08798491270514217,0.3591249319869085,1.006660386470595,0.23469395807364046,1.131091360383863,10,normalized_compact_thermal,ridge
10,28.700000000000003,0.8485695320424032,0.8375247820569037,0.4132400160357022,1.2618095480781053,0.6812170103940735,1.077843367932326,0.7372348627352894,1.4184518731293627,1.0571227621651,-0.407956147714689,0.020720605767225942,0.02408178842785528,0.07839439409840135,0.39274056567905374,0.9696934551090932,0.23301830923896216,1.1294157115491847,10,normalized_compact_thermal,ridge
10,28.89999999999999,0.9019788706771014,0.8448890988656508,0.39389966352710004,1.2958785342042014,0.7159690063230765,1.1073767501544103,0.749392246992872,1.4653612533159486,1.0571227621651,-0.407956147714689,0.050253987989310286,0.07383774749800412,0.09865565210529902,0.3529349896986802,1.0790030229474727,0.2677703051679652,1.1641677074781878,10,normalized_compact_thermal,ridge
10,29.099999999999994,0.8794830590049623,0.9158844260785066,0.4761428965760255,1.3556259555809878,0.6711594982536494,1.0896130611820987,0.754033312055274,1.4251928103089233,1.0571227621651,-0.407956147714689,0.032490299016998556,0.009207679772938342,0.09265841386675594,0.3301941765284354,1.0121248199788635,0.2229607970985381,1.1193581994087607,10,normalized_compact_thermal,ridge
10,29.299999999999997,0.9622624075186089,0.9870091504840015,0.5058779467246971,1.468140354243306,0.6730763702959183,1.06413717792971,0.7275989927817508,1.4006753630776692,1.0571227621651,-0.407956147714689,0.0070144157646100085,0.012059669347702362,0.08856530675625998,0.3471729034476172,0.9989798371442193,0.22487766914080698,1.1212750714510296,10,normalized_compact_thermal,ridge
10,29.5,0.6392177286024089,0.8878939742749783,0.5682851099737737,1.2075028385761828,0.7230508648532539,1.1430281374285052,0.7815027050018782,1.504553569855132,1.0571227621651,-0.407956147714689,0.08590537526340518,0.08368044091082308,0.10399561552016821,0.34036679954175186,1.1057349301647559,0.2748521636981426,1.171249566008365,10,normalized_compact_thermal,ridge
10,29.700000000000003,0.5618246111290024,0.8717428070423672,0.590830501477866,1.1526551126068685,0.6971077824280146,1.0869232264775726,0.7383693352635652,1.43547711769158,1.0571227621651,-0.407956147714689,0.0298004643124726,0.047140905167773126,0.0934666569676819,0.3531682799733992,1.04104728488263,0.24890908127290334,1.145306483583126,10,normalized_compact_thermal,ridge
10,29.89999999999999,0.9816459897306444,1.018625463975267,0.5278024691099448,1.5094484588405892,0.6622760430895089,1.065919476359258,0.7347814548145036,1.3970574979040125,1.0571227621651,-0.407956147714689,0.008796714194158083,-0.004116678725011612,0.1066987493857577,0.26964495980430814,1.0549071263747098,0.21407734193439765,1.1104747442446201,10,normalized_compact_thermal,ridge
10,30.099999999999994,0.6147317802183861,0.9344720484815808,0.6271061583723876,1.241837938590774,0.6421069017926008,1.116135781426529,0.7950823305302286,1.4371892323228292,1.0571227621651,-0.407956147714689,0.059013019261428865,-0.035044327743713674,0.06974102998468004,0.385473189495635,0.8987406140895665,0.19390820063748948,1.090305602947712,10,normalized_compact_thermal,ridge
10,30.299999999999997,0.5456879893269894,0.9854114386975081,0.7125674440340134,1.2582554333610028,0.6935000323031597,1.101727895212824,0.7549778790612441,1.448477911364404,1.0571227621651,-0.407956147714689,0.044605133047724024,0.041952155067335795,0.09204910177837207,0.3547768630558159,1.0322232015505035,0.24530133114804842,1.1416987334582709,10,normalized_compact_thermal,ridge
10,30.5,0.5297033861676624,0.952385290318833,0.6875335972350017,1.2172369834026642,0.6949211554870954,1.1171326467300915,0.7696720689865437,1.4645932244736393,1.0571227621651,-0.407956147714689,0.06000988456499144,0.04399926251962584,0.0891084200264585,0.36701913520820395,1.022823175765987,0.24672245433198414,1.1431198566422067,10,normalized_compact_thermal,ridge
10,30.700000000000003,0.6955913983752594,0.9036110133003329,0.5558153141127031,1.2514067124879626,0.7079288321013218,1.1065033289373787,0.7525389128867177,1.4604677449880397,1.0571227621651,-0.407956147714689,0.0493805667722786,0.06254443774293365,0.07941700901635246,0.41568935918465816,1.0001683050179855,0.25973013094621056,1.1561275332564331,10,normalized_compact_thermal,ridge
10,30.89999999999999,0.8513129466072067,1.0789496121825768,0.6532931388789733,1.50460608548618,0.7077091365281941,1.1394883115473282,0.7856337432832312,1.4933428798114252,1.0571227621651,-0.407956147714689,0.08236554938222825,0.062234053902206085,0.08640063513825463,0.38977124910071065,1.0256470239556776,0.2595104353730828,1.1559078376833054,10,normalized_compact_thermal,ridge
10,31.099999999999994,0.94177192235671,0.9062613432072117,0.43537538202885684,1.3771473043855667,0.6969217237901351,1.1585652763224699,0.8101044144274023,1.5070261382175374,1.0571227621651,-0.407956147714689,0.10144251415736985,0.04687396872467141,0.09157802661443129,0.3599320214577419,1.0339114261225282,0.24872302263502377,1.1451204249452465,10,normalized_compact_thermal,ridge
10,31.299999999999997,0.7803706009656038,0.9053673165388705,0.5151820160560686,1.2955526170216725,0.6884555742424863,1.0841460184407974,0.7399182313195543,1.4283738055620405,1.0571227621651,-0.407956147714689,0.027023256275697367,0.03465165939091888,0.0758562272206834,0.40931910039398584,0.9675920480909868,0.24025687308737498,1.1366542753975977,10,normalized_compact_thermal,ridge
10,31.5,0.8460098768238864,0.9433206885022603,0.520315750090317,1.3663256269142035,0.6982890708516962,1.1007716767644604,0.7516271413386123,1.4499162121903084,1.0571227621651,-0.407956147714689,0.04364891459936043,0.048834027383294044,0.08751986070813304,0.3762326464172503,1.0203454952861422,0.25009036969658494,1.1464877720068074,10,normalized_compact_thermal,ridge
10,31.700000000000003,0.6276435173005626,0.876560090407738,0.5627383317574567,1.1903818490580191,0.7265079206491702,1.127361844425963,0.7641078841013779,1.490615804750548,1.0571227621651,-0.407956147714689,0.07023908226086298,0.08845025415994834,0.10603625836178023,0.33631467820004696,1.1167011630982935,0.27830921949405896,1.1747066218042814,10,normalized_compact_thermal,ridge
10,31.89999999999999,0.7904156942901547,0.8818975589678826,0.4866897118228052,1.2771054061129599,0.7111081566419466,1.0907399096773729,0.7351858313563996,1.446293987998346,1.0571227621651,-0.407956147714689,0.033617147512272766,0.06702540601320227,0.09799541060545779,0.350503703033095,1.0717126102507981,0.2629094554868353,1.1593068577970578,10,normalized_compact_thermal,ridge
10,32.099999999999994,0.7226393863933714,0.8274398464640754,0.4661201532673898,1.188759539660761,0.6624983200841681,1.0797016391186078,0.7484524790765238,1.410950799160692,1.0571227621651,-0.407956147714689,0.022578876953507895,-0.003781109132296172,0.0953925816088552,0.3114717816282622,1.013524858540074,0.2142996189290568,1.1106970212392793,10,normalized_compact_thermal,ridge
10,32.3,0.6366291253190836,0.8676006901505002,0.5492861274909585,1.185915252810042,0.6701472454186309,1.1438417193250248,0.8087680966157094,1.4789153420343402,1.0571227621651,-0.407956147714689,0.0867189571599248,0.0076983262533714125,0.09210672306741115,0.33121204079818345,1.0090824500390783,0.22194854426351962,1.1183459465737422,10,normalized_compact_thermal,ridge
10,32.5,0.5700905865629554,0.9131246809380917,0.628079387656614,1.1981699742195695,0.6698765335484853,1.074627173942226,0.7396889071679833,1.4095654407164686,1.0571227621651,-0.407956147714689,0.017504411777125965,0.007294285850391331,0.05972659553534924,0.4500940333694212,0.8896590337275494,0.22167783239337402,1.1180752347035967,10,normalized_compact_thermal,ridge
10,32.7,0.6717173091507896,0.9230917440202137,0.5872330894448188,1.2589503985956085,0.6656818362080307,1.0718459684380917,0.7390050503340764,1.404686886542107,1.0571227621651,-0.407956147714689,0.014723206272991587,0.0010127017153918894,0.059059787980324026,0.4483530608774722,0.8830106115385892,0.21748313505291939,1.113880537363142,10,normalized_compact_thermal,ridge
10,32.89999999999999,0.615070569245959,0.9828501810546517,0.6753148964316723,1.2903854656776312,0.6717078310951973,1.0930778121739662,0.7572238966263676,1.4289317277215647,1.0571227621651,-0.407956147714689,0.035955050008866035,0.010024339557622886,0.07992272944922882,0.37760740327003856,0.965808258920356,0.22350912994008598,1.1199065322503086,10,normalized_compact_thermal,ridge
10,33.099999999999994,0.5459643315222221,0.9579637531772514,0.6849815874161403,1.2309459189383625,0.7281871429387186,1.1183480114644908,0.7542544399951315,1.4824415829338502,1.0571227621651,-0.407956147714689,0.06122524929939087,0.09075894837008858,0.0840122618679975,0.4190380144216151,1.037336271455822,0.27998844178360727,1.1763858440938297,10,normalized_compact_thermal,ridge
10,33.3,0.7090026737387304,0.8931093100495312,0.5386079731801661,1.2476106469188963,0.6960409136928679,1.131572296047136,0.7835518392007019,1.47959275289357,1.0571227621651,-0.407956147714689,0.07444953388203601,0.0456093113807344,0.08787195688654953,0.37268884235770305,1.0193929850280328,0.24784221253775662,1.1442396148479792,10,normalized_compact_thermal,ridge
10,33.5,0.5738714716831044,0.9137833970671768,0.6268476612256246,1.200719132908729,0.6860142562160993,1.0751573351009387,0.732150206992889,1.4181644632089885,1.0571227621651,-0.407956147714689,0.01803457293583875,0.03109927789862313,0.06710322888173069,0.43908714976507,0.9329413626671287,0.23781555506098806,1.1342129573712105,10,normalized_compact_thermal,ridge
10,33.7,0.6351006121029282,0.8784043502082508,0.5608540441567867,1.1959546562597148,0.6933890092691917,1.0811360911919237,0.7344415865573278,1.4278305958265194,1.0571227621651,-0.407956147714689,0.02401332902682368,0.04179205136635139,0.0845518812810096,0.38225418405074574,1.0045238344876375,0.24519030811408038,1.1415877104243028,10,normalized_compact_thermal,ridge
10,33.89999999999999,0.507258771660381,0.9283957707715611,0.6747663849413705,1.1820251566017517,0.65770386109105,1.0715379136151733,0.7426859830696483,1.4003898441606983,1.0571227621651,-0.407956147714689,0.01441515145007332,-0.011044360381282203,0.08972355239484898,0.3275382708119914,0.9878694513701085,0.20950515993593866,1.1059025622461611,10,normalized_compact_thermal,ridge
10,34.099999999999994,0.635592959591708,0.9038975855177246,0.5861011057218706,1.2216940653135786,0.7056033072901264,1.1270576552311788,0.7742560015861156,1.4798593088762422,1.0571227621651,-0.407956147714689,0.06993489306607872,0.059254060616708654,0.0935416087242243,0.36138799664155574,1.0498186179386972,0.25740460613501515,1.1538020084452376,10,normalized_compact_thermal,ridge
10,34.3,0.6124362428562852,0.917867091119665,0.6116489696915224,1.2240852125478077,0.7160698234954753,1.1053395131867232,0.7473046014389855,1.463374424934461,1.0571227621651,-0.407956147714689,0.04821675102162319,0.07397854978697299,0.09139972751962407,0.37973622788547523,1.0524034191054754,0.26787112234036403,1.1642685246505866,10,normalized_compact_thermal,ridge
10,34.5,0.8230736732244057,0.7828691336387043,0.37133229702650145,1.1944059702509071,0.7031272974506156,1.09425109635296,0.7426874476276522,1.4458147450782677,1.0571227621651,-0.407956147714689,0.03712833418785995,0.05573882160531871,0.0890995509366922,0.37525791373347156,1.0309966811677598,0.25492859629550435,1.151325998605727,10,normalized_compact_thermal,ridge
10,34.7,0.5706132623856743,0.9293208169809191,0.6440141857880819,1.2146274481737562,0.7212398340582189,1.126659793619309,0.7660398765901996,1.4872797106484184,1.0571227621651,-0.407956147714689,0.06953703145420907,0.08117259156224327,0.09250702484600389,0.380831595106304,1.0616480730101339,0.2730411329031076,1.16943853521333,10,normalized_compact_thermal,ridge
10,34.89999999999999,0.49873534611379694,0.9369176026653215,0.6875499296084231,1.18628527572222,0.7489907460930754,1.1169934855372412,0.7424981124907035,1.4914888585837789,1.0571227621651,-0.407956147714689,0.05987072337214107,0.11892749715752696,0.0878010256830113,0.4258996880822865,1.0720818041038642,0.3007920449379641,1.1971894472481868,10,normalized_compact_thermal,ridge
10,35.099999999999994,0.6153281288692677,0.9703226493473635,0.6626585849127296,1.2779867137819974,0.716275333460373,1.1126221670870255,0.754484500356839,1.470759833817212,1.0571227621651,-0.407956147714689,0.055499404921925455,0.07426550571419469,0.07888758009647598,0.42598405817048823,1.0065666087502576,0.2680766323052617,1.1644740346154843,10,normalized_compact_thermal,ridge
10,35.3,0.7927327830035853,0.9292015482538866,0.5328351567520939,1.3255679397556792,0.7514298118935415,1.1386136171879981,0.7628987112412273,1.514328523134769,1.0571227621651,-0.407956147714689,0.08149085502289802,0.12217867621652709,0.07486581569273887,0.4759378639026883,1.0269217598843947,0.30323111073843023,1.1996285130486528,10,normalized_compact_thermal,ridge
10,35.5,0.8897065015193703,0.9525640891402589,0.5077108383805737,1.397417339899944,0.6996422984401777,1.1016192481921805,0.7517980989720916,1.4514403974122694,1.0571227621651,-0.407956147714689,0.04449648602708037,0.050770070941505166,0.08842352191882401,0.3742605727991202,1.0250240240812352,0.2514435972850664,1.147840999595289,10,normalized_compact_thermal,ridge
10,35.7,0.6187588805450355,0.9468251453604283,0.6374457050879105,1.256204585632946,0.7524563962733662,1.1120274999392514,0.7357993018025684,1.4882556980759345,1.0571227621651,-0.407956147714689,0.05490473777415142,0.12354391852502482,0.09793855992751895,0.39206114233548667,1.1128516502112458,0.30425769511825496,1.2006550974284775,10,normalized_compact_thermal,ridge
10,35.89999999999999,0.9585429640855148,1.0795325327647691,0.6002610507220117,1.5588040148075264,0.7183257887466337,1.1153412494267148,0.7561783550533979,1.4745041438000315,1.0571227621651,-0.407956147714689,0.05821848726161481,0.07712407964221626,0.09283707732267124,0.37670301951951984,1.0599485579737475,0.2701270875915224,1.1665244899017448,10,normalized_compact_thermal,ridge
10,36.099999999999994,0.6681896579158229,0.9793542475638957,0.6452594186059842,1.3134490765218072,0.7323470211385795,1.1035978116743546,0.7374243011050647,1.4697713222436444,1.0571227621651,-0.407956147714689,0.04647504950925457,0.0964553429506419,0.09015078123175581,0.4006093100801204,1.0640847321970386,0.28414831998346823,1.1805457222936908,10,normalized_compact_thermal,ridge
10,36.3,0.648302882573249,0.9223742467895825,0.5982228055029579,1.246525688076207,0.7261545118428704,1.0749799872583694,0.7119027313369342,1.4380572431798047,1.0571227621651,-0.407956147714689,0.01785722509326939,0.08796368714290786,0.09426889279786409,0.3792629342714619,1.0730460894142788,0.2779558106877591,1.1743532129979817,10,normalized_compact_thermal,ridge
10,36.5,0.6354901457583686,0.9387696107125901,0.6210245378334058,1.2565146835917744,0.725380406417015,1.1120134876026948,0.7493232843941873,1.4747036908112023,1.0571227621651,-0.407956147714689,0.05489072543759481,0.08689708448732542,0.08803105258275869,0.40144289321014853,1.0493179196238813,0.27718170526190367,1.1735791075721262,10,normalized_compact_thermal,ridge
10,36.699999999999996,0.6893384919554889,0.9240481881871245,0.5793789422093801,1.268717434164869,0.7540985798319494,1.1300995199047899,0.7530502299888151,1.5071488098207646,1.0571227621651,-0.407956147714689,0.07297675773968988,0.12572397067714602,0.09611946479218521,0.4003972496532199,1.1077999100106788,0.3058998786768381,1.2022972809870607,10,normalized_compact_thermal,ridge
10,36.9,0.5265826713538401,0.9096031419273962,0.6463118062504761,1.1728944776043162,0.6989918962671925,1.0503820482818425,0.7008861001482463,1.3998779964154386,1.0571227621651,-0.407956147714689,-0.006740713883257481,0.049840017576115496,0.09150096275015215,0.3622857742831,1.035698018251285,0.2507931951120812,1.1471905974223038,10,normalized_compact_thermal,ridge
10,37.099999999999994,0.6775231428083309,0.9148212880839497,0.5760597166797842,1.253582859488115,0.7070277108327021,1.0599004679297648,0.7063866125134137,1.4134143233461158,1.0571227621651,-0.407956147714689,0.0027777057646648246,0.061270728815339626,0.10207089926949993,0.3314262348754985,1.0826291867899056,0.2588290096775908,1.1552264119878135,10,normalized_compact_thermal,ridge
10,37.3,0.4954560496177196,0.971456256931843,0.7237282321229831,1.2191842817407028,0.7314247222675001,1.1208999891644909,0.7551876280307408,1.486612350298241,1.0571227621651,-0.407956147714689,0.06377722699939092,0.09519517517204282,0.09340078999544651,0.387727597730249,1.0751218468047512,0.2832260211123888,1.1796234234226115,10,normalized_compact_thermal,ridge
10,37.5,0.6564547299146015,0.9402368088691455,0.6120094439118446,1.2684641738264464,0.743504778992732,1.1140096510740203,0.7422572615776543,1.4857620405703864,1.0571227621651,-0.407956147714689,0.056886888908920186,0.11157606230912112,0.09602427955362995,0.3901537123694974,1.0968558456159667,0.29530607783762075,1.1917034801478432,10,normalized_compact_thermal,ridge
10,37.699999999999996,0.6408212216890212,0.9103788217896314,0.5899682109451208,1.230789432634142,0.6982498627269228,1.0776882684513212,0.7285633370878597,1.4268131998147826,1.0571227621651,-0.407956147714689,0.02056550628622117,0.04877787696193314,0.08921966554917425,0.3699384801045553,1.0265612453492903,0.2500511615718115,1.146448563882034,10,normalized_compact_thermal,ridge
10,37.9,0.49713900701750063,0.9808456391632263,0.7322761356544759,1.2294151426719766,0.684079892985328,1.061552051345648,0.719512104852984,1.403591997838312,1.0571227621651,-0.407956147714689,0.0044292891805479025,0.02827558214433741,0.0776070031942402,0.39850089688568047,0.9696588890849756,0.23588119183021672,1.1322785941404394,10,normalized_compact_thermal,ridge
10,38.099999999999994,0.5575984158941445,0.9328327948780282,0.6540335869309559,1.2116320028251004,0.688033556925398,1.0706941796691718,0.7266774012064727,1.4147109581318709,1.0571227621651,-0.407956147714689,0.013571417504071773,0.03403848007732273,0.08960493386370154,0.35830446025709156,1.0177626535937045,0.23983485577028674,1.1362322580805093,10,normalized_compact_thermal,ridge
10,38.3,0.5523926372273174,0.9404138212961131,0.6642175026824543,1.2166101399097717,0.6822664643875899,1.088306531330059,0.7471732991362641,1.429439763523854,1.0571227621651,-0.407956147714689,0.03118376916495912,0.025621160514374363,0.08814486495967776,0.3579101433024845,1.0066227854726952,0.23406776323247858,1.1304651655427012,10,normalized_compact_thermal,ridge
10,38.5,0.7598614042405709,0.9700150940323834,0.5900843919120979,1.3499457961526689,0.7399099527995587,1.1176028451220101,0.7476478687222308,1.4875578215217895,1.0571227621651,-0.407956147714689,0.06048008295691015,0.10672936212049604,0.10090060875507322,0.3686149231229625,1.111204982476155,0.29171125164444744,1.1881086539546701,10,normalized_compact_thermal,ridge
10,38.699999999999996,0.6101715457355114,0.9394872481232337,0.634401475255478,1.2445730209909893,0.7341581734845856,1.100608781194747,0.7335296944524541,1.4676878679370398,1.0571227621651,-0.407956147714689,0.043486019029646814,0.09892536934191681,0.11684435121606492,0.3041932070925453,1.1641231398766259,0.2859594723294743,1.1823568746396969,10,normalized_compact_thermal,ridge
10,38.9,0.6940333849460065,0.8817415343719608,0.5347248418989575,1.228758226844964,0.7051041671260381,1.0598214349161448,0.7072693513531257,1.4123735184791637,1.0571227621651,-0.407956147714689,0.0026986727510447586,0.05854641541886345,0.10343249319512075,0.3244922847574317,1.0857160494946445,0.2569054659709268,1.1533028682811493,10,normalized_compact_thermal,ridge
10,39.099999999999994,0.9375438559566008,0.7597416802828658,0.2909697523045654,1.2285136082611663,0.6926173436870973,1.0594896143551538,0.7131809425116051,1.4057982861987024,1.0571227621651,-0.407956147714689,0.0023668521900536994,0.04067854180677255,0.09499561483503693,0.3430515673800428,1.0421831199941518,0.24441864253198597,1.1408160448422087,10,normalized_compact_thermal,ridge
10,39.3,0.8413130087840622,0.837747748844472,0.41709124445244083,1.2584042532365032,0.6872191481045531,1.0994438361802081,0.7558342621279316,1.4430534102324848,1.0571227621651,-0.407956147714689,0.04232107401510808,0.03285410296165922,0.09107665418960485,0.3520744008388517,1.0223638953702545,0.2390204469494418,1.1354178492596643,10,normalized_compact_thermal,ridge
10,39.5,0.6217054384336091,1.0008839203430484,0.6900312011262437,1.3117366395598529,0.7021277777952434,1.0558679754169726,0.704804086519351,1.4069318643145943,1.0571227621651,-0.407956147714689,-0.0012547867481275026,0.054316275846140086,0.078167204136079,0.41448734888670374,0.989768206703783,0.2539290766401321,1.1503264789503547,10,normalized_compact_thermal,ridge
10,39.699999999999996,0.6897990783471591,0.9773911190613664,0.6324915798877868,1.322290658234946,0.7221555916501536,1.0766600930153756,0.7155822971902988,1.4377378888404524,1.0571227621651,-0.407956147714689,0.019537330850275505,0.08244148530888433,0.08961124542228627,0.3924032696479177,1.0519079136523897,0.27395689049504235,1.170354292805265,10,normalized_compact_thermal,ridge
10,39.9,0.579733363615311,0.9510812717131184,0.6612145899054629,1.240947953520774,0.7423494651823086,1.0952996335538052,0.7241249009626509,1.4664743661449595,1.0571227621651,-0.407956147714689,0.038176871388705125,0.11002097835956696,0.09790844239756329,0.3820650380205669,1.1026338923440502,0.2941507640271973,1.19054816633742,10,normalized_compact_thermal,ridge
10,40.099999999999994,0.8884282891209146,1.0643097696378563,0.620095625077399,1.5085239141983136,0.7104779582935917,1.0476941920685787,0.6924552129217829,1.4029331712153745,1.0571227621651,-0.407956147714689,-0.009428570096521307,0.06613879297862614,0.09915033076265838,0.3456236183923511,1.0753322981948323,0.26227925713848044,1.158676659448703,10,normalized_compact_thermal,ridge
10,40.3,0.9187799301978148,1.167174600757892,0.7077846356589845,1.6265645658567993,0.7416979216040362,1.1271526361111452,0.7563036753091271,1.4980015969131633,1.0571227621651,-0.407956147714689,0.07002987394604517,0.1091429152654435,0.10513199534289365,0.3548321949011057,1.1285636483069668,0.29349922044892496,1.1898966227591474,10,normalized_compact_thermal,ridge
10,40.5,0.57593404224902,0.9540028265027527,0.6660358053782428,1.2419698476272627,0.7867621546850426,1.1384667792790941,0.7450857019365729,1.5318478566216154,1.0571227621651,-0.407956147714689,0.08134401711399405,0.16812685379197553,0.11188110087714652,0.37506100458329233,1.198463304786793,0.33856345352993134,1.234960855840154,10,normalized_compact_thermal,ridge
10,40.699999999999996,0.4983942130829573,0.9356543385020777,0.6864572319605992,1.1848514450435563,0.7310768648163682,1.1067709710942457,0.7412325386860616,1.4723094035024298,1.0571227621651,-0.407956147714689,0.04964820892914566,0.09471947318202266,0.0996218771594091,0.3644873239531548,1.0976664056795817,0.28287816366125695,1.1792755659714795,10,normalized_compact_thermal,ridge
10,40.9,0.6957297682646469,0.9920004343378532,0.6441355502055298,1.3398653184701768,0.7925606267414459,1.1675164999756364,0.7712361866049136,1.5637968133463593,1.0571227621651,-0.407956147714689,0.11039373781053649,0.1754698721780855,0.11060717661097556,0.3855472753958146,1.199573978087077,0.3443619255863346,1.2407593278965572,10,normalized_compact_thermal,ridge
10,41.099999999999994,0.48633999157398283,0.9421664171638684,0.698996421376877,1.18533641295086,0.7512829193340936,1.0922124506485063,0.7165709909814595,1.467853910315553,1.0571227621651,-0.407956147714689,0.035089688483406226,0.12198317303502983,0.09594608063273358,0.39821960985140686,1.1043462288167805,0.30308421817898235,1.199481620489205,10,normalized_compact_thermal,ridge
10,41.3,0.5367340317854326,0.9359092218783702,0.6675422059856538,1.2042762377710865,0.6900356432608802,1.0893622021427978,0.7443443805123577,1.4343800237732378,1.0571227621651,-0.407956147714689,0.03223943997769767,0.036944121889511745,0.0962461342361858,0.3358681936449183,1.044203092876842,0.2418369421057689,1.1382343444159915,10,normalized_compact_thermal,ridge
10,41.5,0.9258388006390402,0.8161241637778156,0.35320476345829543,1.2790435640973357,0.716221791980745,1.0583031090517825,0.70019221306141,1.416414005042155,1.0571227621651,-0.407956147714689,0.001180346886682504,0.07419075306205739,0.0979629654243002,0.35573673046129106,1.076706853500199,0.2680230908256337,1.1644204931358564,10,normalized_compact_thermal,ridge
10,41.699999999999996,0.6304538599390368,0.9530121942076235,0.6377852642381051,1.268239124177142,0.7432400753189734,1.1160313102887143,0.7444112726292276,1.487651347948201,1.0571227621651,-0.407956147714689,0.05890854812361422,0.11121997743579802,0.09433019802643075,0.39612290617838775,1.090357244459559,0.2950413741638621,1.1914387764740848,10,normalized_compact_thermal,ridge
10,41.9,1.3272942715565712,1.0091427101717132,0.34549557439342754,1.6727898459499988,0.7358464035002309,1.0671285073952277,0.6992053056451122,1.4350517091453432,1.0571227621651,-0.407956147714689,0.01000574523012766,0.1012222747860276,0.10662763979934553,0.3434769899544198,1.128215817046042,0.2876477023451196,1.1840451046553422,10,normalized_compact_thermal,ridge
10,42.099999999999994,0.790139584112092,1.1043868897730398,0.7093170977169937,1.4994566818290858,0.7528905708581886,1.1243260535525994,0.7478807681235051,1.5007713389816937,1.0571227621651,-0.407956147714689,0.06720329138749943,0.12412076174634389,0.12410845318878556,0.2961950922243228,1.2095860494920543,0.30469186970307727,1.2010892720133,10,normalized_compact_thermal,ridge
10,42.3,0.8248662172768384,1.0893630615411276,0.6769299529027083,1.5017961701795468,0.800110578304916,1.184777994562565,0.7847227054101069,1.584833283715023,1.0571227621651,-0.407956147714689,0.12765523239746498,0.18495080972972214,0.10901046174963705,0.3989728336492785,1.2012483229605535,0.35191187714980476,1.2483092794600275,10,normalized_compact_thermal,ridge
10,42.5,0.5372798347727097,0.9819208830475703,0.7132809656612155,1.2505608004339253,0.7397938836375462,1.1053670791965762,0.7354701373778031,1.4752640210153491,1.0571227621651,-0.407956147714689,0.04824431703147615,0.10657248050757807,0.09604380780906853,0.38637095675229666,1.0932168105227957,0.2915951824824349,1.1879925847926573,10,normalized_compact_thermal,ridge
10,42.699999999999996,0.4269518771123401,0.9942455399708837,0.7807696014147136,1.2077214785270538,0.7208093662269176,1.0941422159314258,0.7337375328179669,1.4545468990448847,1.0571227621651,-0.407956147714689,0.03701945376632568,0.08057556915274117,0.11221216853948517,0.30788995015998,1.133728782293855,0.2726106650718063,1.169008067382029,10,normalized_compact_thermal,ridge
10,42.9,0.5741569267287022,0.9479860485427917,0.6609075851784405,1.2350645119071428,0.7080507875836615,1.0523525052939722,0.6983271115021414,1.406377899085803,1.0571227621651,-0.407956147714689,-0.004770256871127797,0.06271669372874838,0.1003205378678793,0.33889030833181044,1.0772112668355125,0.2598520864285502,1.1562494887387729,10,normalized_compact_thermal,ridge
10,43.099999999999994,0.6347095569191514,0.9034953734056257,0.58614059494605,1.2208501518652013,0.7364057065150365,1.0493315730209316,0.6811287197634134,1.4175344262784497,1.0571227621651,-0.407956147714689,-0.007791189144168491,0.10198206726709406,0.115109294556628,0.31282541829099403,1.159985994739079,0.28820700535992516,1.1846044076701476,10,normalized_compact_thermal,ridge
10,43.3,0.7621775551219186,0.918417115206965,0.5373283376460056,1.2995058927679244,0.715334466452016,1.081097341279239,0.723430108053231,1.438764574505247,1.0571227621651,-0.407956147714689,0.023974579114139034,0.0729510872967243,0.1020404292998084,0.339845114182077,1.090823818721955,0.26713576529690475,1.1635331676071274,10,normalized_compact_thermal,ridge
10,43.5,0.6727262737285064,0.9721490719270354,0.6357859350627822,1.3085122087912886,0.7412727023035709,1.143526592432837,0.7728902412810517,1.5141629435846224,1.0571227621651,-0.407956147714689,0.08640383026773696,0.10856944562920987,0.10956390162439739,0.33809840427864535,1.1444470003284963,0.2930740011484596,1.1894714034586822,10,normalized_compact_thermal,ridge
10,43.699999999999996,0.6848703640313875,1.0640853882955632,0.7216502062798695,1.406520570311257,0.7211068045191793,1.068757925196534,0.7082045229369444,1.4293113274561238,1.0571227621651,-0.407956147714689,0.011635163031433991,0.08098812891525024,0.11731786276347327,0.2893994057848926,1.152814203253466,0.272908103364068,1.1693055056742905,10,normalized_compact_thermal,ridge
10,43.9,0.6210978290700077,0.9937774450286816,0.6832285304936777,1.3043263595636854,0.7521756308505337,1.1351558034057099,0.759067987980443,1.5112436188309768,1.0571227621651,-0.407956147714689,0.07803304124060986,0.12317071707639166,0.10988218980225466,0.34783009293021677,1.1565211687708508,0.30397692969542245,1.200374332005645,10,normalized_compact_thermal,ridge
10,44.099999999999994,0.6364485641180385,0.9763855387681666,0.6581612567091474,1.294609820827186,0.783660728463817,1.1469054255639046,0.7550750613319961,1.5387357897958132,1.0571227621651,-0.407956147714689,0.0897826633988046,0.16417705111576472,0.12591650506100013,0.32031196317654453,1.2470094937510894,0.33546202730870567,1.2318594296189282,10,normalized_compact_thermal,ridge
10,44.3,0.5249839637498314,0.9482245577762718,0.6857325759013562,1.2107165396511874,0.707892628337532,1.0785980204293593,0.7246517062605933,1.4325443345981252,1.0571227621651,-0.407956147714689,0.0214752582642592,0.06249329603501455,0.09898234418639909,0.34365644705383613,1.0721288096212278,0.2596939271824207,1.1560913294926434,10,normalized_compact_thermal,ridge
10,44.5,0.6014586824890188,0.9143155425358471,0.6135862012913378,1.2150448837803565,0.7024677246572886,1.0559366290558652,0.7047027667272209,1.4071704913845093,1.0571227621651,-0.407956147714689,-0.0011861331092348597,0.05480032533667205,0.08909494346530167,0.3746152955576417,1.0303201537569353,0.2542690235021773,1.1506664258123998,10,normalized_compact_thermal,ridge
10,44.699999999999996,0.45949067949053135,0.9809920808353828,0.7512467410901171,1.2107374205806485,0.6662524662576637,1.0364177843289974,0.7032915512001656,1.3695440174578293,1.0571227621651,-0.407956147714689,-0.020704977836102617,0.0018695459058129596,0.07889574935268029,0.37593112966029785,0.9565738028550295,0.21805376510255237,1.114451167412775,10,normalized_compact_thermal,ridge
10,44.9,0.6453288234710737,0.9772174587072364,0.6545530469716996,1.2998818704427733,0.7208230380675257,1.0975387723206054,0.7371272532868425,1.4579502913543683,1.0571227621651,-0.407956147714689,0.040416010155505375,0.08059453631880623,0.10152614289792367,0.34722616184115124,1.0944199142939002,0.2726243369124144,1.169021739222637,10,normalized_compact_thermal,ridge
10,45.099999999999994,0.5619118690928797,0.9328201954342337,0.6518642608877939,1.2137761299806735,0.6671090203871934,1.0887946328370142,0.7552401226434174,1.422349143030611,1.0571227621651,-0.407956147714689,0.03167187067191404,0.003154350148228735,0.0719681702795052,0.4022798558321711,0.9319381849422158,0.21891031923208215,1.1153077215423046,10,normalized_compact_thermal,ridge
10,45.3,0.7059709000292759,0.909389071202877,0.556403621188239,1.262374521217515,0.6543859717519283,1.0337691439968546,0.7065761581208905,1.3609621298728187,1.0571227621651,-0.407956147714689,-0.023353618168245386,-0.016101783018082953,0.08105012559465533,0.35613694075739205,0.9526350027464645,0.20618727059681696,1.1025846729070397,10,normalized_compact_thermal,ridge
10,45.5,0.8705355962886977,0.730687854388784,0.2954200562444352,1.165955652533133,0.7159736567247119,1.1280529247845987,0.7700660964222428,1.4860397531469547,1.0571227621651,-0.407956147714689,0.0709301626194986,0.07384424273242299,0.09580659461005207,0.3634236292486453,1.0685236842007786,0.2677749555696006,1.1641723578798233,10,normalized_compact_thermal,ridge
10,45.699999999999996,0.6680233906469786,0.9625763166235322,0.6285646213000429,1.2965880119470214,0.7475058663192776,1.1314046781288067,0.757651744969168,1.5051576112884455,1.0571227621651,-0.407956147714689,0.07428191596370674,0.11694302188536478,0.09354027341940607,0.40329546933820837,1.0917162633003468,0.29930716516416633,1.195704567474389,10,normalized_compact_thermal,ridge
10,45.9,0.7198320950500401,0.9743546504593046,0.6144386029342844,1.3342706979843246,0.7158682370476241,1.080763671695273,0.722829553171461,1.4386977902190852,1.0571227621651,-0.407956147714689,0.02364090953017309,0.0736969922884505,0.11466766802482688,0.29391305037900545,1.1378234237162428,0.26766953589251286,1.1640669382027355,10,normalized_compact_thermal,ridge
10,46.099999999999994,0.5069147663072718,1.0044872285165,0.7510298453628642,1.257944611670136,0.7112285141848236,1.0787100443216826,0.7230957872292708,1.4343243014140943,1.0571227621651,-0.407956147714689,0.021587282156582517,0.0671946451893171,0.09385295695854054,0.36586750131179147,1.0565895270578558,0.2630298130297123,1.1594272153399348,10,normalized_compact_thermal,ridge
10,46.3,0.7700505095935758,0.9136554695407351,0.5286302147439471,1.298680724337523,0.7140864752454296,1.089155822210385,0.7321125845876701,1.4461990598330998,1.0571227621651,-0.407956147714689,0.032033060045285014,0.07120493752757065,0.10149071641667019,0.34061996172519377,1.0875529887656654,0.2658877740903183,1.1622851764005409,10,normalized_compact_thermal,ridge
10,46.5,0.5021360254084657,0.9597198176164676,0.7086518049122347,1.2107878303207005,0.6723914966735295,1.0745788918311745,0.7383831434944097,1.4107746401679393,1.0571227621651,-0.407956147714689,0.01745612966607447,0.011041623954938615,0.08801116895547337,0.34852715142941443,0.9962558419176446,0.2241927955184182,1.1205901978286408,10,normalized_compact_thermal,ridge
10,46.699999999999996,0.4727660230873074,0.9790664446574207,0.7426834331137669,1.2154494562010743,0.6862712397808328,1.0415453168073867,0.6984096969169703,1.3846809366978032,1.0571227621651,-0.407956147714689,-0.015577445357713306,0.03147381157763832,0.09704293449004016,0.32917171693408087,1.0433707626275848,0.23807253862572153,1.134469940935944,10,normalized_compact_thermal,ridge
10,46.9,0.48547867231741987,0.9783086295211936,0.7355692933624837,1.2210479656799036,0.6445986418848453,1.042361000174805,0.7200616792323823,1.3646603211172277,1.0571227621651,-0.407956147714689,-0.014761761990295195,-0.03117126879983287,0.08332463977709259,0.3379798317453897,0.9512174520243009,0.196399940729734,1.0927973430399565,10,normalized_compact_thermal,ridge
10,47.099999999999994,0.5682177864280662,0.9322390748172472,0.6481301816032141,1.2163479680312803,0.6870914774163961,1.0542512011510878,0.7107054624428898,1.397796939859286,1.0571227621651,-0.407956147714689,-0.0028715610140122973,0.03266830699071431,0.08868029024804136,0.3607648932101322,1.01341806162266,0.2388927762612848,1.1352901785715073,10,normalized_compact_thermal,ridge
10,47.3,0.5153589150124387,0.9336624436518082,0.6759829861455888,1.1913419011580275,0.6421761395317224,1.0877572290455098,0.7666691592796486,1.4088452988113709,1.0571227621651,-0.407956147714689,0.03063446688040965,-0.03493650456617288,0.07779655468997931,0.3558996300166054,0.9284526490468393,0.19397743837661108,1.0903748406868337,10,normalized_compact_thermal,ridge
10,47.5,0.626771102145284,0.9791314984686246,0.6657459473959827,1.2925170495412666,0.6701584594873767,1.085211693341984,0.7501324635982956,1.4202909230856724,1.0571227621651,-0.407956147714689,0.02808893117688401,0.007715059851840872,0.07778857454698791,0.38391131537912276,0.9564056035956308,0.22195975833226544,1.118357160642488,10,normalized_compact_thermal,ridge
10,47.699999999999996,0.6379697536935133,0.9615763064505286,0.642591429603772,1.2805611832972852,0.7220878958196933,1.1215072389460194,0.7604632910361728,1.482551186855866,1.0571227621651,-0.407956147714689,0.06438447678091945,0.08234773957819949,0.10248490852476584,0.34496294462664173,1.099212847012745,0.27388919466458206,1.1702865969748046,10,normalized_compact_thermal,ridge
10,47.9,0.7985615581393106,0.8567977468379768,0.4575169677683215,1.2560785259076321,0.6893471422175808,1.105124890196531,0.7604513190877406,1.4497984613053214,1.0571227621651,-0.407956147714689,0.04800212803143081,0.03594584772265254,0.09170190244849515,0.35190160040064494,1.0267926840345165,0.24114844106246947,1.137545843372692,10,normalized_compact_thermal,ridge
10,48.099999999999994,0.5775156839417219,0.9494718535564244,0.6607140115855633,1.2382296955272853,0.7342452290052751,1.096599407318884,0.7294767928162464,1.4637220218215217,1.0571227621651,-0.407956147714689,0.039476645153784004,0.09904394101049785,0.10629401576360778,0.3431034883920502,1.1253869696185,0.2860465278501638,1.1824439301603864,10,normalized_compact_thermal,ridge
10,48.3,0.6856398013204029,0.9497044125801567,0.6068845119199553,1.292524313240358,0.7040862799148147,1.071573816400287,0.7195306764428797,1.4236169563576944,1.0571227621651,-0.407956147714689,0.014451054235186982,0.0571017740783158,0.10246871272303265,0.3270209261886104,1.081151633641019,0.25588757875970336,1.152284981069926,10,normalized_compact_thermal,ridge
10,48.5,0.954888529151851,1.1544495508326464,0.677005286256721,1.631893815408572,0.7162784948408615,1.0471061409023408,0.68896689348191,1.4052453883227716,1.0571227621651,-0.407956147714689,-0.010016621262759318,0.07426991934309435,0.0920329450718365,0.37761477919748115,1.0549422104842419,0.2680797936857502,1.1644771959959728,10,normalized_compact_thermal,ridge
10,48.699999999999996,0.7296768513326235,1.0285247881734345,0.6636863625071228,1.3933632138397465,0.6917489095694641,1.0718511856243673,0.7259767308396352,1.4177256404090994,1.0571227621651,-0.407956147714689,0.014728423459267333,0.03942391106218887,0.10182947198758191,0.3170358400441987,1.0664619790947296,0.24355020841435282,1.1399476107245754,10,normalized_compact_thermal,ridge
10,48.9,0.7330014446863483,0.9719021052920178,0.6054013829488437,1.338402827635192,0.6679339595997548,1.0566053199730139,0.7226383401731364,1.3905722997728913,1.0571227621651,-0.407956147714689,-0.0005174421920860518,0.004390174507322937,0.08256078683855866,0.36412598284357395,0.9717419363559356,0.21973525844464348,1.116132660754866,10,normalized_compact_thermal,ridge
10,49.099999999999994,0.6236278486896464,0.9942993832145224,0.6824854588696992,1.3061133075593456,0.6965857445508663,1.0479077861091104,0.6996149138336772,1.3962006583845437,1.0571227621651,-0.407956147714689,-0.009214976055989671,0.046391762129569476,0.10992220881907286,0.29209294426790877,1.1010785448338238,0.24838704339575501,1.1447844457059775,10,normalized_compact_thermal,ridge
10,49.3,0.6694741741471428,1.0767302635364342,0.7419931764628628,1.4114673506100055,0.6593992515248058,1.0456406539372556,0.7159410281748526,1.3753402796996586,1.0571227621651,-0.407956147714689,-0.011482108227844517,-0.008469935715681796,0.08467061883831402,0.34782749470201163,0.9709710083476,0.21120055036969454,1.1075979526799171,10,normalized_compact_thermal,ridge
10,49.5,0.6507206331056011,0.9994612905545446,0.674100974001744,1.324821607107345,0.6742793212925642,1.0427951301600347,0.7056554695137526,1.3799347908063169,1.0571227621651,-0.407956147714689,-0.014327632005065406,0.013845317077984413,0.07866033496210183,0.3848242648318059,0.9637343777533225,0.2260806201374529,1.1224780224476754,10,normalized_compact_thermal,ridge
10,49.699999999999996,0.5066559393258881,0.9889680862122416,0.7356401165492977,1.2422960558751857,0.6335838952159276,1.016892475974951,0.7001005283669871,1.3336844235829148,1.0571227621651,-0.407956147714689,-0.04023028619014905,-0.04840670899442688,0.07288652194386627,0.36537537138171405,0.9017924190501412,0.18538519406081633,1.0817825963710388,10,normalized_compact_thermal,ridge
10,49.9,0.9925359474686276,1.124356835039136,0.6280888613048222,1.6206248087734498,0.676126696981179,1.040077118769652,0.7020137702790625,1.3781404672602415,1.0571227621651,-0.407956147714689,-0.01704564339544806,0.016581348784079318,0.08432413253556958,0.36582994378469896,0.986423450177659,0.2279279958260677,1.1243253981362904,10,normalized_compact_thermal,ridge
10,50.099999999999994,0.7842866909382846,0.9323275046053461,0.5401841591362038,1.3244708500744884,0.7058698147232372,1.0329490807641954,0.6800141734025769,1.385883988125814,1.0571227621651,-0.407956147714689,-0.0241736814009046,0.0596316908133046,0.0889432605069769,0.37857555003119403,1.0331640794152803,0.2576711135681259,1.1540685158783486,10,normalized_compact_thermal,ridge
10,50.3,0.9848230865172968,1.1227172534979872,0.630305710239339,1.6151287967566357,0.6668509174829004,1.0799829796129707,0.7465575208715205,1.413408438354421,1.0571227621651,-0.407956147714689,0.02286021744787073,0.0027673776460019617,0.08787901474894007,0.34347287455789,0.9902289604079108,0.21865221632778908,1.1150496186380117,10,normalized_compact_thermal,ridge
10,50.5,0.6904331974307386,1.0054712722889942,0.6602546735736249,1.3506878710043635,0.7162678218090424,1.0986789923563645,0.7405450814518433,1.4568129032608856,1.0571227621651,-0.407956147714689,0.04155623019126439,0.0742550185588122,0.10979171239857899,0.31225522350819157,1.1202804201098933,0.26806912065393107,1.1644665229641538,10,normalized_compact_thermal,ridge
10,50.699999999999996,0.7737621633157334,1.0647760887926208,0.677895007134754,1.4516571704504875,0.7557746827334066,1.1190389310049988,0.7411515896382955,1.4969262723717023,1.0571227621651,-0.407956147714689,0.061916168839898714,0.1279441617772962,0.10613353898986641,0.36522346609425743,1.1463258993725558,0.30757598157829535,1.2039733838885178,10,normalized_compact_thermal,ridge
10,50.9,0.7412407109982327,1.1056612159317094,0.7350408604325929,1.4762815714308257,0.6784051003328508,1.0498384272535624,0.7106358770871369,1.3890409774199877,1.0571227621651,-0.407956147714689,-0.007284334911537637,0.019945471361304104,0.08346011764141276,0.37128775744642856,0.9855224432192731,0.23020639917773955,1.126603801487962,10,normalized_compact_thermal,ridge
10,51.099999999999994,0.9006929774994382,0.8999111175661643,0.4495646288164452,1.3502576063158833,0.7276672929061915,1.1349479952641244,0.7711143488110286,1.4987816417172202,1.0571227621651,-0.407956147714689,0.07782523309902425,0.090044797227197,0.10505754114422512,0.34107554347897073,1.1142590423334122,0.2794685917510802,1.1758659940613028,10,normalized_compact_thermal,ridge
10,51.3,0.6730634728814868,1.0190838198944736,0.6825520834537303,1.355615556335217,0.632889877202056,1.0332027102507795,0.7167577716497515,1.3496476488518074,1.0571227621651,-0.407956147714689,-0.023920051914320613,-0.0495026939227477,0.08055483749147757,0.336463412128943,0.9293163422751691,0.18469117604694474,1.0810885783571673,10,normalized_compact_thermal,ridge
10,51.5,0.8352731155618064,1.2069007093422843,0.7892641515613811,1.6245372671231875,0.6452026921830842,1.0469403968517952,0.7243390507602531,1.3695417429433374,1.0571227621651,-0.407956147714689,-0.010182365313304765,-0.03023461239167706,0.10106477876252142,0.27330354813552865,1.0171018362306399,0.19700399102797295,1.0934013933381954,10,normalized_compact_thermal,ridge
10,51.699999999999996,0.6697485300200033,1.0208860310062224,0.6860117659962207,1.3557602960162243,0.6741074510619713,1.0780755258765815,0.7410218003455958,1.415129251407567,1.0571227621651,-0.407956147714689,0.020952763711481397,0.013590389878982728,0.0778141602002367,0.3877661566210334,0.9604487455029093,0.22590874990686005,1.1223061522170825,10,normalized_compact_thermal,ridge
10,51.9,0.7239760536648497,1.0431564204868335,0.6811683936544088,1.4051444473192585,0.6445247722038577,1.0179018557289794,0.6956394696270505,1.3401642418309083,1.0571227621651,-0.407956147714689,-0.039220906436120695,-0.031285873313661686,0.07312188184008561,0.375450168761903,0.9135993756458125,0.19632607104874644,1.092723473358969,10,normalized_compact_thermal,ridge
10,52.099999999999994,0.5131549883555955,1.0049305831565163,0.7483530889787187,1.2615080773343141,0.6573244298907308,1.0810202503399304,0.752358035394565,1.4096824652852957,1.0571227621651,-0.407956147714689,0.023897488174830384,-0.011621429655685883,0.0905964044133607,0.32394691036649526,0.9907019494149664,0.20912572873561952,1.105523131045842,10,normalized_compact_thermal,ridge
10,52.3,0.6362085923654044,1.0583632428515322,0.7402589466688299,1.3764675390342342,0.6556937017977844,1.0978440542327683,0.7699972033338761,1.4256909051316606,1.0571227621651,-0.407956147714689,0.04072129206766825,-0.014105369354689645,0.07925255231144628,0.3640593982441409,0.9473280053514279,0.20749500064267312,1.1038924029528956,10,normalized_compact_thermal,ridge
10,52.5,0.6591872824410983,0.9881557858205643,0.658562144600015,1.3177494270411134,0.6730143954122785,1.054222405569424,0.7177152078632848,1.3907296032755632,1.0571227621651,-0.407956147714689,-0.0029003565956758947,0.011967588062751291,0.06918499229206067,0.41842679595972143,0.9276019948648355,0.2248156942571672,1.1212130965673897,10,normalized_compact_thermal,ridge
10,52.699999999999996,0.7068300798730206,1.0347243157736017,0.6813092758370916,1.388139355710112,0.6774313766913731,1.0752632501655401,0.7365475618198536,1.4139789385112267,1.0571227621651,-0.407956147714689,0.018140488000440144,0.018509127339905576,0.08584544450362853,0.36153648509615516,0.9933262682865911,0.2292326755362618,1.1256300778464845,10,normalized_compact_thermal,ridge
10,52.9,0.6418068485518611,0.9831602789214327,0.6622568546455022,1.3040637031973632,0.6551100046342637,1.0535471338628766,0.7259921315457447,1.3811021361800084,1.0571227621651,-0.407956147714689,-0.0035756283022235053,-0.014995963727038375,0.07838719545211069,0.366660049567038,0.9435599597014894,0.20691130347915243,1.1033087057893751,10,normalized_compact_thermal,ridge
10,53.099999999999994,0.9848916882890965,1.0086930782907433,0.5162472341461951,1.5011389224352916,0.6507019787280891,1.059308770246467,0.7339577808824225,1.3846597596105115,1.0571227621651,-0.407956147714689,0.002186008081366951,-0.021747383848912435,0.06803626423004969,0.40034147983654095,0.9010624776196372,0.2025032775729778,1.0989006798832004,10,normalized_compact_thermal,ridge
10,53.3,0.6485758888635962,0.9541749400743951,0.6298869956425969,1.2784628845061934,0.7130317235867165,1.1073772080109197,0.7508613462175614,1.463893069804278,1.0571227621651,-0.407956147714689,0.0502544458458197,0.06972678126605823,0.10085163570028152,0.34191690542773734,1.0841465417456957,0.2648330224316052,1.1612304247418277,10,normalized_compact_thermal,ridge
10,53.5,0.5513722917139532,0.9973080857020309,0.7216219398450543,1.2729942315590075,0.6821541931432763,1.063234979212579,0.7221578826409409,1.4043120757842171,1.0571227621651,-0.407956147714689,0.006112217047478894,0.02545659067449796,0.08274062000214893,0.3776844645836533,0.9866239217028994,0.233955491988165,1.1303528942983876,10,normalized_compact_thermal,ridge
10,53.699999999999996,0.7117514786297799,0.959794033509336,0.603918294194446,1.315669772824226,0.7062484261272352,1.0665769253572985,0.7134527122936809,1.4197011384209162,1.0571227621651,-0.407956147714689,0.009454163192198408,0.0601679226983092,0.09743612441256147,0.34770203922532705,1.0647948130291431,0.25804972497212386,1.1544471272823464,10,normalized_compact_thermal,ridge
10,53.9,0.7580467525386322,0.9598729211665559,0.5808495448972397,1.338896297435872,0.6561286465027298,1.02413085965069,0.696066536399325,1.3521951829020549,1.0571227621651,-0.407956147714689,-0.032991902514410185,-0.013442254076242471,0.08914368797655846,0.32809684688216184,0.9841604461232978,0.20792994534761855,1.1043273476578412,10,normalized_compact_thermal,ridge
10,54.099999999999994,0.7178370357635243,0.9290110705384711,0.570092552656709,1.2879295884202333,0.6415718447779931,1.0234369379381405,0.7026510155491439,1.3442228603271371,1.0571227621651,-0.407956147714689,-0.033685824226959454,-0.03587795850534012,0.08264401012978356,0.3374576221550491,0.9456860674009371,0.19337314362288183,1.0897705459331044,10,normalized_compact_thermal,ridge
10,54.3,1.0868967291602063,0.7973509325719639,0.2539025679918608,1.340799297152067,0.6628431192551802,1.0469744822814346,0.7155529226538445,1.3783960419090246,1.0571227621651,-0.407956147714689,-0.01014827988366531,-0.0032607916223223107,0.08166927855176388,0.36231572325947736,0.9633705152508831,0.21464441810006896,1.1110418204102914,10,normalized_compact_thermal,ridge
10,54.5,0.8291895608854842,1.1047031283184034,0.6901083478756612,1.5192979087611456,0.6930819263295644,1.0371426097838583,0.6906016466190761,1.3836835729486405,1.0571227621651,-0.407956147714689,-0.019980152381241643,0.04134908074682525,0.09044240676313944,0.36027108883841574,1.0258927638207131,0.24488322517445316,1.1412806274846758,10,normalized_compact_thermal,ridge
10,54.699999999999996,0.5493332602958102,1.0468118672548856,0.7721452371069804,1.3214784974027907,0.6449606058072554,1.0330982327881375,0.7106179298845098,1.3555785356917651,1.0571227621651,-0.407956147714689,-0.024024529376962506,-0.030609892604727768,0.0785125042638212,0.3560495381705731,0.9338716734439378,0.19676190465214416,1.0931593069623666,10,normalized_compact_thermal,ridge
10,54.9,0.6474570599546249,1.037523553505246,0.7137950235279337,1.3612520834825586,0.6886331189895726,1.0634734202829572,0.7191568607881709,1.4077899797777436,1.0571227621651,-0.407956147714689,0.006350658117857228,0.03490951460234078,0.09756421239960003,0.32961539268212986,1.0476508452970152,0.2404344178344613,1.1368318201446839,10,normalized_compact_thermal,ridge
10,55.099999999999994,0.5945884282114101,0.9970466495095045,0.6997524354037995,1.2943408636152096,0.6553886811308417,1.0606947960217046,0.7330004554562837,1.3883891365871255,1.0571227621651,-0.407956147714689,0.0035720338566046176,-0.014570665321468675,0.07128687693043602,0.3930665463884456,0.9177108158732378,0.2071899799757304,1.103587382285953,10,normalized_compact_thermal,ridge
10,55.3,0.471742066685299,0.983081917360259,0.7472108840176095,1.2189529507029084,0.6397413208559982,1.0711831430066625,0.7513124825786635,1.3910538034346616,1.0571227621651,-0.407956147714689,0.014060380841562418,-0.03873522278147705,0.0726288684055522,0.37248091298793135,0.907001728724065,0.19154261970088693,1.0879400220111095,10,normalized_compact_thermal,ridge
10,55.5,0.8504041245262233,0.8139165400569708,0.3887144777938592,1.2391186023200824,0.6722448457141068,1.023842044237209,0.6877196213801555,1.3599644670942623,1.0571227621651,-0.407956147714689,-0.03328071792789107,0.01082349663622624,0.08377721229157936,0.3639606548869581,0.9805290365412556,0.22404614455899552,1.1204435468692182,10,normalized_compact_thermal,ridge
10,55.699999999999996,0.4803700005876006,0.9901354063939539,0.7499504061001536,1.2303204066877542,0.6756190137478171,1.0555719438542075,0.717762436980299,1.393381450728116,1.0571227621651,-0.407956147714689,-0.00155081831089244,0.015830196769017268,0.09213942421705128,0.3365634751226902,1.014674552372944,0.2274203125927058,1.1238177149029283,10,normalized_compact_thermal,ridge
10,55.9,0.7120385578310163,1.0370423599277472,0.681023081012239,1.3930616388432553,0.6348814932182368,1.042279274731126,0.7248385281220076,1.3597200213402445,1.0571227621651,-0.407956147714689,-0.014843487433974106,-0.046360774644511465,0.07702168035654107,0.351456373721271,0.9183066127152026,0.18668279206312555,1.0830801943733481,10,normalized_compact_thermal,ridge
10,56.099999999999994,0.7106000324072224,1.02002199553557,0.6647219793319589,1.3753220117391811,0.66240183255474,1.0420080600155952,0.7108071437382252,1.3732089762929651,1.0571227621651,-0.407956147714689,-0.015114702149504758,-0.003926761662272002,0.08702969247020433,0.34214913391237584,0.9826545311971042,0.21420313139962877,1.1106005337098512,10,normalized_compact_thermal,ridge
10,56.3,0.6436950760378229,1.009777441132953,0.6879299031140415,1.3316249791518644,0.6336474739048898,1.0471559387630582,0.7303322018106133,1.3639796757155032,1.0571227621651,-0.407956147714689,-0.009966823402041834,-0.04830636632525889,0.08049559279629982,0.3374390180303893,0.9298559297793905,0.18544877274977856,1.0818461750600012,10,normalized_compact_thermal,ridge
10,56.5,0.5225228377116846,0.9731920434012131,0.7119306245453708,1.2344534622570553,0.6004426984502401,1.0210945154988158,0.7208731662736958,1.3213158647239358,1.0571227621651,-0.407956147714689,-0.03602824666628432,-0.1021319173641933,0.06424867908232876,0.3640197917811469,0.8368656051193333,0.15224399729512883,1.0486413996053514,10,normalized_compact_thermal,ridge
10,56.699999999999996,0.6123721766667883,0.9875183678284094,0.6813322794950153,1.2937044561618036,0.5804829523715818,0.9735921868754674,0.6833507106896766,1.2638336630612583,1.0571227621651,-0.407956147714689,-0.08353057528963256,-0.13593869770700948,0.07441206292185004,0.3066607281872713,0.8543051765558922,0.13228425121647047,1.028681653526693,10,normalized_compact_thermal,ridge
10,56.9,0.645987002662157,0.9621892537863289,0.6391957524552505,1.2851827551174073,0.5980826995061873,0.9754806259868386,0.676439276233745,1.2745219757399322,1.0571227621651,-0.407956147714689,-0.08164213617826144,-0.10607009338987172,0.07294436511767252,0.3296613238051717,0.8665040752072029,0.14988399835107602,1.0462814006612986,10,normalized_compact_thermal,ridge
10,57.099999999999994,0.6023043471810832,1.0012866050534273,0.7001344314628856,1.3024387786439688,0.6328605101522617,1.0567807095729103,0.7403504544967794,1.3732109646490411,1.0571227621651,-0.407956147714689,-0.0003420525921898317,-0.049549096515380406,0.07141101000475436,0.37008158933016266,0.8956394309743608,0.18466180899715046,1.0810592113073731,10,normalized_compact_thermal,ridge
10,57.3,0.74388910479029,1.105877749242023,0.7339331968468782,1.477822301637168,0.6058973331461057,0.9704241035446648,0.6674754369716119,1.2733727701177178,1.0571227621651,-0.407956147714689,-0.0866986586204353,-0.09308857680150759,0.07085700462536264,0.3451570466426713,0.8666376196495402,0.15769863199099443,1.054096034301217,10,normalized_compact_thermal,ridge
10,57.5,0.7643201438478288,1.0470565217462997,0.6648964498223854,1.4292165936702141,0.6499901872185138,1.071716875733225,0.746721782123968,1.3967119693424819,1.0571227621651,-0.407956147714689,0.014594113568124956,-0.02284186507862168,0.08612732852039415,0.3330580161097063,0.9669223583273212,0.20179148606340247,1.098188888373625,10,normalized_compact_thermal,ridge
10,57.699999999999996,0.9758554952858955,1.2038072631528558,0.715879515509908,1.6917350107958036,0.6596958575561449,1.1231722547046694,0.793324325926597,1.4530201834827419,1.0571227621651,-0.407956147714689,0.06604949253956943,-0.008020224342641331,0.07892316704033604,0.3692736290882799,0.9501180860240099,0.21149715640103361,1.1078945587112563,10,normalized_compact_thermal,ridge
10,57.9,0.6103235642043435,1.0710833642788242,0.7659215821766525,1.376245146380996,0.6425436729812706,0.9996378292808284,0.6783659927901932,1.3209096657714636,1.0571227621651,-0.407956147714689,-0.05748493288427163,-0.034364343296462416,0.07614849233627917,0.3623317191519508,0.9227556268105903,0.19434497182615929,1.090742374136382,10,normalized_compact_thermal,ridge
10,58.099999999999994,0.6234440062409754,0.987793748162364,0.6760717450418764,1.2995157512828517,0.6569014724657357,1.0202193002462752,0.6917685640134073,1.348670036479143,1.0571227621651,-0.407956147714689,-0.03690346191882495,-0.012265089834410638,0.0830760108609333,0.3511975694011017,0.9626053755303697,0.20870277131062442,1.105100173620847,10,normalized_compact_thermal,ridge
10,58.3,0.5318754933323434,0.9695169697084327,0.7035792230422611,1.2354547163746044,0.6332724624127088,1.0077741527103767,0.6911379215040223,1.3244103839167312,1.0571227621651,-0.407956147714689,-0.049348609454723386,-0.04889837138001164,0.07222959299206654,0.3674813120479258,0.8990636127774919,0.18507376125759756,1.0814711635678202,10,normalized_compact_thermal,ridge
10,58.5,0.6607854939687259,0.9993831840464886,0.6689904370621257,1.3297759310308515,0.6503615683303792,1.0011856613101093,0.6760048771449197,1.326366445475299,1.0571227621651,-0.407956147714689,-0.055937100854990596,-0.022270664062622486,0.06839388574340169,0.39868509035752203,0.9020380463032363,0.20216286717526788,1.0985602694854903,10,normalized_compact_thermal,ridge
10,58.699999999999996,0.5657304698769925,1.0248674078127227,0.7420021728742263,1.307732642751219,0.6424001187826939,1.0708582451336541,0.7496581857423072,1.392058304525001,1.0571227621651,-0.407956147714689,0.013735482968554046,-0.0345877837303462,0.07049938973400427,0.3829757869928926,0.9018244505724952,0.19420141762758258,1.0905988199378052,10,normalized_compact_thermal,ridge
10,58.9,0.45695935569959306,1.0313003727023784,0.8028206948525817,1.259780050552175,0.7088365199588299,1.0967904792199865,0.7423722192405715,1.4512087391994015,1.0571227621651,-0.407956147714689,0.03966771705488649,0.06382579034007314,0.07476883101582167,0.43370145711404706,0.9839715828036127,0.2606378188037186,1.1570352211139412,10,normalized_compact_thermal,ridge
10,59.099999999999994,0.5056253506357337,1.0280841934588347,0.775271518140968,1.2808968687767015,0.6819194160121865,1.0561197953221126,0.7151600873160193,1.397079503328206,1.0571227621651,-0.407956147714689,-0.0010029668429873224,0.02511236125486507,0.08350271566734317,0.3746453205006102,0.9891935115237629,0.23372071485707524,1.1301181171672978,10,normalized_compact_thermal,ridge
10,59.3,0.6106474169733638,1.067539253204515,0.762215544717833,1.3728629616911967,0.6697512252560012,1.0646317931102864,0.7297561804822859,1.399507405738287,1.0571227621651,-0.407956147714689,0.0075090309451863735,0.007107206578517364,0.07857834696715132,0.3805978690069053,0.958904581505097,0.22155252410088988,1.1179499264111126,10,normalized_compact_thermal,ridge
10,59.5,0.5530335358104083,1.0432017018954511,0.766684933990247,1.3197184698006552,0.6650981195689257,0.9917329553287012,0.6591838955442384,1.324282015113164,1.0571227621651,-0.407956147714689,-0.06538980683639882,0.0001354467281860644,0.08557436855364167,0.35020073585930733,0.9799955032785441,0.21689941841381444,1.113296820724037,10,normalized_compact_thermal,ridge
10,59.699999999999996,0.5935203400793365,1.043916852852981,0.7471566828133127,1.3406770228926492,0.6728817996128644,1.067105608249876,0.7306647084434438,1.403546508056308,1.0571227621651,-0.407956147714689,0.00998284608477595,0.011770550876179078,0.0882662209036207,0.3480789117590976,0.9976846874666312,0.22468309845775314,1.1210805007679756,10,normalized_compact_thermal,ridge
10,59.9,0.5070143208369747,1.0790902546216614,0.8255830942031741,1.332597415040149,0.66504031180462,1.020853203929728,0.688333048027418,1.3533733598320379,1.0571227621651,-0.407956147714689,-0.03626955823537205,4.8526806201001915e-05,0.08133123172310053,0.3657568637774107,0.9643237598318293,0.2168416106495087,1.1132390129597312,10,normalized_compact_thermal,ridge
10,60.099999999999994,0.5626357507911005,1.0501190430129599,0.7688011676174096,1.3314369184085102,0.6738702038075558,1.0604907661921035,0.7235556642883256,1.3974258680958813,1.0571227621651,-0.407956147714689,0.003368004027003475,0.013238385146547838,0.09140411418744154,0.33752046609516834,1.0102199415199433,0.2256715026524445,1.122068904962667,10,normalized_compact_thermal,ridge
10,60.3,0.6096248001180422,1.036986625064675,0.7321742250056541,1.3417990251236962,0.6813412644031562,1.0376951300447,0.6970244978431218,1.3783657622462782,1.0571227621651,-0.407956147714689,-0.01942763212040012,0.024264171833725805,0.06973084548591356,0.4247450291226168,0.9379374996836957,0.23314256324804494,1.1295399655582674,10,normalized_compact_thermal,ridge
10,60.5,0.5669204972229356,0.9930093451139976,0.7095490965025298,1.2764695937254655,0.6658873732952731,1.0611811286886255,0.728237442040989,1.394124815336262,1.0571227621651,-0.407956147714689,0.00405836652352534,0.0013214158061172349,0.06490507850540235,0.42704904172164426,0.904725704868902,0.21768867214016185,1.1140860744503844,10,normalized_compact_thermal,ridge
10,60.699999999999996,0.5075233330729216,0.99916266198027,0.7454009954438092,1.2529243285167309,0.6770736980063908,1.077839632792934,0.7393027837897386,1.4163764817961295,1.0571227621651,-0.407956147714689,0.020716870627834096,0.01798099540451844,0.07796146263895255,0.3901903586359996,0.9639570373767821,0.22887499685127954,1.1252723991615021,10,normalized_compact_thermal,ridge
10,60.9,0.49351770775545245,0.989871085231615,0.7431122313538888,1.2366299391093414,0.7214239727259024,1.155062862577264,0.7943508762143129,1.5157748489402154,1.0571227621651,-0.407956147714689,0.0979401004121641,0.08142786748698416,0.0874603312608178,0.39958660532372076,1.0432613401280841,0.27322527157079113,1.1696226738810136,10,normalized_compact_thermal,ridge
10,61.099999999999994,0.5229610253495814,0.9707339079888679,0.7092533953140772,1.2322144206636587,0.6449568206593144,1.0329486702684627,0.7104702599388055,1.35542708059812,1.0571227621651,-0.407956147714689,-0.024174091896637426,-0.030615761426814284,0.06228394173210434,0.41576377337123915,0.8741498679473896,0.19675811950420308,1.0931555218144258,10,normalized_compact_thermal,ridge
10,61.3,0.45112725031276973,0.9927244145065853,0.7671607893502004,1.2182880396629703,0.6090607297201093,1.0145009043439779,0.7099705394839233,1.3190312692040325,1.0571227621651,-0.407956147714689,-0.04262185782112214,-0.08788114813503092,0.05675820945679734,0.4002013251568792,0.8179201342833393,0.16086202856499798,1.0572594308752206,10,normalized_compact_thermal,ridge
10,61.5,1.019574959708212,0.8340769207708069,0.3242894409167008,1.343864400624913,0.637908877706114,1.053416618414972,0.7344621795619151,1.372371057268029,1.0571227621651,-0.407956147714689,-0.0037061437501281036,-0.041603683035154174,0.06171793289195974,0.41079863518692616,0.8650191202253019,0.18971017655100275,1.0861075788612253,10,normalized_compact_thermal,ridge
10,61.699999999999996,0.5913933551763739,1.0009177598290773,0.7052210822408904,1.2966144374172643,0.6680943786012848,1.0059768940947336,0.6719297047940911,1.340024083395376,1.0571227621651,-0.407956147714689,-0.051145868070366404,0.004630317620629924,0.08240845599456553,0.3648469503486159,0.9713418068539538,0.21989567744617355,1.1162930797563961,10,normalized_compact_thermal,ridge
10,61.9,0.6693248141866628,0.9789565743431556,0.6442941672498242,1.3136189814364871,0.6589825769119333,1.06720644636856,0.7377151579125933,1.3966977348245266,1.0571227621651,-0.407956147714689,0.010083684203460019,-0.009102035791332959,0.08403923996740653,0.349734174125385,0.9682309796984816,0.210783875756822,1.1071812780670447,10,normalized_compact_thermal,ridge
10,62.1,0.5668878598667106,1.0659425359572996,0.7824986060239443,1.349386465890655,0.7071633244763275,1.127581959202667,0.7740002969645032,1.4811636214408308,1.0571227621651,-0.407956147714689,0.07045919703756695,0.06146251852501121,0.08161491564689456,0.4068359736203497,1.0074906753323052,0.25896462332121617,1.1553620256314387,10,normalized_compact_thermal,ridge
10,62.3,0.659438292897455,1.0586181215451773,0.7288989750964497,1.3883372679939048,0.6638934090561645,1.0421026079342566,0.7101559034061744,1.3740493124623387,1.0571227621651,-0.407956147714689,-0.015020154230843444,-0.0016775232069705936,0.07851874130358055,0.37495939030064235,0.9528274278116866,0.21569470790105316,1.1120921102112757,10,normalized_compact_thermal,ridge
10,62.5,0.6251811672736615,1.0178887180660612,0.7052981344292305,1.330479301702892,0.6863164772069399,1.0582496509628534,0.7150914123593834,1.4014078895663233,1.0571227621651,-0.407956147714689,0.0011268887977534201,0.031539727111579915,0.08228043733988132,0.3835401332299418,0.989092821183938,0.2381177760518286,1.1345151783620513,10,normalized_compact_thermal,ridge
10,62.699999999999996,0.8021794738253294,1.0414352854599598,0.6403455485472952,1.4425250223726245,0.6962650555668183,1.0689602770244009,0.7208277492409918,1.41709280480781,1.0571227621651,-0.407956147714689,0.011837514859300957,0.04593128353460792,0.08983344773310464,0.36569507136603424,1.0268350397676023,0.248066354411707,1.1444637567219296,10,normalized_compact_thermal,ridge
10,62.9,0.6691157648358906,1.0620792492509499,0.7275213668330046,1.3966371316688952,0.6833043643503705,1.067398052993268,0.7257458708180828,1.4090502351684533,1.0571227621651,-0.407956147714689,0.01027529082816803,0.02714125766465642,0.08405140325457053,0.37401120298283597,0.9925975257179049,0.23510566319525916,1.1315030655054819,10,normalized_compact_thermal,ridge
10,63.1,0.6095429950687052,1.0255412440811034,0.7207697465467509,1.330312741615456,0.6695139553124871,1.091657519036183,0.7569005413799395,1.4264144966924266,1.0571227621651,-0.407956147714689,0.0345347568710829,0.006752878026653246,0.08161359500358967,0.36919146417243315,0.9698364464525411,0.22131525415737585,1.1177126564675985,10,normalized_compact_thermal,ridge
10,63.3,0.5310757116158475,1.0486852342797632,0.7831473784718395,1.314223090087687,0.6675197201608533,1.0669085140918482,0.7331486540114216,1.4006683741722747,1.0571227621651,-0.407956147714689,0.009785751926748135,0.0037698018827012764,0.07689287928624579,0.3845685640800423,0.9504708762416643,0.21932101900574197,1.1157184213159645,10,normalized_compact_thermal,ridge
10,63.5,0.7979662175489954,1.1366219174804493,0.7376388087059516,1.535605026254947,0.6624851007258119,1.0372582942117192,0.7060157438488133,1.3685008445746252,1.0571227621651,-0.407956147714689,-0.019864467953380812,-0.00380106313043526,0.09441202684852873,0.3150668170993561,1.0099033843522678,0.21428639957070061,1.1106838018809233,10,normalized_compact_thermal,ridge
10,63.699999999999996,0.7391630185815891,1.0356879292550571,0.6661064199642626,1.4052694385458515,0.6544252956368275,1.0213513733186788,0.694138725500265,1.3485640211370926,1.0571227621651,-0.407956147714689,-0.03577138884642127,-0.0160416920242309,0.08125750410597872,0.3554131512035705,0.9534374400700845,0.2062265944817162,1.1026239967919387,10,normalized_compact_thermal,ridge
10,63.9,0.6644054913601075,1.021514273291001,0.6893115276109473,1.3537170189710548,0.686522330727737,1.0680399523045905,0.724778786940722,1.411301117668459,1.0571227621651,-0.407956147714689,0.01091719013949052,0.03183962178406475,0.09060428109449481,0.35311582651657514,1.019928834938899,0.23832362957262576,1.1347210318828482,10,normalized_compact_thermal,ridge
10,64.1,0.5237048428094785,0.9718596722028221,0.7100072507980827,1.2337120936075614,0.6654170606092973,1.0146504594510783,0.6819419291464297,1.347358989755727,1.0571227621651,-0.407956147714689,-0.042472302714021734,0.0006148716174801949,0.08610778280090498,0.3485568140268859,0.9822773071917087,0.217218359454186,1.1136157617644087,10,normalized_compact_thermal,ridge
10,64.3,0.5818866557161482,1.0262862110907598,0.7353428832326856,1.3172295389488338,0.6757656101310958,1.0309223873049955,0.6930395822394476,1.3688051923705435,1.0571227621651,-0.407956147714689,-0.026200374860104538,0.01604715407526953,0.08831813715636051,0.35077168035162054,1.000759539910571,0.22756690897598453,1.123964311286207,10,normalized_compact_thermal,ridge
10,64.5,0.6529305345550938,1.058343792231288,0.731878524953741,1.3848090595088347,0.638178040935067,1.0352113898829833,0.7161223694154498,1.354300410350517,1.0571227621651,-0.407956147714689,-0.021911372282116735,-0.04118182582619309,0.06803288874561647,0.3878299631835721,0.888526118686562,0.18997933977995574,1.0863767420901782,10,normalized_compact_thermal,ridge
10,64.69999999999999,1.23022946973427,0.9856346057538148,0.37051987088667987,1.6007493406209496,0.6614099713556153,1.0497646941984662,0.7190597085206585,1.380469679876274,1.0571227621651,-0.407956147714689,-0.007358067966633767,-0.005425254698510899,0.07460919210264595,0.3868623493175475,0.9359575933936831,0.213211270200504,1.1096086725107266,10,normalized_compact_thermal,ridge
10,64.9,0.5389658842084128,1.0364888229054885,0.767005880801282,1.305971765009695,0.6844090823345118,1.1068286192177725,0.7646240780505167,1.4490331603850284,1.0571227621651,-0.407956147714689,0.04970585705267258,0.028756681168838186,0.0751948076902594,0.40770650642981454,0.9611116582392091,0.23621038117940052,1.132607783489623,10,normalized_compact_thermal,ridge
10,65.1,0.5414249753413611,1.0609738422969195,0.790261354626239,1.3316863299676,0.7188781138496665,1.087623632427631,0.7281845755027977,1.4470626893524643,1.0571227621651,-0.407956147714689,0.030500870262530944,0.07789269031635396,0.09043017531458802,0.3861122857604324,1.0516439419389005,0.2706794126945552,1.1670768150047777,10,normalized_compact_thermal,ridge
10,65.3,0.4613291294666716,1.0539115960555443,0.8232470313222086,1.2845761607888802,0.712347272237085,1.106630914663907,0.7504572785453645,1.4628045507824496,1.0571227621651,-0.407956147714689,0.04950815249880701,0.06876640314312515,0.10816886978752772,0.3143064257706891,1.110388118703481,0.26414857108197376,1.1605459733921963,10,normalized_compact_thermal,ridge
10,65.5,0.5781540541206878,1.0547150316901743,0.7656380046298303,1.343792058750518,0.7140710742137277,1.049358309883282,0.6923227727764181,1.4063938469901458,1.0571227621651,-0.407956147714689,-0.007764452281818129,0.07118336983469487,0.10386337754438163,0.3318736194762336,1.0962685289512217,0.26587237305861644,1.1622697753688391,10,normalized_compact_thermal,ridge
10,65.69999999999999,0.6373490386357253,1.0573902473690193,0.7387157280511565,1.376064766686882,0.6661644904523756,1.0564520746908903,0.7233698294647025,1.389534319917078,1.0571227621651,-0.407956147714689,-0.0006706874742096261,0.001737491438969424,0.0793864838625251,0.3740373442900898,0.9582916366146614,0.2179657892972643,1.1143631916074868,10,normalized_compact_thermal,ridge
10,65.9,0.5507373154936714,1.063550482152945,0.7881818244061092,1.3389191398997806,0.7099721984474072,1.0680286218448722,0.7130425226211686,1.4230147210685757,1.0571227621651,-0.407956147714689,0.010905859679772163,0.06542668088492531,0.09690563282189837,0.35337791959845016,1.0665664772963643,0.26177349729229593,1.1581708996025184,10,normalized_compact_thermal,ridge
10,66.1,0.560420332600686,1.0353001567968931,0.7550899904965501,1.3155103230972363,0.6370364836171373,1.105689596260515,0.7871713544519465,1.4242078380690837,1.0571227621651,-0.407956147714689,0.04856683409541514,-0.04297220321115043,0.07503952691007525,0.3609053114194942,0.9131676558147803,0.18883778246202598,1.0852351847722486,10,normalized_compact_thermal,ridge
10,66.3,0.690604204141098,1.0954035492633627,0.7501014471928137,1.4407056513339116,0.7016187067619428,1.0729970228559098,0.7221876694749384,1.423806376236881,1.0571227621651,-0.407956147714689,0.015874260690809845,0.053590972436702675,0.09007263119627974,0.37016857295499217,1.0330688405688935,0.25342000560683153,1.149817407917054,10,normalized_compact_thermal,ridge
10,66.5,0.6069921867150974,1.077672291610004,0.7741761982524554,1.381168384967553,0.6377675908408621,0.9916056252718682,0.6727218298514372,1.3104894206922992,1.0571227621651,-0.407956147714689,-0.06551713689323183,-0.04182519196678881,0.08627692845673682,0.32028492044875695,0.9552502612329672,0.1895688896857508,1.0859662919959734,10,normalized_compact_thermal,ridge
10,66.69999999999999,0.6723037880702174,1.1183310890791351,0.7821791950440264,1.4544829831142438,0.6439679942099841,1.0538755828091495,0.7318915857041575,1.3758595799141415,1.0571227621651,-0.407956147714689,-0.0032471793559505665,-0.032150104829804155,0.07104878562036351,0.38252199015827293,0.9054139982616952,0.19576929305487278,1.0921666953650955,10,normalized_compact_thermal,ridge
10,66.9,0.5856478927653999,1.0172606789380116,0.7244367325553118,1.3100846253207115,0.7052685771880646,1.0756947186722061,0.7230604300781738,1.4283290072662385,1.0571227621651,-0.407956147714689,0.01857195650710606,0.058779559548220804,0.10524006786121923,0.31800516419370317,1.092531990182426,0.2570698760329533,1.1534672783431759,10,normalized_compact_thermal,ridge
10,67.1,0.5754472027168465,1.0911313098588917,0.8034077085004685,1.3788549112173147,0.6466757922450131,1.0330454271073162,0.7097075309848095,1.3563833232298228,1.0571227621651,-0.407956147714689,-0.024077335057783786,-0.027954056258660792,0.07654312291284515,0.36501167302794,0.9283399114620863,0.19847709108990186,1.0948744934001244,10,normalized_compact_thermal,ridge
10,67.3,0.6291136383392512,1.1013014785685717,0.7867446593989461,1.4158582977381973,0.666809420310695,1.0306686667628169,0.6972639566074694,1.3640733769181643,1.0571227621651,-0.407956147714689,-0.026454095402283148,0.002705147149911158,0.07950088046775652,0.37426131642121246,0.9593575242001775,0.21861071915558372,1.1150081214658063,10,normalized_compact_thermal,ridge
10,67.5,0.6185746893344529,1.019342195559331,0.7100548508921043,1.3286295402265573,0.6617356976684922,1.0559054106326782,0.7250375617984322,1.3867732594669242,1.0571227621651,-0.407956147714689,-0.001217351532421784,-0.0049329032861420985,0.0818085094414898,0.3606959585068707,0.9627754368301136,0.21353699651338087,1.1099343988236035,10,normalized_compact_thermal,ridge
10,67.69999999999999,0.6055258576517037,0.9625691022252479,0.6598061733993961,1.2653320310510998,0.6968524334435512,1.0514604080809236,0.703034191359148,1.399886624802699,1.0571227621651,-0.407956147714689,-0.0056623540841763695,0.046774540354183505,0.08219349386366452,0.3943960249057977,0.9993088419813047,0.2486537322884399,1.1450511345986625,10,normalized_compact_thermal,ridge
10,67.9,0.7312651295616914,1.0056561097656127,0.6400235449847669,1.3712886745464583,0.7054534447372003,1.1335540055238105,0.7808272831552103,1.4862807278924106,1.0571227621651,-0.407956147714689,0.07643124335871032,0.059041648815022836,0.07944724347130401,0.4131027147826753,0.9978041746917252,0.257254743582089,1.1536521458923117,10,normalized_compact_thermal,ridge
10,68.1,0.7412234427120025,1.0172802462036605,0.6466685248476591,1.3878919675596617,0.7086009032082923,1.0897287329328718,0.7354282813287256,1.444029184537018,1.0571227621651,-0.407956147714689,0.032605970767771664,0.06349333580083671,0.08507687567109168,0.3955341985884173,1.0216676078281672,0.260402202053181,1.1567996043634037,10,normalized_compact_thermal,ridge
10,68.3,1.0043376738796206,1.1972887615574193,0.6951199246176089,1.6994575984972295,0.6689362244788152,1.0686318918488131,0.7341637796094056,1.4031000040882207,1.0571227621651,-0.407956147714689,0.011509129683713086,0.005889594688543651,0.07758637769016255,0.38343312630726833,0.954439322650362,0.2207375233237039,1.1171349256339265,10,normalized_compact_thermal,ridge
10,68.5,0.5071692653056943,1.074921547722108,0.8213369150692608,1.3285061803749552,0.6967955321611112,1.085920786615377,0.7375230205348214,1.4343185526959328,1.0571227621651,-0.407956147714689,0.02879802445027706,0.04669288231158463,0.08689778605865946,0.37702822399947217,1.0165628403227502,0.24859683100599994,1.1449942333162224,10,normalized_compact_thermal,ridge
10,68.7,0.5289022186641933,1.0572910606972459,0.7928399513651493,1.3217421700293426,0.6988201879220209,1.0762624176139541,0.7268523236529436,1.4256725115749647,1.0571227621651,-0.407956147714689,0.019139655448854178,0.0495943359884723,0.0748018450765013,0.42356363961950866,0.9740767362245333,0.25062148676690965,1.1470188890771322,10,normalized_compact_thermal,ridge
10,68.9,0.9173734601984318,1.2004620892517868,0.7417753591525708,1.6591488193510027,0.7066371118011638,1.0878745300238766,0.7345559741232947,1.4411930859244584,1.0571227621651,-0.407956147714689,0.030751767858776608,0.060718123933016274,0.09081062921990729,0.37247128577525734,1.0408029378270705,0.25843841064605255,1.154835812956275,10,normalized_compact_thermal,ridge
10,69.1,0.6400381028828146,1.1101710534132523,0.790152001971845,1.4301901048546595,0.6717357317452998,1.0603768877335014,0.7245090218608514,1.3962447536061513,1.0571227621651,-0.407956147714689,0.0032541255684013486,0.01006587557875286,0.08075648137963573,0.37456725555489484,0.9689042079357046,0.22353703059018848,1.119934432900411,10,normalized_compact_thermal,ridge
10,69.3,0.5280397839862391,1.0778886429450878,0.8138687509519683,1.3419085349382074,0.6501183408895913,1.0383628572124093,0.7133036867676137,1.3634220276572049,1.0571227621651,-0.407956147714689,-0.01875990495269081,-0.02264472204214138,0.08593054207530985,0.3339103064323762,0.9663263753468064,0.20191963973448002,1.0983170420447026,10,normalized_compact_thermal,ridge
10,69.5,0.6841147687854342,1.0120875686337387,0.6700301842410216,1.3541449530264558,0.6967261464317634,1.107494771645523,0.7591316984296412,1.4558578448614048,1.0571227621651,-0.407956147714689,0.05037200948042288,0.0465932990320836,0.09092455199176196,0.3621411062952732,1.0313111865682538,0.24852744527665216,1.1449248475868747,10,normalized_compact_thermal,ridge
10,69.7,0.6580026187035672,1.089707515723938,0.7607062063721545,1.4187088250757216,0.6564664649643278,1.0239920162270704,0.6957587837449064,1.3522252487092343,1.0571227621651,-0.407956147714689,-0.03313074593802959,-0.012927520376405398,0.08920082419574243,0.3282244149353701,0.9847085149932855,0.20826776380921652,1.104665166119439,10,normalized_compact_thermal,ridge
10,69.9,0.7198912935044589,1.008939984839372,0.6489943380871428,1.3688856315916016,0.6420650161904271,1.032653007671436,0.7116204995762224,1.3536855157666494,1.0571227621651,-0.407956147714689,-0.02446975449366396,-0.03510956138042853,0.09005631957470672,0.31067490604528336,0.9734551263355709,0.19386631503531582,1.0902637173455383,10,normalized_compact_thermal,ridge
10,70.1,0.6180599556733003,1.095890255725259,0.7868602778886087,1.404920233561909,0.6493513909734361,1.0257508767071246,0.7010751812204066,1.3504265721938427,1.0571227621651,-0.407956147714689,-0.031371885457975424,-0.02382512661240939,0.07039975231945764,0.3902937058991248,0.9084090760477473,0.2011526898183248,1.0975500921285475,10,normalized_compact_thermal,ridge
10,70.3,0.5598208420184293,1.0740401780731577,0.7941297570639431,1.3539505990823724,0.652707913591151,1.0538396733719626,0.727485716576387,1.3801936301675382,1.0571227621651,-0.407956147714689,-0.0032830887931373774,-0.01866940130702137,0.07452057040117772,0.3784864025417345,0.9269294246405675,0.2045092124360397,1.1009066147462623,10,normalized_compact_thermal,ridge
10,70.5,0.5947494135337708,1.0469873579514646,0.7496126511845793,1.34436206471835,0.6776536910068376,1.0838265714976432,0.7449997259942244,1.422653417001062,1.0571227621651,-0.407956147714689,0.026703809332543214,0.018837245954387332,0.09205300581232342,0.3389161556578447,1.0163912263558306,0.2294549898517263,1.1258523921619488,10,normalized_compact_thermal,ridge
10,70.7,0.672634707404067,1.0223806879207262,0.6860633342186926,1.3586980416227596,0.6626399015479257,1.0803191982744236,0.7489992475004608,1.4116391490483864,1.0571227621651,-0.407956147714689,0.02319643610932354,-0.003567423552957791,0.07469594713352004,0.3877730375135962,0.9375067655822553,0.21444120039281445,1.110838602703037,10,normalized_compact_thermal,ridge
10,70.9,0.6408237445945534,1.0362358610890552,0.7158239887917788,1.3566477333863318,0.6649213232465188,1.037168963195163,0.7047083015719037,1.3696296248184225,1.0571227621651,-0.407956147714689,-0.01995379896993709,-0.00013040851837202438,0.0729929204724805,0.3963212730843,0.9335213734087375,0.21672262209140747,1.11312002440163,10,normalized_compact_thermal,ridge
10,71.1,0.5601944860728564,1.059932417098556,0.7798351740621278,1.3400296601349841,0.6274612892533793,1.0330995752674146,0.7193689306407249,1.3468302198941042,1.0571227621651,-0.407956147714689,-0.024023186897685345,-0.05811715259730378,0.07425952341695823,0.35420038140496074,0.9007221971017978,0.179262588098268,1.0756599904084907,10,normalized_compact_thermal,ridge
10,71.3,0.5157416842811776,1.0616737210606284,0.8038028789200397,1.3195445632012173,0.6827643121552623,1.0775491062674636,0.7361669501898325,1.4189312623450947,1.0571227621651,-0.407956147714689,0.02042634410236347,0.026350591378940566,0.08920347776770247,0.3545124974867072,1.0110161268238174,0.23456561100015105,1.1309630133103736,10,normalized_compact_thermal,ridge
10,71.5,0.5924259914231517,1.0866656220386552,0.7904526263270795,1.382878617750231,0.6523927031086477,1.0798360096786848,0.753639658124361,1.4060323612330086,1.0571227621651,-0.407956147714689,0.02271324751358477,-0.019152445272519594,0.08309349466556794,0.34662446297171284,0.9581609432455827,0.20419400195353643,1.100591404263759,10,normalized_compact_thermal,ridge
10,71.7,0.5981053493010948,1.1079790109367873,0.80892633628624,1.4070316855873348,0.6834947336814879,1.0687537571293808,0.7270063902886368,1.4105011239701248,1.0571227621651,-0.407956147714689,0.01163099496428082,0.027419819938545278,0.0881406374588709,0.3591539689944748,1.0078354983685012,0.23529603252637665,1.1316934348365992,10,normalized_compact_thermal,ridge
10,71.9,0.6068932982018393,1.1442830162931248,0.8408363671922052,1.4477296653940446,0.6861151643098681,1.0902785988484638,0.7472210166935298,1.4333361810033978,1.0571227621651,-0.407956147714689,0.033155836683363804,0.03124636037122535,0.09053362587593243,0.352968657850916,1.0192616707688202,0.23791646315475679,1.1343138654649794,10,normalized_compact_thermal,ridge
10,72.1,0.5031466300770348,1.0727856861398113,0.821212371101294,1.3243590011783286,0.6207351596619298,1.028618272333405,0.7182506925024401,1.3389858521643698,1.0571227621651,-0.407956147714689,-0.028504489831695075,-0.06889461427420675,0.05834581981117107,0.40603365126092256,0.835436668062937,0.17253645850681854,1.0689338608170411,10,normalized_compact_thermal,ridge
10,72.3,0.5130522568374942,1.0852896348659957,0.8287635064472486,1.3418157632847427,0.6570440436157836,1.0500137297952543,0.7214917079873625,1.3785357516031462,1.0571227621651,-0.407956147714689,-0.00710903236984565,-0.012048077562801934,0.07109891680352975,0.395413566354534,0.9186745208770333,0.20884534246067232,1.1052427447708948,10,normalized_compact_thermal,ridge
10,72.5,0.5605938230204309,1.1096393131155902,0.8293424016053746,1.3899362246258056,0.6569668173843117,1.0658191406843547,0.7373357319921988,1.3943025493765107,1.0571227621651,-0.407956147714689,0.00869637851925454,-0.012165620322687531,0.07848285525666937,0.36816485244905156,0.945768782319572,0.20876811622920044,1.105165518539423,10,normalized_compact_thermal,ridge
10,72.7,0.4842305846603964,1.0755500418889579,0.8334347495587598,1.317665334219156,0.7153220037423106,1.0828516130235897,0.7251906111524344,1.440512614894745,1.0571227621651,-0.407956147714689,0.025728850858489614,0.07293366493158587,0.0965643135239607,0.3599837149257288,1.0706602925588924,0.2671233025871993,1.1635207048974219,10,normalized_compact_thermal,ridge
10,72.9,0.4079804985036515,1.0625048100398824,0.8585145607880567,1.2664950592917081,0.6495217712947602,1.001216609301167,0.6764557236537869,1.325977494948547,1.0571227621651,-0.407956147714689,-0.05590615286393301,-0.02356277563426802,0.08022110215262797,0.3543233887284939,0.9447201538610265,0.2013230701396489,1.0977204724498715,10,normalized_compact_thermal,ridge
10,73.1,0.6173265293128423,1.0816597960883887,0.7729965314319678,1.3903230607448098,0.6803907897097726,1.124287426887788,0.7840920320329017,1.4644828217426744,1.0571227621651,-0.407956147714689,0.06716466472268795,0.022868192580881387,0.07977854324315382,0.3868209396712507,0.9739606397482945,0.23219208855466134,1.128589490864884,10,normalized_compact_thermal,ridge
10,73.3,0.5547936467139113,1.0812346232062473,0.8038377998492917,1.358631446563203,0.7305854463000016,1.0846779021371484,0.7193851789871477,1.4499706252871492,1.0571227621651,-0.407956147714689,0.027555139972048382,0.09404706269275309,0.10273724653889937,0.35253193925776105,1.108638953342242,0.28238674514489026,1.1787841474551128,10,normalized_compact_thermal,ridge
10,73.5,0.851058598776599,0.9694302279407784,0.543900928552479,1.3949595273290778,0.6995409123549282,1.084313516055244,0.7345430598777798,1.4340839722327081,1.0571227621651,-0.407956147714689,0.027190753890143995,0.05062514912619932,0.08511105350945339,0.38634843979702627,1.0127333849128302,0.2513422111998169,1.1477396135100395,10,normalized_compact_thermal,ridge
10,73.7,0.9511030042819243,1.2386038024122277,0.7630523002712656,1.7141553045531899,0.6925489838504473,1.0710603718167155,0.7247858798914919,1.4173348637419392,1.0571227621651,-0.407956147714689,0.013937609651615508,0.04057983909454735,0.0818579073423269,0.39132746981864847,0.9937704978822461,0.24435028269533599,1.1407476850055587,10,normalized_compact_thermal,ridge
10,73.9,0.6618194442143381,1.071823709857768,0.7409139877505991,1.4027334319649372,0.6677091176758989,1.072483523238828,0.7386289644008784,1.4063380820767772,1.0571227621651,-0.407956147714689,0.015360761073727955,0.004053494851200608,0.09242934223726355,0.3275867359340987,1.0078314994176991,0.21951041652078762,1.11590781883101,10,normalized_compact_thermal,ridge
10,74.1,0.5358264742932013,1.0745582031410372,0.8066449659944367,1.3424714402876379,0.6967182264022722,1.0716867295905512,0.7233276163894151,1.4200458427916873,1.0571227621651,-0.407956147714689,0.01456396742545112,0.046581931474618456,0.08691882032785485,0.37687351613472425,1.0165629366698201,0.24851952524716092,1.1449169275573836,10,normalized_compact_thermal,ridge
10,74.3,0.5230950116644268,1.073805185230649,0.8122576793984355,1.3353526910628624,0.641404300233226,1.0497161451243782,0.7290139950077652,1.3704182952409911,1.0571227621651,-0.407956147714689,-0.0074066170407219405,-0.03613913958243348,0.07177878508397294,0.37727203714057395,0.9055365633258781,0.19320559907811474,1.0896030013883373,10,normalized_compact_thermal,ridge
10,74.5,0.6794503655660943,1.1015490691794105,0.7618238863963634,1.4412742519624577,0.6789135208054147,1.0587864100107738,0.7193296496080664,1.398243170413481,1.0571227621651,-0.407956147714689,0.001663647845673655,0.02069462559587289,0.09479654397538953,0.3300802873606134,1.0277467542502159,0.23071481965030338,1.1271122219605259,10,normalized_compact_thermal,ridge
10,74.7,0.5342645485509896,1.0231549462677314,0.7560226719922367,1.290287220543226,0.6788814061176907,1.061117903347993,0.7216772002891476,1.4005586064068383,1.0571227621651,-0.407956147714689,0.0039951411828928005,0.02064732141599526,0.08984815516134832,0.3482573013811281,1.0095055108542532,0.23068270496257937,1.127080107272802,10,normalized_compact_thermal,ridge
10,74.9,0.5103857481098643,1.05002170713043,0.794828833075498,1.3052145811853622,0.6613705532339061,1.0211324206930088,0.6904471440760558,1.3518176973099618,1.0571227621651,-0.407956147714689,-0.03599034147209115,-0.0054848535828126155,0.09973249924900728,0.29437394414239343,1.028367162325419,0.21317185207879485,1.1095692543890174,10,normalized_compact_thermal,ridge
10,75.1,0.43853549499945027,1.1169837749801241,0.8977160274803989,1.3362515224798492,0.6408777513424567,1.075124855533754,0.7546859798625256,1.3955637312049824,1.0571227621651,-0.407956147714689,0.018002093368653955,-0.03696040806968699,0.08019298705104522,0.34578282699715984,0.9359726756877536,0.19267905018734544,1.089076452497568,10,normalized_compact_thermal,ridge
10,75.3,0.5811410659231477,1.054380993723709,0.7638104607621351,1.3449515266852827,0.7091865385799462,1.053202359342315,0.6986090900523418,1.4077956286322881,1.0571227621651,-0.407956147714689,-0.003920402822785158,0.06431946161871321,0.07512380937816175,0.4327452229463467,0.9856278542135457,0.2609878374248349,1.1573852397350575,10,normalized_compact_thermal,ridge
10,75.5,0.6210227464814038,1.0304500578199884,0.7199386845792866,1.3409614310606903,0.6174794772838255,1.0176452901041266,0.7089055514622139,1.3263850287460395,1.0571227621651,-0.407956147714689,-0.03947747206097346,-0.07415329848551026,0.07484274524546293,0.34207242414654804,0.8928865304211029,0.16928077612871417,1.0656781784389366,10,normalized_compact_thermal,ridge
10,75.7,0.604256769896783,1.0344617557776907,0.7323333708292993,1.3365901407260823,0.6361526324409076,1.046789921434171,0.7287136052137171,1.3648662376546248,1.0571227621651,-0.407956147714689,-0.010332840730929192,-0.0443606086052325,0.07532277908298417,0.35897914617555193,0.9133261187062632,0.1879539312857963,1.0843513335960189,10,normalized_compact_thermal,ridge
10,75.9,0.8943980885201182,0.9664277717876064,0.5192287275275475,1.4136268160476655,0.7014694114173767,1.0850156296496143,0.7342809239409259,1.4357503353583025,1.0571227621651,-0.407956147714689,0.02789286748451433,0.05337816278747935,0.09509303433798669,0.3515451498872389,1.0513936729475146,0.25327071026226544,1.149668112572488,10,normalized_compact_thermal,ridge
10,76.1,0.5117142643702958,1.0803002810942324,0.8244431489090844,1.3361574132793803,0.6597069911928936,1.0725416577830635,0.7426881621866168,1.4023951533795103,1.0571227621651,-0.407956147714689,0.015418895617963564,-0.008003347561210176,0.08153920823076817,0.35965822921426954,0.9597557531715175,0.21150829003778227,1.1079056923480048,10,normalized_compact_thermal,ridge
10,76.3,0.4468610189996177,1.0602546523929632,0.8368241428931544,1.2836851618927723,0.7325653059186092,1.0933013260523883,0.7270186730930837,1.459583979011693,1.0571227621651,-0.407956147714689,0.036178563887288254,0.09675336048740982,0.1093457913873039,0.33019361204001724,1.1349369997972012,0.28436660476349795,1.1807640070737206,10,normalized_compact_thermal,ridge
10,76.5,0.5800294059952646,0.9876045667928952,0.6975898637952629,1.2776192697905275,0.5991176051432309,1.0067337289172908,0.7071749263456755,1.3062925314889062,1.0571227621651,-0.407956147714689,-0.050389033247809176,-0.10434121662496693,0.07836449092438931,0.3107511984152879,0.8874840118711738,0.15091890398811958,1.0473163062983422,10,normalized_compact_thermal,ridge
10,76.7,0.5738521983294185,1.0227363732854369,0.7358102741207276,1.309662472450146,0.6724265623102914,1.004158302681362,0.6679450215262164,1.3403715838365078,1.0571227621651,-0.407956147714689,-0.052964459483737916,0.01109377322009105,0.10745628899941301,0.27700787747537053,1.0678452471452122,0.22422786115518012,1.1206252634654028,10,normalized_compact_thermal,ridge
10,76.9,0.7384273162285403,1.1168028976540807,0.7475892395398105,1.4860165557683507,0.46628406624524565,0.9846896606467626,0.7515476275241397,1.2178316937693854,1.0571227621651,-0.407956147714689,-0.07243310151833751,-0.3550040986455245,0.06176210862154264,0.23901126545184279,0.6935568670386485,0.018085365090134364,0.9144827674003569,10,normalized_compact_thermal,ridge
10,77.1,1.1114536749629567,0.875757945707887,0.3200311082264088,1.4314847831893653,0.43962690770741125,0.9503868159651316,0.730573362111426,1.1702002698188372,1.0571227621651,-0.407956147714689,-0.10673594619996836,-0.41387270108570495,0.033075445792198115,0.3179155644508882,0.5613382509639343,-0.008571793447700038,0.8878256088625225,10,normalized_compact_thermal,ridge
10,77.3,0.6549190043651352,1.0641491083030679,0.7366896061205003,1.3916086104856353,0.5108763578468081,0.9484746625811021,0.6930364836576981,1.2039128415045062,1.0571227621651,-0.407956147714689,-0.10864809958399789,-0.26367153150191325,0.03319286028474795,0.38873295161233434,0.6330197640812818,0.06267765669169678,0.9590750590019194,10,normalized_compact_thermal,ridge
10,77.5,0.8984014801597762,1.2301948638826625,0.7809941238027744,1.6793956039625506,0.4337271602214023,0.9639544824516443,0.7470909023409431,1.1808180625623454,1.0571227621651,-0.407956147714689,-0.09316827971345577,-0.42738345794286503,0.026920342092381123,0.33466542670542676,0.5327888937373778,-0.014471540933709004,0.8819258613765135,10,normalized_compact_thermal,ridge
10,77.7,0.809045331548757,1.1880950506369263,0.7835723848625478,1.5926177164113047,0.5815893101504703,1.0601617129180299,0.7693670578427947,1.350956367993265,1.0571227621651,-0.407956147714689,0.003038950752929804,-0.13403458528845988,0.044460208877222414,0.41798420629458344,0.7451944140063572,0.13339060899535904,1.0297880113055817,10,normalized_compact_thermal,ridge
10,77.9,0.5511359968535692,1.0558359909065467,0.7802679924797622,1.3314039893333314,0.6681056353231888,1.088926807839735,0.7548739901781405,1.4229796255013294,1.0571227621651,-0.407956147714689,0.031804045674634795,0.004647166478266435,0.06191227163713909,0.4402802632220394,0.8959310074243382,0.2199069341680775,1.1163043364783,10,normalized_compact_thermal,ridge
10,78.1,0.6203597860070282,1.0059220641335407,0.6957421711300268,1.3161019571370547,0.6200443090039635,1.0372633374901907,0.7272411829882091,1.3472854919921724,1.0571227621651,-0.407956147714689,-0.019859424674909275,-0.07000818964646856,0.06840536472577767,0.3683255905614547,0.8717630274464723,0.17184560784885217,1.0682430101590747,10,normalized_compact_thermal,ridge
10,78.3,0.679826864507552,1.0665980780203115,0.7266846457665354,1.4065115102740875,0.661364835038172,1.0182180325114163,0.6875356149923303,1.3489004500305022,1.0571227621651,-0.407956147714689,-0.038904729653683634,-0.005493499598916644,0.08224449801013924,0.35872074095210904,0.964008929124235,0.21316613388306072,1.1095635361932832,10,normalized_compact_thermal,ridge
10,78.5,0.6043150930204756,1.0901402020728104,0.7879826555625726,1.3922977485830481,0.6475105190693906,1.033533445269129,0.7097781857344336,1.3572887048038242,1.0571227621651,-0.407956147714689,-0.023589316895971026,-0.026664092158702066,0.08133943163082029,0.34819689694295913,0.946824141195822,0.19931181791427932,1.095709220224502,10,normalized_compact_thermal,ridge
10,78.7,0.6867428579943708,1.1522666507961825,0.8088952217989971,1.495638079793368,0.6310560519915002,1.0239746396183729,0.7084466136226228,1.339502665614123,1.0571227621651,-0.407956147714689,-0.03314812254672714,-0.052404442257000694,0.06771822660965207,0.38186587099159575,0.8802462329914046,0.18285735083638888,1.0792547531466115,10,normalized_compact_thermal,ridge
10,78.9,0.38041187862712966,1.146804501579987,0.9565985622664223,1.3370104408935517,0.6240980174436941,1.0525769116479566,0.7405279029261096,1.3646259203698037,1.0571227621651,-0.407956147714689,-0.004545850517143384,-0.06349169599698268,0.06962697328709319,0.3678840120785083,0.8803120228088799,0.1758993162885828,1.0722967185988055,10,normalized_compact_thermal,ridge
10,79.1,0.6616407151435914,1.1780103265419404,0.8471899689701449,1.508830684113736,0.6210491017203823,0.9991744312377374,0.6886498803775463,1.3096989820979286,1.0571227621651,-0.407956147714689,-0.057948330927362596,-0.06838898366685528,0.06864979783612198,0.3684309159696085,0.8736672874711562,0.172850400565271,1.0692478028754935,10,normalized_compact_thermal,ridge
10,79.3,0.8184360438960913,1.245695088198633,0.8364770662505875,1.6549131101466787,0.6083076927237326,1.0191897370256437,0.7150358906637775,1.32334358338751,1.0571227621651,-0.407956147714689,-0.03793302513945624,-0.08911830375454655,0.09330710349714301,0.2649553166631962,0.9516600687842691,0.16010899156862135,1.056506393878844,10,normalized_compact_thermal,ridge
10,79.5,0.7062603124610581,1.1543919530226754,0.8012617967921464,1.5075221092532045,0.6678643823806257,1.0713863544248838,0.737454163234571,1.4053185456151966,1.0571227621651,-0.407956147714689,0.0142635922597837,0.004286001269484106,0.08996892429103334,0.33679587024014684,0.9989328945211047,0.21966568122551444,1.116063083535737,10,normalized_compact_thermal,ridge
10,79.7,0.6115796467550254,1.0587194469209609,0.7529296235434482,1.3645092702984736,0.6930943556697701,1.1264896443341972,0.7799424664993122,1.4730368221690822,1.0571227621651,-0.407956147714689,0.06936688216909716,0.041367014021787926,0.086920385422234,0.37324388615288634,1.0129448251866537,0.24489565451465878,1.1412930568248814,10,normalized_compact_thermal,ridge
10,79.9,0.5496856786774552,1.0872656210972291,0.8124227817585016,1.3621084604359568,0.7185117903085576,1.081028641140894,0.7217727459866152,1.4402845362951728,1.0571227621651,-0.407956147714689,0.023905878975794045,0.07738298373224609,0.11466080675436506,0.296581851808916,1.1404417288081992,0.2703130891534463,1.166710491463669,10,normalized_compact_thermal,ridge
10,80.1,0.5796809477965065,1.0801796806244823,0.790339206726229,1.3700201545227355,0.7262260350601154,1.1298369232069452,0.7667239056768875,1.4929499407370028,1.0571227621651,-0.407956147714689,0.0727141610418452,0.08806217815816599,0.12172836973430592,0.27828881039287257,1.1741632597273584,0.2780273339050041,1.1744247362152267,10,normalized_compact_thermal,ridge
10,80.3,0.5823011762671033,1.0625177650986062,0.7713671769650545,1.3536683532321578,0.6704396157455838,1.0682811335115878,0.7330613256387959,1.4035009413843798,1.0571227621651,-0.407956147714689,0.011158371346487714,0.008134508853780205,0.0941231987775488,0.3240841644301425,1.016795067061025,0.22224091459047246,1.118638316900695,10,normalized_compact_thermal,ridge
10,80.5,0.8174131819524604,1.0083214386787256,0.5996148477024954,1.4170280296549558,0.663070167326251,1.017175334183822,0.6856402505206967,1.3487104178469476,1.0571227621651,-0.407956147714689,-0.03994742798127801,-0.0029183136102414534,0.1043022931910137,0.27925758657462785,1.0468827480778742,0.21487146617113972,1.1112688684813623,10,normalized_compact_thermal,ridge
10,80.7,0.8259644116589198,1.1786502976771607,0.7656680918477008,1.5916325035066206,0.6352436461504759,1.0618090986005495,0.7441872755253116,1.3794309216757874,1.0571227621651,-0.407956147714689,0.004686336435449377,-0.045790511241594486,0.08711204957206689,0.31468788905328743,0.9557994032476644,0.18704494499536461,1.0834423473055872,10,normalized_compact_thermal,ridge
10,80.9,0.6097152811052591,1.1379842756544478,0.8331266351018183,1.4428419162070774,0.6534384689944999,1.0814342418673537,0.7547150073701038,1.4081534763646038,1.0571227621651,-0.407956147714689,0.024311479702253596,-0.017550758727182758,0.08424520293254703,0.34343216170967694,0.9634447762793228,0.20523976783938858,1.101637170149611,10,normalized_compact_thermal,ridge
10,81.1,0.6212089387528893,1.1282697048931798,0.8176652355167353,1.4388741742696245,0.7223881749995325,1.0872528006768571,0.7260587131770909,1.4484468881766235,1.0571227621651,-0.407956147714689,0.030130038511757034,0.08276350165308705,0.11488447804245401,0.29963516874466667,1.1451411812543983,0.27418947384442116,1.1705868761546436,10,normalized_compact_thermal,ridge
10,81.3,0.5452277824696217,1.0776538204949384,0.8050399292601276,1.3502677117297492,0.6417582387534925,1.1063340810457485,0.7854549616690023,1.4272132004224947,1.0571227621651,-0.407956147714689,0.049211318880648516,-0.035587473650037546,0.09330322530487198,0.29842013370214154,0.9850963438048435,0.19355953759838118,1.0899569399086038,10,normalized_compact_thermal,ridge
10,81.5,0.6152723730824179,1.072978387488117,0.7653422009469079,1.3806145740293259,0.6941484335335191,1.103818433037788,0.7567442162710285,1.4508926498045476,1.0571227621651,-0.407956147714689,0.0466956708726879,0.04288668754225712,0.10017248117904544,0.3255327747079534,1.0627640923590849,0.24594973237840778,1.1423471346886305,10,normalized_compact_thermal,ridge
10,81.7,0.6623661864352596,1.0777464965790344,0.7465634033614047,1.4089295897966643,0.6380451684559665,1.0547920709832936,0.7357694867553104,1.3738146552112769,1.0571227621651,-0.407956147714689,-0.0023306911818062933,-0.041390053475718544,0.09503064441487598,0.28835048996441215,0.9877398469475208,0.1898464673008552,1.0862438696110779,10,normalized_compact_thermal,ridge
10,81.9,0.549431252165137,1.0722747193295328,0.7975590932469643,1.3469903454121013,0.6224017758605835,1.041837822711838,0.7306369347815461,1.3530387106421298,1.0571227621651,-0.407956147714689,-0.015284939453262205,-0.06621330516089792,0.08232967133978127,0.3194442601376516,0.9253592915835155,0.17420307470547225,1.0706004770156947,10,normalized_compact_thermal,ridge
10,82.1,0.6082355905876832,1.049528415615527,0.7454106203216855,1.3536462109093685,0.6646996135526867,1.0953669254071001,0.7630171186307568,1.4277167321834434,1.0571227621651,-0.407956147714689,0.038244163242000015,-0.00046390160613966197,0.09320348401247698,0.3217285374675304,1.007670689637843,0.2165009123975754,1.112898314707798,10,normalized_compact_thermal,ridge
10,82.3,0.744906840700623,1.0598416600902176,0.687388239739906,1.432295080440529,0.6476186933588414,1.0388366541785512,0.7150273074991305,1.362646000857972,1.0571227621651,-0.407956147714689,-0.01828610798654875,-0.02649704428631343,0.0950410334628096,0.2978857851488699,0.9973516015688129,0.19941999220373008,1.0958173945139527,10,normalized_compact_thermal,ridge
10,82.5,0.6245449036156994,1.1385322290913609,0.8262597772835111,1.4508046808992106,0.6846542785229642,1.0668527508770265,0.7245256116155443,1.4091798901385086,1.0571227621651,-0.407956147714689,0.009729988711926485,0.029114876703222246,0.10297962064968041,0.305708880898837,1.0635996761470914,0.23645557736785294,1.1328529796780755,10,normalized_compact_thermal,ridge
10,82.7,0.4883516359676175,1.1570882810106253,0.9129124630268165,1.401264098994434,0.6598478285767455,1.0495333229904753,0.7196094087021025,1.379457237278848,1.0571227621651,-0.407956147714689,-0.007589439174624842,-0.007789885593163487,0.09351659093622311,0.3157245786248639,1.003971078528627,0.21164912742163422,1.108046529731857,10,normalized_compact_thermal,ridge
10,82.9,0.6391190149822016,1.1376968475496818,0.8181373400585811,1.4572563550407827,0.6983668035389335,1.0377568000169037,0.6885733982474369,1.3869402017863706,1.0571227621651,-0.407956147714689,-0.019365962148196303,0.04894533996750736,0.10632849824118167,0.3070981739733813,1.0896354331044857,0.25016810238382226,1.1465655046940448,10,normalized_compact_thermal,ridge
10,83.1,0.6587688196703645,1.1808641674245655,0.8514797575893833,1.5102485772597478,0.6955993214347952,1.1026374781266328,0.7548378174092352,1.4504371388440305,1.0571227621651,-0.407956147714689,0.045514715961532864,0.04497467570155891,0.12568151721130844,0.23311526669487642,1.158083376174714,0.2474006202796839,1.1437980225899065,10,normalized_compact_thermal,ridge
10,83.3,0.6503889675821637,1.1351417887838926,0.8099473049928108,1.4603362725749744,0.6450876515480963,1.0649208631144385,0.7423770373403903,1.3874646888884867,1.0571227621651,-0.407956147714689,0.007798100949338461,-0.030412929831393806,0.09591452692497698,0.29214045370241987,0.9980348493937727,0.19688895039298504,1.0932863527032075,10,normalized_compact_thermal,ridge
10,83.5,0.6617641006122899,1.1013206697249602,0.7704386194188153,1.4322027200311052,0.6171574730974412,1.0269496480352311,0.7183709114865106,1.3355283845839518,1.0571227621651,-0.407956147714689,-0.030173114129868905,-0.07467491610530656,0.08474403577388315,0.30531555592965764,0.9289993902652247,0.1689587719423299,1.0653561742525524,10,normalized_compact_thermal,ridge
10,83.7,0.7072628420407344,1.141600230668214,0.7879688096478468,1.4952316516885813,0.6309724985121681,1.009152810791815,0.693666561535731,1.324639060047899,1.0571227621651,-0.407956147714689,-0.04796995137328497,-0.05253685365042095,0.09266232024360851,0.2899928020638746,0.9719521949604615,0.1827737973570568,1.0791711996672793,10,normalized_compact_thermal,ridge
10,83.9,0.5595615607347519,1.1570216197405907,0.8772408393732147,1.4368024001079667,0.6443790805665425,1.0753207180857682,0.7531311778024969,1.3975102583690395,1.0571227621651,-0.407956147714689,0.018197955920668207,-0.031511943920282254,0.09535997203282102,0.2934725391418809,0.9952856219912041,0.19618037941143118,1.0925777817216538,10,normalized_compact_thermal,ridge
10,84.1,0.5611731165416869,1.1212928163528006,0.8407062580819572,1.4018793746236442,0.6998665383201164,1.1222862377948977,0.7723529686348395,1.4722195069549557,1.0571227621651,-0.407956147714689,0.06516347562979763,0.051090526055424544,0.10226555250037538,0.3235487755334647,1.076184301106768,0.25166783716500507,1.1480652394752275,10,normalized_compact_thermal,ridge
10,84.3,0.7492031979569312,1.0327563201786598,0.6581547212001941,1.4073579191571255,0.6392418789933882,1.0869684208136714,0.7673474813169773,1.4065893603103654,1.0571227621651,-0.407956147714689,0.02984565864857128,-0.03951622113713228,0.09835161166305388,0.27732667330996774,1.0011570846768088,0.19104317783827696,1.0874405801484994,10,normalized_compact_thermal,ridge
10,84.5,0.4235935112460739,1.0877235526281923,0.8759267970051553,1.2995203082512292,0.5659961700493112,0.8515719044684593,0.5685738194438037,1.134569989493115,1.0571227621651,-0.407956147714689,-0.20555085769664072,-0.16121181978448929,0.07370372333352133,0.29478050068874845,0.837211839409874,0.11779746889419995,1.0141948712044226,10,normalized_compact_thermal,ridge
10,84.7,0.5347587954908544,1.1011520525143998,0.8337726547689728,1.3685314502598271,0.5667787400773984,0.947304576393616,0.6639152063549167,1.2306939464323152,1.0571227621651,-0.407956147714689,-0.10981818577148406,-0.15983013283929162,0.07470867452536545,0.29186504166425536,0.8416924384905413,0.11858003892228708,1.0149774412325097,10,normalized_compact_thermal,ridge
10,84.9,0.5822828849540113,1.1642758926232866,0.8731344501462809,1.4554173351002921,0.6067426405985438,1.0344911780990247,0.7311198577997529,1.3378624983982965,1.0571227621651,-0.407956147714689,-0.02263158406607526,-0.09169441594971703,0.06586021452565197,0.36438959031945484,0.8490956908776327,0.15854393944343248,1.054941341753655,10,normalized_compact_thermal,ridge
10,85.1,0.6760785279879865,1.158166510131153,0.8201272461371597,1.4962057741251462,0.6419579555043748,1.0893959973479503,0.7684170195957629,1.4103749751001378,1.0571227621651,-0.407956147714689,0.03227323518285023,-0.03527631959061697,0.06436138231241091,0.40512032240623125,0.8787955886025185,0.19375925434926355,1.0901566566594862,10,normalized_compact_thermal,ridge
10,85.3,1.0235035100958452,1.0528690653627992,0.5411173103148766,1.564620820410722,0.6329772495321432,1.0460901923885504,0.7296015676224787,1.362578817154622,1.0571227621651,-0.407956147714689,-0.011032569776549605,-0.0493646504766693,0.07332489936791829,0.36315558024042255,0.9027989188238639,0.1847785483770319,1.0811759506872545,10,normalized_compact_thermal,ridge
10,85.5,0.6513739882862182,1.0670541462317347,0.7413671520886257,1.3927411403748438,0.6188616271041881,1.0276723902687686,0.7182415767166745,1.3371032038208626,1.0571227621651,-0.407956147714689,-0.029450371896331453,-0.07191742621490131,0.07166131593039331,0.3551616281316694,0.8825616260767069,0.17066292594907684,1.0670603282592994,10,normalized_compact_thermal,ridge
10,85.7,0.6166856423795172,1.062176735942942,0.7538339147531833,1.3705195571327005,0.6264000945843513,1.0532405645851715,0.7400405172929958,1.3664406118773471,1.0571227621651,-0.407956147714689,-0.0038821975799285947,-0.059809835594136634,0.06816640281600837,0.3755607104736575,0.877239478695045,0.17820139342924002,1.0745987957394627,10,normalized_compact_thermal,ridge
10,85.9,0.6544448561547667,1.2225157829449738,0.8952933548675904,1.549738211022357,0.6055266819957578,1.0303342676067166,0.7275709266088377,1.3330976086045956,1.0571227621651,-0.407956147714689,-0.026788494558383377,-0.09370050319108084,0.09237104350522723,0.26561882848831214,0.9454345355032034,0.15732798084064648,1.053725383150869,10,normalized_compact_thermal,ridge
10,86.1,0.5298375166003481,1.1242706002351697,0.8593518419349956,1.3891893585353436,0.5630633504922085,1.0010430652933804,0.7195113900472762,1.2825747405394847,1.0571227621651,-0.407956147714689,-0.056079696871719625,-0.16640698638125737,0.06289950768867526,0.33160513768201333,0.7945215633024036,0.11486464933709717,1.0112620516473196,10,normalized_compact_thermal,ridge
10,86.3,0.5731806043085694,1.1107998395294572,0.8242095373751723,1.3973901416837418,0.6246552514829511,1.007289663685812,0.6949620379443364,1.3196172894272875,1.0571227621651,-0.407956147714689,-0.049833098479288046,-0.06259923134426211,0.07351403961135447,0.3541375821059372,0.895172920859965,0.1764565503278398,1.0728539526380625,10,normalized_compact_thermal,ridge
10,86.5,0.6206244406648723,1.115656268862557,0.8053440485301209,1.4259684891949933,0.5847826837600237,1.0739424621222833,0.7815511202422714,1.3663338040022952,1.0571227621651,-0.407956147714689,0.01681969995718322,-0.12855883380375485,0.06691954388722063,0.33853150311686847,0.831033864403179,0.13658398260491245,1.032981384915135,10,normalized_compact_thermal,ridge
10,86.7,0.6422819391735853,1.115302384981491,0.7941614153946982,1.4364433545682835,0.6665191145345397,1.0440768684090034,0.7108173111417335,1.3773364256762732,1.0571227621651,-0.407956147714689,-0.013045893756096555,0.002269686911633942,0.0821951330360523,0.36405667415448245,0.968981554914597,0.21832041337942842,1.1147178156896511,10,normalized_compact_thermal,ridge
10,86.9,0.6079981658868289,1.0961212859894651,0.7921222030460507,1.4001203689328794,0.5921300718882446,1.0423179846544137,0.7462529487102914,1.338383020598536,1.0571227621651,-0.407956147714689,-0.014804777510686363,-0.1160728044900334,0.07272954047723827,0.32449920996340376,0.8597609338130855,0.14393137073313333,1.040328773043356,10,normalized_compact_thermal,ridge
10,87.1,0.6377402955265691,1.1057449750928718,0.7868748273295872,1.4246151228561565,0.624919964816163,1.070746719575073,0.7582867371669916,1.3832067019831547,1.0571227621651,-0.407956147714689,0.013623957409973124,-0.062175546025093106,0.09988861874442846,0.2573488657052073,0.9924910639271186,0.17672126366105168,1.0731186659712741,10,normalized_compact_thermal,ridge
10,87.3,0.5732419372886559,1.0908031641477578,0.8041821955034298,1.3774241327920858,0.6385826510634007,1.0842194413063457,0.7649281157746454,1.4035107668380462,1.0571227621651,-0.407956147714689,0.027096679141245698,-0.04054801849735841,0.0853340880820497,0.3245694537420628,0.9525958483847387,0.19038394990828944,1.086781352218512,10,normalized_compact_thermal,ridge
10,87.5,0.7292515245867895,1.1267132715163175,0.7620875092229227,1.4913390338097121,0.6340402784221255,1.0739994966205106,0.7569793574094479,1.3910196358315734,1.0571227621651,-0.407956147714689,0.01687673445541064,-0.04768664821393999,0.08505591392333214,0.32105070904308286,0.9470298478011682,0.18584157726701422,1.082238979577237,10,normalized_compact_thermal,ridge
10,87.7,0.6329024893340063,1.1355733048994785,0.8191220602324755,1.4520245495664816,0.6425781819438755,1.0565896333710652,0.7353005423991275,1.3778787243430028,1.0571227621651,-0.407956147714689,-0.0005331287940348109,-0.034310637941626365,0.09392041761702882,0.2969689266914915,0.9881874371962596,0.19437948078876421,1.0907768830989868,10,normalized_compact_thermal,ridge
10,87.9,1.049905922075992,1.136461080692177,0.611508119654181,1.661414041730173,0.6546656251187472,1.0758750468666185,0.748542234307245,1.403207859425992,1.0571227621651,-0.407956147714689,0.018752284701518362,-0.015674521981555875,0.09554148468037428,0.3030911517094178,1.0062400985280764,0.20646692396363586,1.1028643262738584,10,normalized_compact_thermal,ridge
10,88.1,0.43567033316511056,1.1566352867333514,0.9388001201507961,1.3744704533159067,0.6502572327228301,1.0454916869213329,0.7203630705599178,1.370620303282748,1.0571227621651,-0.407956147714689,-0.011631075243767202,-0.0224311040127268,0.10280609492307367,0.2719503767349233,1.0285640887107368,0.2020585315677188,1.0984559338779414,10,normalized_compact_thermal,ridge
10,88.3,0.43227467501176786,1.160611963875936,0.944474626370052,1.37674930138182,0.6390925431929849,1.0789484056344936,0.759402134038001,1.398494677230986,1.0571227621651,-0.407956147714689,0.02182564346939356,-0.03974986234789982,0.08501392502138705,0.3262574849788019,0.9519276014071679,0.19089384203787363,1.0872912443480962,10,normalized_compact_thermal,ridge
10,88.5,0.3815525565218902,1.099792892880613,0.909016614619668,1.2905691711415581,0.6666122681946902,1.0878376107847407,0.7545314766873956,1.4211437448820858,1.0571227621651,-0.407956147714689,0.030714848619640658,0.0024094385692858475,0.08852221716038579,0.3408673628553459,0.9923571735340345,0.21841356703957893,1.1148109693498016,10,normalized_compact_thermal,ridge
10,88.7,0.5607446507368495,1.1118231581742661,0.8314508328058414,1.3921954835426908,0.6492179468741278,1.078113963457406,0.7535049900203421,1.4027229368944698,1.0571227621651,-0.407956147714689,0.020991201292306024,-0.024030651409412823,0.08994166992987508,0.3182497255937332,0.9801861681545224,0.20101924571901653,1.097416648029239,10,normalized_compact_thermal,ridge
10,88.9,1.1370275109715364,0.9970005544731719,0.4284867989874036,1.5655143099589401,0.6476700096506504,1.0366198738316115,0.7127848690062863,1.3604548786569366,1.0571227621651,-0.407956147714689,-0.020502888333488678,-0.026417808990403482,0.09648212079389747,0.2926341744319661,1.0027058448693347,0.19947130849553907,1.0958687108057616,10,normalized_compact_thermal,ridge
10,89.1,0.5819746150678631,1.1534535180090832,0.8624662104751518,1.4444408255430148,0.6262445000661817,1.0483121941498366,0.7351899441167458,1.3614344441829274,1.0571227621651,-0.407956147714689,-0.008810568015263481,-0.060058261236388674,0.08368739117520091,0.31829083384619644,0.9341981662861669,0.17804579891107042,1.074443201221293,10,normalized_compact_thermal,ridge
10,89.3,0.520465074546346,1.1272309176188782,0.866998380345705,1.3874634548920513,0.6502679715041937,1.036586696880208,0.7114527111281111,1.361720682632305,1.0571227621651,-0.407956147714689,-0.020536065284891943,-0.02241458948255262,0.10054372171607423,0.2802862181831245,1.0202497248252629,0.2020692703490824,1.0984666726593049,10,normalized_compact_thermal,ridge
10,89.5,0.6898417302675243,1.1241780475176557,0.7792571823838934,1.4690989126514178,0.6268573330646374,1.0448710584759466,0.7314423919436279,1.3582997250082653,1.0571227621651,-0.407956147714689,-0.012251703689153418,-0.059080155497316836,0.09481665035173319,0.27795011198295944,0.9757645541463154,0.17865863190952613,1.0750560342197488,10,normalized_compact_thermal,ridge
10,89.7,0.6380492722452911,1.1390082382169162,0.8199836020942706,1.4580328743395619,0.6001128180351349,1.0153563647013093,0.7152999556837418,1.3154127737188768,1.0571227621651,-0.407956147714689,-0.04176639746379074,-0.10268146366817921,0.08328575255800143,0.29363710545816823,0.9065885306121017,0.15191411688002365,1.0483115191902463,10,normalized_compact_thermal,ridge
10,89.9,0.5714054202750658,1.1303547520018953,0.8446520418643625,1.4160574621394282,0.6716499799388547,1.0861235650660663,0.750298575096639,1.4219485550354936,1.0571227621651,-0.407956147714689,0.0290008029009664,0.009938210373122383,0.09584413629101894,0.31896180622441855,1.0243381536532907,0.22345127878374338,1.1198486810939658,10,normalized_compact_thermal,ridge
10,90.1,0.5082898178097823,1.1326369562327945,0.8784920473279033,1.3867818651376855,0.6264544869332884,1.0994889275030517,0.7862616840364075,1.4127161709696958,1.0571227621651,-0.407956147714689,0.04236616533795179,-0.05972300612522036,0.08173724250354955,0.32567699653472165,0.9272319773318551,0.17825578577817713,1.0746531880883996,10,normalized_compact_thermal,ridge
10,90.3,0.42797151818066376,1.0911494782206859,0.8771637191303538,1.3051352373110177,0.664569765991533,1.0550608192541373,0.7227759362583708,1.3873457022499038,1.0571227621651,-0.407956147714689,-0.0020619429109627408,-0.0006592684197666773,0.09134894821835907,0.32842302854227906,1.0007165034407868,0.21637106483642166,1.1127684671466442,10,normalized_compact_thermal,ridge
10,90.5,0.6438971064191819,1.0812117955294673,0.7592632423198764,1.4031603487390583,0.6126366672960293,1.0754305474677754,0.7691122138197608,1.38174888111579,1.0571227621651,-0.407956147714689,0.018307785302675423,-0.08202708345919296,0.07211466151571333,0.3472684428823366,0.878004891709722,0.164437966140918,1.0608353684511407,10,normalized_compact_thermal,ridge
10,90.7,0.6466122618249066,1.119846413264531,0.7965402823520777,1.4431525441769844,0.6403161119035963,1.0670721507995415,0.7469140948477434,1.3872302067513398,1.0571227621651,-0.407956147714689,0.009949388634441413,-0.03783715200508832,0.08657350371360278,0.3217421010314085,0.958890122775784,0.19211741074848498,1.0885148130587075,10,normalized_compact_thermal,ridge
10,90.9,0.5037906399540121,1.1432951460210004,0.8913998260439943,1.3951904659980063,0.6251951336367962,1.072904287497424,0.7603067206790258,1.3855018543158222,1.0571227621651,-0.407956147714689,0.01578152533232386,-0.061735316440764756,0.08481942346101314,0.31307580413349223,0.9373144631401003,0.17699643248168495,1.0733938347919074,10,normalized_compact_thermal,ridge
10,91.1,0.5507766802621973,1.139258548919283,0.8638702087881844,1.4146468890503816,0.6342442126372938,1.1118169538197455,0.7946948475010986,1.4289390601383924,1.0571227621651,-0.407956147714689,0.05469419165464544,-0.047365057563950305,0.07947049285362308,0.34180792938230187,0.9266804958922857,0.1860455114821825,1.0824429137924052,10,normalized_compact_thermal,ridge
10,91.3,0.5068995709191999,1.162647515050165,0.909197729590565,1.416097300509765,0.6058314377640881,1.0360653082484204,0.7331495893663763,1.3389810271304645,1.0571227621651,-0.407956147714689,-0.021057453916679736,-0.09319733939535635,0.06288245286917225,0.3744359834425842,0.837226892085592,0.1576327366089768,1.0540301389191993,10,normalized_compact_thermal,ridge
10,91.5,0.43490985916594893,1.1600610589743128,0.9426061293913381,1.3775159885572872,0.6265721502938294,1.0318789889542184,0.7185929138073037,1.345165064101133,1.0571227621651,-0.407956147714689,-0.025243773210881688,-0.059535199485854326,0.07995888079906327,0.33233869238416236,0.9208056082034964,0.1783734491387181,1.0747708514489407,10,normalized_compact_thermal,ridge
10,91.7,0.6509645969621569,1.1549203661125755,0.8294380676314971,1.4804026645936539,0.6149196026759409,1.0415765766010163,0.7341167752630459,1.3490363779389867,1.0571227621651,-0.407956147714689,-0.015546185564083647,-0.0783075993626894,0.08425857470414168,0.30486408981751123,0.9249751155343706,0.16672090152082963,1.063118303831052,10,normalized_compact_thermal,ridge
10,91.9,0.8169586504989265,1.279509702807119,0.8710303775576557,1.6879890280565821,0.6522983630709921,1.0617435127552894,0.7355943312197935,1.3878926942907854,1.0571227621651,-0.407956147714689,0.004620750590189357,-0.01929706194119392,0.07410017867767726,0.37962381352536384,0.9249729126166204,0.2040996619158808,1.1004970642261034,10,normalized_compact_thermal,ridge
10,92.1,0.5610397493572217,1.2001701725716036,0.9196502978929929,1.4806900472502145,0.6267205851131338,1.0302215575813238,0.716861265024757,1.3435818501378907,1.0571227621651,-0.407956147714689,-0.026901204583776126,-0.059298327738648085,0.0750689791857631,0.35048103414840015,0.9029601360778674,0.1785218839580225,1.074919286268245,10,normalized_compact_thermal,ridge
10,92.3,0.43825024350486924,1.160179072816773,0.9410539510643383,1.3793041945692077,0.632047511419692,1.0236545837058637,0.7076308279960177,1.3396783394157097,1.0571227621651,-0.407956147714689,-0.033468178459236275,-0.05083456364920587,0.07417257425661514,0.3591065599270205,0.9049884629123635,0.18384881026458066,1.0802462125748034,10,normalized_compact_thermal,ridge
10,92.5,0.5378300592831542,1.1857791397955881,0.9168641101540111,1.4546941694371653,0.6551442397453598,1.0734089816152,0.74583686174252,1.40098110148788,1.0571227621651,-0.407956147714689,0.01628621945009989,-0.014943706523902742,0.07941933556868143,0.3628962055590796,0.94739227393164,0.20694553859024856,1.1033429409004711,10,normalized_compact_thermal,ridge
10,92.7,0.6057624486907777,1.1869071838165524,0.8840259594711635,1.4897884081619412,0.6407945156296054,1.0973313945706387,0.776934136755836,1.4177286523854413,1.0571227621651,-0.407956147714689,0.0402086324055386,-0.03709029418037729,0.06671262175359391,0.3953047690421373,0.8862842622170736,0.19259581447449414,1.0889932167847167,10,normalized_compact_thermal,ridge
10,92.9,0.5165425910851603,1.12046982963233,0.8621985340897499,1.3787411251749102,0.6637150354295063,1.0206830853314948,0.6888255676167416,1.352540603046248,1.0571227621651,-0.407956147714689,-0.036439676833605286,-0.00194623741780936,0.08906865544819362,0.3359593412278219,0.9914707296311907,0.21551633427439498,1.1119137365846177,10,normalized_compact_thermal,ridge
10,93.1,0.9665555421937392,0.926257745765062,0.44297997466819233,1.4095355168619317,0.6585485757058054,1.005934452015467,0.6766601641625642,1.3352087398683696,1.0571227621651,-0.407956147714689,-0.051188310149633,-0.0097608455977852,0.07481992028998416,0.38322551405902955,0.9338716373525813,0.2103498745506941,1.1067472768609168,10,normalized_compact_thermal,ridge
10,93.3,0.37971484442412806,1.147601037016861,0.957743614804797,1.337458459228925,0.6509420630280814,1.0288964466872652,0.7034254151732244,1.354367478201306,1.0571227621651,-0.407956147714689,-0.028226315477834846,-0.021378489904004108,0.08405251243893082,0.3416448200732795,0.9602393059828833,0.20274336187297015,1.0991407641831927,10,normalized_compact_thermal,ridge
10,93.5,0.6344988227935444,1.1385369609801328,0.8212875495833607,1.455786372376905,0.6061564210154856,0.9715759651965087,0.6684977546887658,1.2746541757042515,1.0571227621651,-0.407956147714689,-0.0855467969685914,-0.09266105801789526,0.07251894797843314,0.33930049939138485,0.8730123426395864,0.15795771986037432,1.054355122170597,10,normalized_compact_thermal,ridge
10,93.7,0.6020321885848524,1.1859554986237764,0.88493940433135,1.4869715929162026,0.6232976826836585,0.9938661537739698,0.6822173124321406,1.3055149951157992,1.0571227621651,-0.407956147714689,-0.06325660839113026,-0.06477490527816719,0.08343568616202653,0.31627024298984996,0.930325122377467,0.1750989815285472,1.0714963838387699,10,normalized_compact_thermal,ridge
10,93.9,0.47230969453936694,1.1409469216088992,0.9047920743392158,1.3771017688785827,0.6217748650952392,1.061254692374686,0.7503672598270663,1.3721421249223056,1.0571227621651,-0.407956147714689,0.004131930209585868,-0.06722105727223546,0.08062484398343267,0.32509078946031955,0.9184589407301588,0.17357616394012787,1.0699735662503504,10,normalized_compact_thermal,ridge
10,94.1,0.5725886624407333,1.191056506869381,0.9047621756490145,1.4773508380897475,0.6538184366965275,1.064964944073675,0.7380557257254112,1.3918741624219388,1.0571227621651,-0.407956147714689,0.007842181908575017,-0.01696943808382071,0.07760823955083951,0.36823489103998536,0.9394019823530697,0.20561973554141622,1.1020171378516388,10,normalized_compact_thermal,ridge
10,94.3,0.6125686327820976,1.2049656949534397,0.8986813785623909,1.5112500113444884,0.6512337391368369,1.0914472122759717,0.7658303427075532,1.4170640818443903,1.0571227621651,-0.407956147714689,0.03432445011087171,-0.02093050720743027,0.08411788237791744,0.3416959472523956,0.9607715310212782,0.20303503798172562,1.0994324402919482,10,normalized_compact_thermal,ridge
10,94.5,0.2829683875975956,1.1522495967168462,1.0107654029180484,1.293733790515644,0.6706789696096598,1.0655495170995486,0.7302100322947187,1.4008890019043785,1.0571227621651,-0.407956147714689,0.008426754934448475,0.008491455464215834,0.09090029265680936,0.3361831992070422,1.0051747400122775,0.2224802684545485,1.1188776707647712,10,normalized_compact_thermal,ridge
10,94.7,0.5420874561876203,1.137379045984964,0.8663353178911537,1.408422774078774,0.6443217830755592,1.0550956480063403,0.7329347564685607,1.3772565395441199,1.0571227621651,-0.407956147714689,-0.0020271141587598386,-0.03160086679235838,0.08617733987800319,0.3272055796924501,0.9614379864586683,0.19612308192044792,1.0925204842306706,10,normalized_compact_thermal,ridge
10,94.9,0.6285754984555117,1.160521306389597,0.846233557161841,1.4748090556173528,0.6065448606782126,0.9927277732979324,0.6894553429588262,1.2960002036370386,1.0571227621651,-0.407956147714689,-0.06439498886716763,-0.09202043912538632,0.07526494018238375,0.3295842105550751,0.8835055108013501,0.15834615952310127,1.0547435618333239,10,normalized_compact_thermal,ridge
10,95.1,0.6333705565488931,1.190334707000147,0.8736494287257005,1.5070199852745936,0.6148024556839236,1.0401283682649765,0.7327271404230147,1.3475295961069382,1.0571227621651,-0.407956147714689,-0.016994393900123535,-0.07849812533004169,0.06391534454360175,0.3796061566535346,0.8499987547143125,0.16660375452881226,1.063001156839035,10,normalized_compact_thermal,ridge
10,95.3,0.6597529598220861,1.1605781841043223,0.830701704193279,1.4904546640153655,0.6269464856940062,1.056495640261377,0.7430223974143739,1.36996888310838,1.0571227621651,-0.407956147714689,-0.0006271219037231116,-0.0589379440473512,0.07619377225719635,0.3465679103765891,0.9073250610114234,0.17874778453889495,1.0751451868491175,10,normalized_compact_thermal,ridge
10,95.5,1.0476069098095155,0.9800942472948728,0.45629079239011505,1.5038977021996307,0.5696027585160243,1.0391374955083652,0.754336116250353,1.3239388747663774,1.0571227621651,-0.407956147714689,-0.017985266656734875,-0.15485992828108525,0.07125446745247671,0.3073998844820538,0.8318056325499947,0.12140405736091298,1.0178014596711356,10,normalized_compact_thermal,ridge
10,95.7,0.5730826797286265,1.1751544520566068,0.8886131121922936,1.4616957919209204,0.6101178581264701,1.0721092516184232,0.7670503225551881,1.3771681806816582,1.0571227621651,-0.407956147714689,0.014986489453323208,-0.08614698271935409,0.04775678529603336,0.4343819806869993,0.785853735565941,0.16191915697135884,1.0583165592815815,10,normalized_compact_thermal,ridge
10,95.9,0.6156143293943482,1.1753582549292236,0.8675510902320493,1.4831654196263977,0.582272091621093,1.0791526099764015,0.788016564165855,1.370288655786948,1.0571227621651,-0.407956147714689,0.022029847811301552,-0.13286128140895656,0.04724507277734638,0.40841921882506255,0.7561249644171233,0.13407339046598166,1.0304707927762042,10,normalized_compact_thermal,ridge
14,24.700000000000003,0.44435651707097945,0.499445155680062,0.27726689714457226,0.7216234142155517,0.6242593989793865,0.9598438105222111,0.6477141110325179,1.2719735100119043,0.9968103318229109,-0.5803681848729205,-0.036966521300699745,0.10917889137205919,0.10093728420169334,0.1432090567991901,1.105309741159583,0.12464200826847227,1.1238767896903008,14,normalized_compact_thermal,spline_ridge
14,24.89999999999999,0.4080430343402491,1.0722117550774866,0.868190237907362,1.276233272247611,0.6339482825323287,0.9309813965232929,0.6140072552571285,1.2479555377894573,0.9968103318229109,-0.5803681848729205,-0.06582893529961795,0.1245802837078705,0.0963647497432832,0.17468988059745977,1.0932066844671977,0.13433089182141444,1.1335656732432429,14,normalized_compact_thermal,spline_ridge
14,25.099999999999994,0.4634846804473713,1.0509786412137327,0.8192363009900473,1.2827209814374183,0.6056124004135208,0.9309306631772749,0.6281244629705145,1.2337368633840353,0.9968103318229109,-0.5803681848729205,-0.06587966864563596,0.07885308404864211,0.09688927344430712,0.1438542055839373,1.0673705952431043,0.10599500970260656,1.105229791124435,14,normalized_compact_thermal,spline_ridge
14,25.299999999999997,1.109778152125103,1.048548588823528,0.4936595127609767,1.6034376648860793,0.6261344441102588,0.9466751864308133,0.6336079643756839,1.2597424084859425,0.9968103318229109,-0.5803681848729205,-0.05013514539209758,0.11217802088105733,0.09694445427014849,0.1641132666240413,1.0881556215964763,0.1265170533993445,1.125751834821173,14,normalized_compact_thermal,spline_ridge
14,25.5,0.5272563282983598,1.0672184803884308,0.8035903162392509,1.3308466445376108,0.6771800264103222,1.002065362659126,0.6634753494539649,1.3406553758642872,0.9968103318229109,-0.5803681848729205,0.005255030836215247,0.19055006134137945,0.11401035034508598,0.1338256209559736,1.2205344318646707,0.1775626356994079,1.1767974171212363,14,normalized_compact_thermal,spline_ridge
14,25.700000000000003,0.4021715717241879,1.0627011795892842,0.8616153937271902,1.2637869654513783,0.6480744594153153,0.9237508931251445,0.5997136634174869,1.247788122832802,0.9968103318229109,-0.5803681848729205,-0.07305943869776645,0.14661850214692757,0.09890612784222577,0.17670427129782312,1.1194446475328075,0.148457068704401,1.1476918501262294,14,normalized_compact_thermal,spline_ridge
14,25.89999999999999,0.5775632307882308,1.1381485611831714,0.8493669457890559,1.4269301765772868,0.6249109143213528,0.9548655486803218,0.6424100915196453,1.2673210058409983,0.9968103318229109,-0.5803681848729205,-0.04194478314258909,0.11022200838197363,0.09726462835745177,0.16136384027993667,1.088457988362769,0.12529352361043855,1.1245283050322672,14,normalized_compact_thermal,spline_ridge
14,26.099999999999994,1.0674567168079823,0.8477738698162918,0.3140455114123006,1.381502228220283,0.6262492984012078,0.9374068804354575,0.6242822312348536,1.2505315296360613,0.9968103318229109,-0.5803681848729205,-0.05940345138745337,0.11236143797179787,0.09619680631966317,0.16779128694680684,1.0847073098556088,0.12663190769029353,1.125866689112122,14,normalized_compact_thermal,spline_ridge
14,26.299999999999997,0.4733283558706848,1.0561677782962198,0.8195036003608774,1.2928319562315622,0.624035672052733,0.9392339344902759,0.6272160984639095,1.2512517705166424,0.9968103318229109,-0.5803681848729205,-0.05757639733263499,0.10882043937742933,0.09882018284217378,0.15307508353969496,1.094996260565771,0.12441828134181876,1.1236530627636472,14,normalized_compact_thermal,spline_ridge
14,26.5,0.6311204669421341,1.0548866823872345,0.7393264489161675,1.3704469158583015,0.6252864169477274,0.9103139713485188,0.5976707628746551,1.2229571798223824,0.9968103318229109,-0.5803681848729205,-0.08649636047439212,0.1108227177712427,0.09075110424427296,0.1927817176662917,1.057791116229163,0.1256690262368131,1.1249038076586415,14,normalized_compact_thermal,spline_ridge
14,26.700000000000003,0.4821923435813862,1.0695958528735638,0.8284996810828708,1.3106920246642568,0.6089537916125413,0.9041256281879184,0.5996487323816477,1.208602523994189,0.9968103318229109,-0.5803681848729205,-0.09268470363499248,0.08435529488048739,0.0894061938955739,0.18285871181473062,1.0350488714103518,0.109336400901627,1.1085711823234554,14,normalized_compact_thermal,spline_ridge
14,26.89999999999999,0.41362592599994585,1.0757541557360135,0.8689411927360405,1.2825671187359864,0.6643808935340466,0.916329594102059,0.5841391473350357,1.2485200408690824,0.9968103318229109,-0.5803681848729205,-0.08048073772085179,0.1714685257420763,0.10295253152231626,0.1737262171295783,1.1550355699385149,0.16476350282313235,1.1639982842449608,14,normalized_compact_thermal,spline_ridge
14,27.099999999999994,0.554936849534779,1.0949045757036389,0.8174361509362494,1.3723730004710284,0.6616010741891476,0.931968740136723,0.6011682030421492,1.2627692772312968,0.9968103318229109,-0.5803681848729205,-0.0648415916861879,0.1672756732222051,0.09667752872433302,0.20085201954798892,1.1223501288303064,0.16198368347823333,1.1612184649000619,14,normalized_compact_thermal,spline_ridge
14,27.299999999999997,0.476901759190771,1.0553375354116201,0.8168866558162345,1.2937884150070058,0.6759809214958741,0.9522849504494234,0.6142944897014864,1.2902754111973604,0.9968103318229109,-0.5803681848729205,-0.04452538137348752,0.18877775889624193,0.09989517886274685,0.19989708038466136,1.1520647626070868,0.1763635307849598,1.1755983122067883,14,normalized_compact_thermal,spline_ridge
14,27.5,0.5582687837288468,1.0239348295100967,0.7448004376456733,1.30306922137452,0.6732932697417863,0.924255244650015,0.5876086097791218,1.2609018795209082,0.9968103318229109,-0.5803681848729205,-0.07255508717289598,0.1847939054642205,0.10198660935435466,0.18724201805883994,1.1593445214247327,0.173675879030872,1.1729106604527004,14,normalized_compact_thermal,spline_ridge
14,27.700000000000003,0.6769198120851284,1.0851206937888995,0.7466607877463353,1.4235805998314637,0.6704977278706251,0.9216954264495133,0.5864465625142008,1.2569442903848258,0.9968103318229109,-0.5803681848729205,-0.07511490537339763,0.18063321989778933,0.0993947454699759,0.19679886924368278,1.1441965864975674,0.17088033715971085,1.1701151185815393,14,normalized_compact_thermal,spline_ridge
14,27.89999999999999,0.5788407710948076,1.1549471488776093,0.8655267633302055,1.444367534425013,0.6398143213149744,0.9068937908995385,0.5869866302420512,1.2268009515570257,0.9968103318229109,-0.5803681848729205,-0.08991654092337238,0.1337909172053451,0.10034496761785656,0.1615868616562091,1.1180417809737397,0.14019693060406013,1.1394317120258886,14,normalized_compact_thermal,spline_ridge
14,28.099999999999994,0.7150891480871082,1.12038844616663,0.7628438721230759,1.4779330202101841,0.6273088256187898,0.9300430844192578,0.6163886716098629,1.2436974972286525,0.9968103318229109,-0.5803681848729205,-0.06676724740365311,0.11405187010986176,0.09656633786340038,0.1670896881645456,1.087527963073034,0.1276914349078755,1.126926216329704,14,normalized_compact_thermal,spline_ridge
14,28.299999999999997,0.8687964372879533,1.1848853685685357,0.7504871499245591,1.6192835872125122,0.6643726673555088,0.9572452748279856,0.6250589411502312,1.28943160850574,0.9968103318229109,-0.5803681848729205,-0.03956505699492531,0.17145614394490932,0.096334592714306,0.20525798881505608,1.1234873458959616,0.16475527664459455,1.163990058066423,14,normalized_compact_thermal,spline_ridge
14,28.5,0.3687097199938242,1.061588725830127,0.8772338658332149,1.2459435858270391,0.6498647603342477,0.9432261826499654,0.6182938024828415,1.2681585628170893,0.9968103318229109,-0.5803681848729205,-0.053584149172945524,0.1493771861085342,0.09542136440166463,0.19510237634738076,1.1046271443211146,0.1502473696233334,1.149482151045162,14,normalized_compact_thermal,spline_ridge
14,28.700000000000003,0.4375716762027674,1.0363219957159355,0.8175361576145518,1.2551078338173192,0.658673945248393,0.9293980866534293,0.6000611140292328,1.2587350592776256,0.9968103318229109,-0.5803681848729205,-0.06741224516948158,0.16284154594776018,0.09774736012005018,0.19282625175385976,1.1245216387429262,0.1590565545374787,1.1582913359593072,14,normalized_compact_thermal,spline_ridge
14,28.89999999999999,0.5437159954182188,1.04986045322614,0.7780024555170304,1.3217184509352493,0.6462283962865076,0.9471645108791925,0.6240503127359387,1.2702787090224463,0.9968103318229109,-0.5803681848729205,-0.04964582094371839,0.1437659018107541,0.0942789923422561,0.19691036791532657,1.0955464246576887,0.14661100557559337,1.145845786997422,14,normalized_compact_thermal,spline_ridge
14,29.099999999999994,0.5019129688627746,0.9946202937553807,0.7436638093239935,1.245576778186768,0.6229384953217928,0.935392118595553,0.6239228709346567,1.2468613662564494,0.9968103318229109,-0.5803681848729205,-0.06141821322735781,0.10706069640474938,0.0974979309139368,0.15827954002147154,1.087597450622114,0.12332110461087853,1.122555886032707,14,normalized_compact_thermal,spline_ridge
14,29.299999999999997,0.4568488939277078,1.048802557265812,0.820378110301958,1.2772270042296658,0.6810766940108743,1.0008260182111666,0.6602876712057294,1.3413643652166036,0.9968103318229109,-0.5803681848729205,0.004015686388255654,0.1962878253920881,0.11617515479278123,0.12740518988923732,1.2347481981325115,0.18145930329996007,1.1806940847217886,14,normalized_compact_thermal,spline_ridge
14,29.5,0.922558559088055,1.2315245821381562,0.7702453025941287,1.6928038616821837,0.6732474320570384,0.9133892658947192,0.5767655498662001,1.2500129819232384,0.9968103318229109,-0.5803681848729205,-0.08342106592819166,0.18472582332648138,0.10482321136681408,0.17367740602311993,1.172817458090957,0.17363004134612414,1.1728648227679526,14,normalized_compact_thermal,spline_ridge
14,29.700000000000003,0.6835663677605269,1.0897439778631897,0.7479607939829261,1.431527161743453,0.6536554988840323,0.9377619172924484,0.6109341678504323,1.2645896667344645,0.9968103318229109,-0.5803681848729205,-0.05904841453046255,0.15519335844497317,0.10255106947020584,0.16491412398224936,1.1423968737858152,0.15403810817311803,1.1532728895949464,14,normalized_compact_thermal,spline_ridge
14,29.89999999999999,0.34358371510183733,1.0885539892817269,0.916762131730808,1.2603458468326456,0.641643114367043,0.9527016916354029,0.6318801344518814,1.2735232488189243,0.9968103318229109,-0.5803681848729205,-0.04410864018750807,0.1366451583883874,0.10274646319491826,0.151970525406192,1.131315703327894,0.14202572365612876,1.1412605050779572,14,normalized_compact_thermal,spline_ridge
14,30.099999999999994,0.94929771719413,1.248660328857031,0.774011470259966,1.723309187454096,0.6497612436002732,0.9552272232900962,0.6303466014899597,1.2801078450902328,0.9968103318229109,-0.5803681848729205,-0.0415831085328147,0.14921788376481382,0.10081568377761278,0.16929042885709722,1.130232058343449,0.15014385288935894,1.1493786343111876,14,normalized_compact_thermal,spline_ridge
14,30.299999999999997,0.5349538545441832,1.0821999085957354,0.8147229813236438,1.349676835867827,0.6431487568183685,0.9660234924096278,0.6444491140004436,1.287597870818812,0.9968103318229109,-0.5803681848729205,-0.0307868394132831,0.1389889514561158,0.1032623243544019,0.15101765919791044,1.1352798544388265,0.1435313661074542,1.1427661475292827,14,normalized_compact_thermal,spline_ridge
14,30.5,0.5717747844258088,1.098687921736363,0.8128005295234587,1.3845753139492674,0.6571431732405264,0.9643913236753956,0.6358197370551324,1.2929629102956588,0.9968103318229109,-0.5803681848729205,-0.032419008147515346,0.16051482033073314,0.09441934588468116,0.2071562431830778,1.107130103297975,0.15752578252961214,1.1567605639514407,14,normalized_compact_thermal,spline_ridge
14,30.700000000000003,1.005687660481393,1.283215724741357,0.7803718945006606,1.7860595549820535,0.6613949995620186,0.9559455200474638,0.6252480202664545,1.286643019828473,0.9968103318229109,-0.5803681848729205,-0.04086481177544714,0.16696414602589038,0.10276041380676354,0.17165592430073984,1.1511340748232974,0.16177760885110437,1.161012390272933,14,normalized_compact_thermal,spline_ridge
14,30.89999999999999,0.9887049343917436,1.2941974829060299,0.799845015710158,1.7885499501019018,0.6487549907904102,0.9378014587750334,0.6134239633798283,1.2621789541702384,0.9968103318229109,-0.5803681848729205,-0.05900887304787747,0.14766803327448644,0.09282114813620082,0.20638480592140795,1.0911251756594125,0.14913760007949595,1.1483723815013245,14,normalized_compact_thermal,spline_ridge
14,31.099999999999994,1.02321879331013,1.1790576342242565,0.6674482375691914,1.6906670308793215,0.5783727219519245,0.884846381006765,0.5956600200308029,1.1740327419827272,0.9968103318229109,-0.5803681848729205,-0.1119639508161459,0.03283141440593181,0.06830192477275022,0.25285708574911964,0.9038883581547292,0.0787553312410102,1.0779901126628388,14,normalized_compact_thermal,spline_ridge
14,31.299999999999997,0.3565125180216865,1.0608591800976108,0.8826029210867675,1.239115439108454,0.613913630871616,1.0025683936863312,0.6956115782505232,1.3095252091221392,0.9968103318229109,-0.5803681848729205,0.005758061863420252,0.09246715781061654,0.10388434252018303,0.11881809792027065,1.1090091638229613,0.11429624016070172,1.1135310215825303,14,normalized_compact_thermal,spline_ridge
14,31.5,0.6363144808053228,1.0990885846657743,0.7809313442631131,1.4172458250684357,0.6588557600891117,0.92182511362317,0.5923972335786141,1.251252993667726,0.9968103318229109,-0.5803681848729205,-0.07498521819974091,0.16311753948496288,0.09118654493431322,0.22427582275664543,1.093435697421578,0.15923836937819746,1.158473150800026,14,normalized_compact_thermal,spline_ridge
14,31.700000000000003,0.46651165701617586,1.0488506424059152,0.8155948138978273,1.282106470914003,0.6427964021067969,0.9750542639704705,0.653656062917072,1.296452465023869,0.9968103318229109,-0.5803681848729205,-0.02175606785244045,0.13844094251818537,0.10114437924701943,0.16075907931576028,1.1248337248978335,0.14317901139588263,1.1424137928177112,14,normalized_compact_thermal,spline_ridge
14,31.89999999999999,0.4295961764731973,1.0341855205217028,0.8193874322851041,1.2489836087583015,0.5953555503409416,0.9559280001692332,0.6582502249987624,1.2536057753397039,0.9968103318229109,-0.5803681848729205,-0.040882331653677675,0.06177169656460194,0.08877710819099482,0.17225858859080628,1.0184525120910768,0.0957381596300273,1.0949729410518558,14,normalized_compact_thermal,spline_ridge
14,32.099999999999994,0.44471397414053015,1.0775967330386806,0.8552397459684157,1.2999537201089457,0.6657985239898766,0.9695065398990231,0.6366072779040848,1.3024058018939615,0.9968103318229109,-0.5803681848729205,-0.02730379192388778,0.17360001413209925,0.10658442241377121,0.15783485844513745,1.1737621895346158,0.16618113327896233,1.165415914700791,14,normalized_compact_thermal,spline_ridge
14,32.3,0.47694298809807806,1.112854035471309,0.87438254142227,1.3513255295203481,0.6351891583174365,0.9200897974372801,0.6024952182785619,1.2376843765959984,0.9968103318229109,-0.5803681848729205,-0.07672053438563076,0.12653574753799116,0.08496026417933943,0.23028264157854578,1.0400956750563273,0.13557176760652223,1.1348065490283508,14,normalized_compact_thermal,spline_ridge
14,32.5,0.4128717560603425,1.0734855738014386,0.8670496957712673,1.27992145183161,0.5688996322826978,0.928628249982188,0.6441784338408391,1.2130780661235367,0.9968103318229109,-0.5803681848729205,-0.06818208184072297,0.01631693128173029,0.07737613394535423,0.20013782136834268,0.9376614431970529,0.06928224157178353,1.068517022993612,14,normalized_compact_thermal,spline_ridge
14,32.7,0.4013391069261514,1.016771613568344,0.8161020601052682,1.2174411670314196,0.6431610231403116,0.9367527045921064,0.6151721930219505,1.2583332161622622,0.9968103318229109,-0.5803681848729205,-0.060057627230804565,0.13900802356788022,0.0943723880627781,0.19339788626764265,1.0929241600129806,0.14354363242939738,1.142778413851226,14,normalized_compact_thermal,spline_ridge
14,32.89999999999999,0.72317648582706,1.0944045189245326,0.7328162760110026,1.4559927618380626,0.6132042881020447,0.9159250981551206,0.6093229541040982,1.222527242206143,0.9968103318229109,-0.5803681848729205,-0.08088523366779031,0.09131104585493227,0.08369897937436709,0.21430884538617045,1.0120997308179192,0.11358689739113048,1.112821678812959,14,normalized_compact_thermal,spline_ridge
14,33.099999999999994,0.5501905318909991,1.0365737801181272,0.7614785141726276,1.3116690460636267,0.55959368044128,0.9204499122823199,0.6406530720616799,1.2002467525029599,0.9968103318229109,-0.5803681848729205,-0.07636041954059102,-0.00017614437436591288,0.07070721533524967,0.2226148286657132,0.8965725322168467,0.05997628973036573,1.0592110711521943,14,normalized_compact_thermal,spline_ridge
14,33.3,0.430674980001676,1.016196205606643,0.8008587156058048,1.231533695607481,0.5408588474992947,0.9062725637574434,0.635843140007796,1.1767019875070908,0.9968103318229109,-0.5803681848729205,-0.09053776806546748,-0.034228759658267834,0.1025966662095984,0.05190016610605458,1.0298175288925349,0.041241456788380426,1.0404762382102088,14,normalized_compact_thermal,spline_ridge
14,33.5,0.5668722958696683,1.120104904305856,0.8366687563710218,1.4035410522406901,0.6254367699777976,0.9287207334748506,0.6160023484859518,1.2414391184637494,0.9968103318229109,-0.5803681848729205,-0.06808959834806032,0.11106314352230617,0.07987340280828154,0.2447733901780873,1.006100149777508,0.12581937926688336,1.125054160688712,14,normalized_compact_thermal,spline_ridge
14,33.7,0.8134851212469154,1.1720870877459029,0.7653445271224452,1.5788296483693605,0.6438458927344677,0.9494183881584125,0.6274954417911787,1.2713413345256463,0.9968103318229109,-0.5803681848729205,-0.047391943664498386,0.14007230636287427,0.08666042518407238,0.23083669085245423,1.0568550946164812,0.14422850202355342,1.143463283445382,14,normalized_compact_thermal,spline_ridge
14,33.89999999999999,0.492930453154352,1.0563207101620007,0.8098554835848247,1.3027859367391768,0.6198758824504286,0.9223609981518313,0.6124230569266169,1.2322989393770456,0.9968103318229109,-0.5803681848729205,-0.07444933367107964,0.10213217429322591,0.08382586001125164,0.2203757476797592,1.019376017221098,0.1202584917395143,1.1194932731613427,14,normalized_compact_thermal,spline_ridge
14,34.099999999999994,0.6067091372475697,1.0400431774240437,0.736688608800259,1.3433977460478286,0.6281411477071723,0.9464498154676569,0.6323792416140708,1.260520389321243,0.9968103318229109,-0.5803681848729205,-0.05036051635525401,0.11537780460029762,0.09491219603142585,0.1758053756572906,1.080476919757054,0.12852375699625807,1.1277585384180866,14,normalized_compact_thermal,spline_ridge
14,34.3,0.6171229385065421,1.017825478406904,0.709264009153633,1.326386947660175,0.6497994954171687,0.9421308394496116,0.6172310917410273,1.267030587158196,0.9968103318229109,-0.5803681848729205,-0.054679492373299284,0.14927675260527382,0.10305843847625779,0.15864008404944313,1.1409589067848944,0.15018210470625448,1.149416886128083,14,normalized_compact_thermal,spline_ridge
14,34.5,0.9663047289542848,0.7904084722159809,0.30725610773883855,1.2735608366931233,0.6290685350518137,0.9411235483378987,0.6265892808119918,1.2556578158638056,0.9968103318229109,-0.5803681848729205,-0.05568678348501218,0.11685311540257251,0.07869836117890174,0.25400520861553283,1.0041318614880945,0.12945114434089944,1.128685925762728,14,normalized_compact_thermal,spline_ridge
14,34.7,0.6101820115985498,1.0317880430483617,0.7266970372490867,1.3368790488476365,0.6066833187033136,0.9034607504835697,0.6001190911319129,1.2068024098352264,0.9968103318229109,-0.5803681848729205,-0.09334958133934118,0.08061984532886951,0.08364139423729286,0.2080623171923235,1.0053043202143037,0.10706592799239933,1.1063007094142279,14,normalized_compact_thermal,spline_ridge
14,34.89999999999999,0.6714621331414727,1.0711885511670305,0.735457484596294,1.4069196177377667,0.624159528146868,0.9289210649501093,0.6168413008766753,1.2410008290235433,0.9968103318229109,-0.5803681848729205,-0.06788926687280161,0.10901889566779438,0.10188269237405828,0.13860352754309696,1.109715528750639,0.12454213743595377,1.1237769188577822,14,normalized_compact_thermal,spline_ridge
14,35.099999999999994,0.5656171753977599,1.049958926883052,0.7671503391841722,1.332767514581932,0.6080826116036013,0.9562846136121005,0.6522433078102998,1.2603259194139012,0.9968103318229109,-0.5803681848729205,-0.04052571821081044,0.0829236529748959,0.0933408705169225,0.16323551613548593,1.0529297070717167,0.10846522089268706,1.1077000023145156,14,normalized_compact_thermal,spline_ridge
14,35.3,0.622257321466358,1.0174491717425669,0.706320511009388,1.328577832475746,0.5968255889565355,0.947996267482542,0.6495834730042742,1.2464090619608097,0.9968103318229109,-0.5803681848729205,-0.048814064340368946,0.06423783079903943,0.09241388557954301,0.15639634983208034,1.0372548280809906,0.09720819824562121,1.0964429796674497,14,normalized_compact_thermal,spline_ridge
14,35.5,0.44900742175115954,1.0020945899612,0.7775908790856201,1.2265983008367796,0.5673057043978891,0.9211320840872256,0.637479231888281,1.20478493628617,0.9968103318229109,-0.5803681848729205,-0.0756782477356853,0.013511225518932402,0.07677292730554874,0.20141867620409903,0.9331927325916791,0.06768831368697481,1.0669230951088033,14,normalized_compact_thermal,spline_ridge
14,35.7,0.5811208706124461,1.0087947489753322,0.7182343136691091,1.2993551842815552,0.5697552564275074,0.9253169738759656,0.640439345662212,1.2101946020897192,0.9968103318229109,-0.5803681848729205,-0.0714933579469453,0.017819799823088706,0.0764891777389457,0.20522053156927295,0.9342899812857417,0.07013786571659308,1.0693726471384215,14,normalized_compact_thermal,spline_ridge
14,35.89999999999999,1.175356543331555,1.1844520290508158,0.5967737573850384,1.7721303007165932,0.6054675504735884,0.943467541941876,0.6407337667050819,1.24620131717867,0.9968103318229109,-0.5803681848729205,-0.05334278988103492,0.07861387615734297,0.09183603431848827,0.16779225454324753,1.0431428464039292,0.10585015976267409,1.1050849411845025,14,normalized_compact_thermal,spline_ridge
14,36.099999999999994,1.2031858613423017,0.905562893192559,0.3039699625214082,1.5071558238637097,0.6125256989912407,0.9425874084929027,0.6363245589972824,1.248850257988523,0.9968103318229109,-0.5803681848729205,-0.05422292333000818,0.09020380496619221,0.09334102178548495,0.1676778826022653,1.057373515380216,0.11290830828032639,1.112143089702155,14,normalized_compact_thermal,spline_ridge
14,36.3,0.35477411290897326,0.9810197924179973,0.8036327359635107,1.158406848872484,0.6411347323990808,0.9767943795328116,0.6562270133332712,1.2973617457323519,0.9968103318229109,-0.5803681848729205,-0.02001595229009931,0.1358525316746348,0.10069996345290345,0.1612154215153448,1.1210540432828169,0.14151734168816654,1.140752123109995,14,normalized_compact_thermal,spline_ridge
14,36.5,0.45845073673197145,0.999012953739723,0.7697875853737373,1.2282383221057087,0.6153206067525918,0.9452912667716915,0.6376309633953956,1.2529515701479874,0.9968103318229109,-0.5803681848729205,-0.05151906505121938,0.09475634965434732,0.0984940343453782,0.14591438783871558,1.084726825666468,0.11570321604167755,1.114937997463506,14,normalized_compact_thermal,spline_ridge
14,36.699999999999996,0.4723866370968405,1.1468579665305612,0.910664647982141,1.3830512850789816,0.5940312474122339,0.9581935967504126,0.6611779730442957,1.2552092204565295,0.9968103318229109,-0.5803681848729205,-0.03861673507249827,0.059544828940930994,0.08970320880789255,0.1665206438430683,1.0215418509813996,0.09441385670131963,1.093648638123148,14,normalized_compact_thermal,spline_ridge
14,36.9,0.6895971359757642,1.1651145850135358,0.8203160170256538,1.509913153001418,0.6123648275302989,0.965425472731587,0.6592430589664375,1.2716078864967364,0.9968103318229109,-0.5803681848729205,-0.03138485909132394,0.08994113420764913,0.09463121051678428,0.1613681858031224,1.0633614692574753,0.1127474368193846,1.1119822182412131,14,normalized_compact_thermal,spline_ridge
14,37.099999999999994,0.6414869720894233,1.1188743372339114,0.7981308511891998,1.439617823278623,0.5867655570387252,0.9646207242056476,0.6712379456862849,1.2580035027250103,0.9968103318229109,-0.5803681848729205,-0.032189607617263256,0.047238254183893255,0.0897055945765917,0.1592435832919472,1.0142875307855033,0.08714816632781097,1.0863829477496396,14,normalized_compact_thermal,spline_ridge
14,37.3,1.319955411111935,1.1158280321116059,0.4558503265556386,1.7758057376675733,0.5898864768615737,0.9572188397164636,0.6622756012856768,1.2521620781472504,0.9968103318229109,-0.5803681848729205,-0.039591492106447246,0.052543012177938206,0.09057191615425984,0.1582357582741617,1.0215371954489858,0.09026908615065943,1.089503867572488,14,normalized_compact_thermal,spline_ridge
14,37.5,0.4915760376912243,1.064550273782148,0.8187622549365359,1.31033829262776,0.5942992494672571,0.9650630049081035,0.667913380174475,1.262212629641732,0.9968103318229109,-0.5803681848729205,-0.03174732691480741,0.059995885377285604,0.09098081410150996,0.1606997911351894,1.027898707799325,0.09468185875634283,1.0939166401781715,14,normalized_compact_thermal,spline_ridge
14,37.699999999999996,0.6094609388730376,0.936301572467736,0.6315711030312172,1.2410320419042549,0.573060107386396,0.983732026293856,0.697201972600658,1.270262079987054,0.9968103318229109,-0.5803681848729205,-0.013078305529054897,0.02360351655665831,0.08381556256831679,0.17360904851950754,0.9725111662532845,0.07344271667548175,1.0726774980973102,14,normalized_compact_thermal,spline_ridge
14,37.9,0.5339622648696424,1.016413181307387,0.7494320488725656,1.283394313742208,0.6081009919026331,0.9128885257554078,0.6088380298040912,1.2169390217067244,0.9968103318229109,-0.5803681848729205,-0.08392180606750306,0.08295387916604025,0.07114727990290114,0.2690248654428464,0.9471771183624198,0.10848360119171885,1.1077183826135473,14,normalized_compact_thermal,spline_ridge
14,38.099999999999994,0.6121916136976446,1.00558675894682,0.6994909520979976,1.3116825657956421,0.5638529820345323,0.8855240295048139,0.6035975384875478,1.16745052052208,0.9968103318229109,-0.5803681848729205,-0.11128630231809694,0.007406453256934609,0.0748481111464044,0.2071393081598475,0.920566655909217,0.064235591323618,1.0634703727454466,14,normalized_compact_thermal,spline_ridge
14,38.3,0.954774059592392,1.1657546202357325,0.6883675904395364,1.6431416500319285,0.5779971931350891,0.9216704565651442,0.6326718599975997,1.2106690531326887,0.9968103318229109,-0.5803681848729205,-0.07513987525776662,0.032181918383703795,0.09186602802251967,0.14017895218991394,1.0158154340802643,0.07837980242417486,1.0776145838460034,14,normalized_compact_thermal,spline_ridge
14,38.5,0.7158809305833107,1.0908399533946986,0.7328994881030433,1.4487804186863542,0.6125451247328964,0.9253721181987469,0.6190995558322987,1.231644680565195,0.9968103318229109,-0.5803681848729205,-0.07143821362416398,0.090235518629241,0.09256729141534815,0.17138477885844144,1.0537054706073512,0.11292773402198208,1.1121625154438106,14,normalized_compact_thermal,spline_ridge
14,38.699999999999996,0.4690529712860465,1.022166114026689,0.7876396283836659,1.2566925996697125,0.6426706392398926,1.1146377970894839,0.7933024774695375,1.4359731167094303,0.9968103318229109,-0.5803681848729205,0.11782746526657288,0.1382452737639344,0.09598808308761746,0.18520736806397903,1.1001339104158063,0.14305324852897838,1.142288029950807,14,normalized_compact_thermal,spline_ridge
14,38.9,0.4774330269419425,1.0305555271337612,0.7918390136627899,1.2692720406047324,0.6671036168776869,0.9792095915850285,0.645657783146185,1.3127614000238719,0.9968103318229109,-0.5803681848729205,-0.017600740237882426,0.17555828738392068,0.09108097357565753,0.23302681511705026,1.1011804186383236,0.16748622616677267,1.1667210075886012,14,normalized_compact_thermal,spline_ridge
14,39.099999999999994,0.5202205265241739,1.0524367176375469,0.7923264543754598,1.3125469808996337,0.576603579423098,0.9995076467722013,0.7112058570606523,1.2878094364837502,0.9968103318229109,-0.5803681848729205,0.0026973149492904233,0.02976789888556025,0.10003469186222312,0.09985484251379206,1.0533523163324041,0.07698618871218377,1.0762209701340124,14,normalized_compact_thermal,spline_ridge
14,39.3,0.7414652092589495,0.9237327432805187,0.553000138651044,1.2944653479099935,0.6175675826400716,0.9546432266826127,0.6458594353625768,1.2634270180026486,0.9968103318229109,-0.5803681848729205,-0.042167105140298186,0.0984014139751524,0.0916354640325791,0.1808481714002183,1.0542869938799249,0.11795019192915734,1.117184973350986,14,normalized_compact_thermal,spline_ridge
14,39.5,1.0383523346923749,0.8421175452907272,0.3229413779445398,1.3612937126369147,0.6377504836445846,0.9535293059866556,0.6346540641643633,1.2724045478089479,0.9968103318229109,-0.5803681848729205,-0.04328102583625528,0.13056002127319222,0.09575773550940316,0.18138501079162717,1.094115956497542,0.13813309293367038,1.137367874355499,14,normalized_compact_thermal,spline_ridge
14,39.699999999999996,0.28894546627344764,1.0600649949148724,0.9155922617781485,1.204537728051596,0.6233705937631556,0.9763889176081761,0.6647036207265984,1.288074214489754,0.9968103318229109,-0.5803681848729205,-0.02042141421473471,0.10775410137541075,0.10203306723877485,0.13709793151448968,1.1096432560118217,0.12375320305224136,1.12298798447407,14,normalized_compact_thermal,spline_ridge
14,39.9,0.4657582907550227,1.0468401703771033,0.813961024999592,1.2797193157546147,0.5980474846279865,0.9556493553794686,0.6566256130654753,1.254673097693462,0.9968103318229109,-0.5803681848729205,-0.04116097644344231,0.0662830624213658,0.08416287491703145,0.19694119275662425,0.9991537764993488,0.09843009391707225,1.097664875338901,14,normalized_compact_thermal,spline_ridge
14,40.099999999999994,0.5185884336805938,1.1107966520906074,0.8515024352503107,1.3700908689309044,0.6006339696095189,0.9838911253051655,0.6835741405004061,1.284208110109925,0.9968103318229109,-0.5803681848729205,-0.0129192065177454,0.07059861929699598,0.09308992351454133,0.15698284590069245,1.0442850933183454,0.1010165788986046,1.1002513603204331,14,normalized_compact_thermal,spline_ridge
14,40.3,0.8036384778812872,1.1752528794058332,0.7734336404651897,1.5770721183464769,0.6231803355039556,0.9659802944563556,0.6543901267043778,1.2775704622083333,0.9968103318229109,-0.5803681848729205,-0.030830037366555298,0.10744884588009085,0.08909182766513633,0.19858347297955314,1.0477771980283581,0.12356294479304131,1.1227977262148698,14,normalized_compact_thermal,spline_ridge
14,40.5,0.7812204200168339,1.1125365494543709,0.721926339445954,1.5031467594627879,0.637399853812969,0.9892589374327339,0.6705590105262493,1.3079588643392184,0.9968103318229109,-0.5803681848729205,-0.007551394390177056,0.1300100785250272,0.09450925286205257,0.18698444202480058,1.0878152656011375,0.13778246310205478,1.1370172445238833,14,normalized_compact_thermal,spline_ridge
14,40.699999999999996,0.6120345674788418,0.9385029708614224,0.6324856871220015,1.2445202546008434,0.6510094047180903,0.9765488289376101,0.6510441265785649,1.3020535312966552,0.9968103318229109,-0.5803681848729205,-0.02026150288530079,0.15113699456656932,0.09878508536170999,0.1802160849712005,1.1218027244649802,0.15139201400717606,1.1506267954290046,14,normalized_compact_thermal,spline_ridge
14,40.9,0.6453828234449175,0.8201030741943264,0.4974116624718676,1.1427944859167851,0.6496372186261532,0.9571453070097403,0.6323266976966637,1.281963916322817,0.9968103318229109,-0.5803681848729205,-0.03966502481317058,0.1490269877800916,0.09305998305271618,0.20612878618864378,1.0931456510636626,0.15001982791523893,1.1492546093370675,14,normalized_compact_thermal,spline_ridge
14,41.099999999999994,0.865750054219774,0.7830967345952607,0.3502217074853737,1.2159717617051478,0.6478325885311768,0.9570119466638977,0.6330956523983093,1.280928240929486,0.9968103318229109,-0.5803681848729205,-0.03979838515901321,0.14624521783254668,0.08825919024058682,0.22720393776479253,1.068461239297561,0.1482151978202625,1.147449979242091,14,normalized_compact_thermal,spline_ridge
14,41.3,0.4915325343464616,1.0327841001878308,0.7870178330145999,1.2785503673610616,0.6541655852455326,0.9467924473144047,0.6197096546916384,1.273875239937171,0.9968103318229109,-0.5803681848729205,-0.05001788450850625,0.15597341375002266,0.0950466201195138,0.20118917030453887,1.1071420001865264,0.15454819453461832,1.1537829759564469,14,normalized_compact_thermal,spline_ridge
14,41.5,0.4629026264506625,1.0782111260471166,0.8467598128217854,1.3096624392724479,0.6505915013417587,1.0006968722793195,0.6754011216084401,1.3259926229501988,0.9968103318229109,-0.5803681848729205,0.0038865404564084848,0.15049485704385265,0.1150390710635765,0.10233438369784031,1.198848618985677,0.15097411063084443,1.150208892052673,14,normalized_compact_thermal,spline_ridge
14,41.699999999999996,0.5020120874702705,1.0569967557610822,0.805990712025947,1.3080027994962176,0.619912502675722,0.9543055826276376,0.6443493312897767,1.2642618339654987,0.9968103318229109,-0.5803681848729205,-0.04250474919527329,0.10219124925431347,0.09685629140289156,0.1583114947809191,1.0815135105705247,0.12029511196480769,1.1195298933866362,14,normalized_compact_thermal,spline_ridge
14,41.9,0.48493542020538305,1.0632216714505511,0.8207539613478596,1.3056893815532427,0.569016527042281,0.9483544622169308,0.6638461986957902,1.2328627257380713,0.9968103318229109,-0.5803681848729205,-0.048455869605980174,0.016522385363802072,0.08796331258075414,0.14979798009067324,0.9882350739938888,0.06939913633136674,1.0686339177531954,14,normalized_compact_thermal,spline_ridge
14,42.099999999999994,0.8186943747179599,1.196372113553214,0.7870249261942339,1.605719300912194,0.6268722407873122,0.9753085369716472,0.6618724165779911,1.2887446573653034,0.9968103318229109,-0.5803681848729205,-0.021501794851263703,0.11335566306160316,0.09663770750201159,0.16631296748191327,1.087431514092711,0.12725485007639792,1.1264896314982265,14,normalized_compact_thermal,spline_ridge
14,42.3,1.105808126470573,0.8268719337809142,0.2739678705456276,1.3797759970162007,0.6119336397522728,0.951729479635836,0.6457626597596996,1.2576962995119723,0.9968103318229109,-0.5803681848729205,-0.04508085218707497,0.08923675074662722,0.09263519320854016,0.17044968520231202,1.0534175943022335,0.1123162490413585,1.111551030463187,14,normalized_compact_thermal,spline_ridge
14,42.5,0.5352664260958488,1.05869760607672,0.7910643930287955,1.3263308191246443,0.6250055140159171,0.9473430378923404,0.6348402808843818,1.259845794900299,0.9968103318229109,-0.5803681848729205,-0.04946729393057046,0.1103733780137349,0.09963373150302669,0.15016768762414318,1.099843340407691,0.12538812330500282,1.1246229047268312,14,normalized_compact_thermal,spline_ridge
14,42.699999999999996,0.5680873173342216,1.065163715925352,0.7811200572582411,1.3492073745924626,0.5936758943308718,0.9406996612439652,0.6438617140785293,1.2375376084094012,0.9968103318229109,-0.5803681848729205,-0.05611067057894572,0.05894644390226919,0.08641513394363826,0.1818357097854934,1.00551607887625,0.09405850361995749,1.093293285041786,14,normalized_compact_thermal,spline_ridge
14,42.9,0.5742653624801091,1.082635725255906,0.7955030440158516,1.3697684064959605,0.6131753191414502,1.0072670988758659,0.7006794393051408,1.313854758446591,0.9968103318229109,-0.5803681848729205,0.010456767052954853,0.09126380279833078,0.09432935568692977,0.16361726742923888,1.0627333708536615,0.11355792843053591,1.1127927098523644,14,normalized_compact_thermal,spline_ridge
14,43.099999999999994,0.569494535584372,1.0344304643687412,0.7496831965765552,1.3191777321609273,0.6411279928365183,0.9266011164552597,0.6060371200370005,1.2471651128735188,0.9968103318229109,-0.5803681848729205,-0.0702092153676512,0.1358420196907333,0.10137415933650273,0.15799557627962146,1.1242604093934152,0.14151060212560407,1.1407453835474326,14,normalized_compact_thermal,spline_ridge
14,43.3,0.6040442508586625,1.0421451457898674,0.740123020360536,1.3441672712191985,0.5962479140427248,0.9824870818697286,0.6843631248483661,1.280611038891091,0.9968103318229109,-0.5803681848729205,-0.014323249953182373,0.06326944962637589,0.10071920043441962,0.11623692289818077,1.0762589051872689,0.09663052333181055,1.095865304753639,14,normalized_compact_thermal,spline_ridge
14,43.5,0.804726929241325,1.0571973331759765,0.6548338685553141,1.4595607977966392,0.6030388625028829,0.9791478358704463,0.6776284046190049,1.2806672671218877,0.9968103318229109,-0.5803681848729205,-0.01766249595246463,0.07459454913640969,0.09507931202440596,0.14990664336961984,1.0561710816361458,0.10342147179196859,1.1026562532137971,14,normalized_compact_thermal,spline_ridge
14,43.699999999999996,0.577899437792908,1.019968553596235,0.731018834699781,1.3089182724926889,0.6023566382573359,0.9499404903290195,0.6487621712003515,1.2511188094576875,0.9968103318229109,-0.5803681848729205,-0.04686984149389139,0.07346259814113568,0.08286786875751442,0.2074221307874275,0.9972911457272442,0.10273924754642161,1.1019740289682503,14,normalized_compact_thermal,spline_ridge
14,43.9,0.7624893350398732,1.149911987564924,0.7686673200449874,1.5311566550848605,0.6355951333545644,0.9857580566992973,0.6679604900220151,1.3035556233765795,0.9968103318229109,-0.5803681848729205,-0.011052275123613595,0.12717468375021804,0.09180682146741134,0.19805906102348886,1.07313120568564,0.13597774264365015,1.1352125240654787,14,normalized_compact_thermal,spline_ridge
14,44.099999999999994,0.9397380014800173,1.1699752084575898,0.7001062077175814,1.6398442091975984,0.6124367863328566,0.9617317461919378,0.6555133530255095,1.267950139358366,0.9968103318229109,-0.5803681848729205,-0.035078585630973075,0.0900586369963883,0.08843372351676662,0.19097633894253746,1.0338972337231758,0.11281939562194232,1.1120541770437709,14,normalized_compact_thermal,spline_ridge
14,44.3,0.4936000468752459,1.0111750124689092,0.7643749890312863,1.2579750359065323,0.5938457147605938,0.9554302320214563,0.6585073746411594,1.2523530894017532,0.9968103318229109,-0.5803681848729205,-0.04138009980145467,0.059232452055012826,0.08769049758067038,0.17592735881551186,1.0117640707056756,0.09422832404967951,1.093463105471508,14,normalized_compact_thermal,spline_ridge
14,44.5,0.44545471605803977,1.055937270010793,0.833209911981773,1.2786646280398128,0.6239842420991605,0.943294718843786,0.6313025977942057,1.2552868398933663,0.9968103318229109,-0.5803681848729205,-0.053515612979124855,0.10873802089513046,0.09868081905882474,0.15368783824492127,1.0942806459533996,0.12436685138824621,1.1236016328100749,14,normalized_compact_thermal,spline_ridge
14,44.699999999999996,0.5115747621079088,1.0426596368296595,0.7868722557757051,1.2984470178836138,0.5566025279101633,0.8964825273594282,0.6181812634043466,1.1747837913145098,0.9968103318229109,-0.5803681848729205,-0.10032780446348268,-0.005535703327841479,0.07660959351052396,0.19149392147209693,0.9217111343482296,0.056985137199249025,1.0562199186210774,14,normalized_compact_thermal,spline_ridge
14,44.9,0.4899310253105513,1.0681784406684685,0.8232129280131928,1.3131439533237441,0.6360374063612333,1.002053953280696,0.6840352501000794,1.3200726564613126,0.9968103318229109,-0.5803681848729205,0.005243621457785213,0.12787028253475502,0.10522321074295929,0.13456104969549376,1.137513763026973,0.13642001565031903,1.1356547970721476,14,normalized_compact_thermal,spline_ridge
14,45.099999999999994,0.4886989482809849,1.0429130877919648,0.7985636136514723,1.2872625619324574,0.6331982857026245,0.9257242064672345,0.6091250636159222,1.2423233493185468,0.9968103318229109,-0.5803681848729205,-0.07108612535567642,0.12339652653867644,0.09338647725303896,0.18813383610032502,1.078262735304924,0.13358089499171022,1.1328156764135389,14,normalized_compact_thermal,spline_ridge
14,45.3,0.5845733682811703,0.9902537243179024,0.6979670401773171,1.2825404084584875,0.5657321128640169,0.9791127045462499,0.6962466481142414,1.2619787609782582,0.9968103318229109,-0.5803681848729205,-0.01769762727666102,0.01073357322589738,0.09807450465851739,0.0983253028010454,1.0331389229269885,0.06611472215310266,1.0653495035749312,14,normalized_compact_thermal,spline_ridge
14,45.5,0.653537068814069,0.9977972774202436,0.6710287430132091,1.324565811827278,0.5809335976227251,0.9567945895754114,0.6663277907640488,1.247261388386774,0.9968103318229109,-0.5803681848729205,-0.040015742247499465,0.037249366405136285,0.08556223614706553,0.17315818240545955,0.9887090128399907,0.08131620691181085,1.0805509883336395,14,normalized_compact_thermal,spline_ridge
14,45.699999999999996,0.5156256601502496,1.0364857426430076,0.7786729125678828,1.2942985727181324,0.6178349615376538,0.9550210890695586,0.6461036083007317,1.2639385698383856,0.9968103318229109,-0.5803681848729205,-0.04178924275335226,0.0988342751555299,0.09093607123117879,0.18444874029882835,1.0512211827764792,0.11821757082673956,1.1174523522485682,14,normalized_compact_thermal,spline_ridge
14,45.9,1.1170830317141702,1.0498939358219828,0.4913524199648976,1.6084354516790678,0.6130504449792223,0.9862198354638867,0.6796946129742756,1.2927450579534978,0.9968103318229109,-0.5803681848729205,-0.010590496359024152,0.09106013041382652,0.09535060863628697,0.1586252712255744,1.0674756187328702,0.11343305426830808,1.1126678356901367,14,normalized_compact_thermal,spline_ridge
14,46.099999999999994,0.5206711642317668,1.0351268477902495,0.7747912656743662,1.295462429906133,0.5702572591279201,0.9183695820647471,0.6332409525007869,1.2034982116287072,0.9968103318229109,-0.5803681848729205,-0.0784407497581638,0.01870049670318473,0.09039911007518907,0.13943010562971447,1.0010844126261258,0.07063986841700587,1.0698746498388343,14,normalized_compact_thermal,spline_ridge
14,46.3,0.3846203706096824,0.9923818778806048,0.8000716925757636,1.184692063185446,0.5522475298306857,0.8828776279180869,0.606753863002744,1.1590013928334297,0.9968103318229109,-0.5803681848729205,-0.113932703904824,-0.013390724737625134,0.08505081689683064,0.14690945387084892,0.9575856057905225,0.052630139119771435,1.0518649205416,14,normalized_compact_thermal,spline_ridge
14,46.5,0.9568101890946229,1.1911020264621381,0.7126969319148265,1.6695071210094496,0.6059348330246367,0.987624247490273,0.6846568309779546,1.2905916640025914,0.9968103318229109,-0.5803681848729205,-0.009186084332637864,0.07938534991468366,0.09358107048885668,0.1599429843604701,1.0519266816888033,0.10631744231372242,1.1055522237355508,14,normalized_compact_thermal,spline_ridge
14,46.699999999999996,1.1284079304573262,0.7574120762010571,0.19320811097239396,1.3216160414297202,0.6444531451287061,0.9500983303832123,0.6278717578188593,1.2723249029475654,0.9968103318229109,-0.5803681848729205,-0.04671200143969853,0.14101502605972158,0.08067326026649549,0.259977777449469,1.0289285128079433,0.14483575441779184,1.1440705358396204,14,normalized_compact_thermal,spline_ridge
14,46.9,0.4118015706022197,1.0328481631094513,0.8269473778083415,1.2387489484105612,0.597953360511488,0.9639797636570999,0.6650030834013559,1.2629564439128438,0.9968103318229109,-0.5803681848729205,-0.03283056816581102,0.06612566434413984,0.096343805069077,0.13879477741733215,1.0571119436056438,0.09833596980057369,1.0975707512224022,14,normalized_compact_thermal,spline_ridge
14,47.099999999999994,0.5153755000828141,1.011467626850738,0.7537798768093309,1.269155376892145,0.6324091548150874,0.9707076007402533,0.6545030233327096,1.286912178147797,0.9968103318229109,-0.5803681848729205,-0.02610273108265758,0.12214948742601209,0.10552528302482156,0.12949317179420805,1.1353251378359668,0.13279176410417315,1.1320265455260017,14,normalized_compact_thermal,spline_ridge
14,47.3,0.7214500679165753,1.0162750308659274,0.6555499969076399,1.377000064824215,0.5950602915529123,0.9597616490333081,0.662231503256852,1.2572917948097642,0.9968103318229109,-0.5803681848729205,-0.037048682789602855,0.06127563664387,0.08347739040360709,0.19722090509068607,0.9928996780151385,0.09544290084199802,1.0946776822638267,14,normalized_compact_thermal,spline_ridge
14,47.5,0.8156761017353708,0.9053314819175811,0.4974934310498958,1.3131695327852664,0.6059836534494502,0.9990127980630273,0.6960209713383023,1.3020046247877524,0.9968103318229109,-0.5803681848729205,0.002202466240116408,0.0794659170904216,0.0971466817253722,0.1429986934788614,1.068968613420039,0.10636626273853589,1.1056010441603643,14,normalized_compact_thermal,spline_ridge
14,47.699999999999996,0.6410365860962122,1.0013995251684629,0.6808812321203569,1.321917818216569,0.6321666245398311,1.0136791025548244,0.6975957902849088,1.32976241482474,0.9968103318229109,-0.5803681848729205,0.016868770731913577,0.12176591171281331,0.09254421943133812,0.19111623591150761,1.0732170131681547,0.1325492338289168,1.1317840152507452,14,normalized_compact_thermal,spline_ridge
14,47.9,0.4539417103005174,1.0560640129001306,0.8290931577498718,1.2830348680503894,0.6070329078804335,0.9507359599673186,0.6472195060271019,1.2542524139075355,0.9968103318229109,-0.5803681848729205,-0.046074371855592294,0.08119590945181776,0.07983755051310922,0.22654039416848243,0.9875254215923845,0.10741551716951925,1.1066502985913478,14,normalized_compact_thermal,spline_ridge
14,48.099999999999994,0.7983404620853292,1.1288649874741266,0.7296947564314619,1.5280352185167911,0.60244125963139,0.9656313754501197,0.6644107456344247,1.2668520052658145,0.9968103318229109,-0.5803681848729205,-0.03117895637279118,0.07360307211497236,0.08500744963284301,0.19730986485329544,1.0075726544094845,0.10282386892047568,1.1020586503423042,14,normalized_compact_thermal,spline_ridge
14,48.3,0.6078824866429553,1.0004233571978274,0.6964821138763497,1.3043646005193048,0.6515717796280432,0.9687311932384363,0.6429453034244146,1.294517083052458,0.9968103318229109,-0.5803681848729205,-0.028079138584474653,0.15200047233156896,0.10346691335691825,0.15846564478080444,1.144677914475282,0.15195438891712898,1.1511891703389576,14,normalized_compact_thermal,spline_ridge
14,48.5,0.9092621519515114,0.8257360947097506,0.3711050187339949,1.2803671706855064,0.6881152569884025,1.047331025475884,0.7032733969816829,1.3913886539700853,0.9968103318229109,-0.5803681848729205,0.050520693652973264,0.20656925448587832,0.10254434929179759,0.1994059093414478,1.1768246046353572,0.1884978662774882,1.1877326476993169,14,normalized_compact_thermal,spline_ridge
14,48.699999999999996,0.6278782719466338,1.0367427763557169,0.7228036403823999,1.3506819123290337,0.5410103141839394,0.9604488169713796,0.68994365987941,1.2309539740633493,0.9968103318229109,-0.5803681848729205,-0.03636151485153133,-0.03394875040946236,0.08760931768741646,0.12347884813526006,0.9585417802326188,0.041392923473025145,1.0406277048948538,14,normalized_compact_thermal,spline_ridge
14,48.9,0.6038628936951588,1.0303940077755416,0.7284625609279621,1.332325454623121,0.5872857583085167,1.006482416409346,0.7128395372550876,1.3001252955636042,0.9968103318229109,-0.5803681848729205,0.009672084586435164,0.04812441869311648,0.08063843295885313,0.20297637179660616,0.9715951448204272,0.08766836759760244,1.086903149019431,14,normalized_compact_thermal,spline_ridge
14,49.099999999999994,0.5794149325682502,0.9955315303236546,0.7058240640395295,1.2852389966077797,0.5913301196855381,0.9302098681875368,0.6345448083447678,1.2258749280303058,0.9968103318229109,-0.5803681848729205,-0.06660046363537403,0.05498734549829608,0.06821787460558636,0.2662150526281611,0.9164451867429151,0.09171272897462379,1.0909475103964523,14,normalized_compact_thermal,spline_ridge
14,49.3,0.5849607120808821,1.0148299241671714,0.7223495681267302,1.3073102802076124,0.6445994101312165,1.0122349015950505,0.6899351965294422,1.3345346066606587,0.9968103318229109,-0.5803681848729205,0.0154245697721396,0.14124196017895707,0.10031940731720668,0.16649376662265875,1.1227050536397742,0.1449820194203022,1.1442168008421307,14,normalized_compact_thermal,spline_ridge
14,49.5,0.5600993346317379,0.9967665334119058,0.7167168660960369,1.2768162007277748,0.614956599804657,0.9819531673842441,0.6744748674819157,1.2894314672865725,0.9968103318229109,-0.5803681848729205,-0.01485716443866678,0.09416460178384053,0.10131825953872234,0.13209059240531512,1.097822607203999,0.11533920909374273,1.1145739905155714,14,normalized_compact_thermal,spline_ridge
14,49.699999999999996,0.4799024696832519,1.0054719396970329,0.765520704855407,1.2454231745386588,0.5623028587340568,0.9213719109977688,0.6402204816307404,1.2025233403647972,0.9968103318229109,-0.5803681848729205,-0.07543842082514209,0.004653505177539673,0.07353797945759685,0.2118330550227761,0.9127726624453376,0.06268546802314257,1.061920249444971,14,normalized_compact_thermal,spline_ridge
14,49.9,0.9580542299477537,0.7677128743728201,0.2886857593989432,1.246739989346697,0.6239831173033722,0.9770323792294834,0.6650408205777973,1.2890239378811694,0.9968103318229109,-0.5803681848729205,-0.019777952593427524,0.10873621829063143,0.09449330696470604,0.17364370101513804,1.0743225335916065,0.12436572659245793,1.1236005080142863,14,normalized_compact_thermal,spline_ridge
14,50.099999999999994,0.48940060497343424,0.9501158607118163,0.7054155582250992,1.1948161631985335,0.6274702995211708,1.0060051873874485,0.6922700376268631,1.3197403371480338,0.9968103318229109,-0.5803681848729205,0.009194855564537576,0.11430924433618925,0.09254995250133455,0.18639258803286218,1.0685480110094794,0.12785290881025657,1.1270876902320852,14,normalized_compact_thermal,spline_ridge
14,50.3,0.4921854427745703,1.0315209825037943,0.7854282611165091,1.2776137038910793,0.6606785257782789,0.9664582449409916,0.6361189820518522,1.296797507830131,0.9968103318229109,-0.5803681848729205,-0.030352086881919225,0.1658802821708968,0.0891559575671808,0.2357760307854932,1.0855810207710646,0.16106113506736464,1.160295916489193,14,normalized_compact_thermal,spline_ridge
14,50.5,0.5256996805720335,1.0080375908012633,0.7451877505152467,1.2708874310872802,0.6361744367925732,0.9672483506971249,0.6491611323008383,1.2853355690934114,0.9968103318229109,-0.5803681848729205,-0.02956198112578596,0.12808570331173855,0.08864118318310384,0.2137252710681974,1.058623602516949,0.13655704608165897,1.1357918275034875,14,normalized_compact_thermal,spline_ridge
14,50.699999999999996,0.6144188488399019,0.9875704542491488,0.6803610298291979,1.2947798786690998,0.6433997560500203,1.004113851135367,0.6824139731103569,1.3258137291603773,0.9968103318229109,-0.5803681848729205,0.007303519312456293,0.1393791415380688,0.09207266724555035,0.204596706867404,1.0822028052326367,0.14378236533910604,1.1430171467609345,14,normalized_compact_thermal,spline_ridge
14,50.9,0.4507330369402237,0.967877438461795,0.7425109199916832,1.1932439569319067,0.579382918504595,0.9868920768380315,0.6972006175857339,1.276583536090329,0.9968103318229109,-0.5803681848729205,-0.00991825498487938,0.03457650943935298,0.0738006214052853,0.2276614068659052,0.9311044301432848,0.07976552779368073,1.0790003092155094,14,normalized_compact_thermal,spline_ridge
14,51.099999999999994,0.46727971319206796,0.9935179695635197,0.7598781129674858,1.2271578261595537,0.6378881202565371,0.9796157532065175,0.660671693078249,1.298559813334786,0.9968103318229109,-0.5803681848729205,-0.017194578616393355,0.13077581375872174,0.0936674483710719,0.1914846089433795,1.0842916315696947,0.1382707295456228,1.1375055109674514,14,normalized_compact_thermal,spline_ridge
14,51.3,0.3792171134829922,1.0316290753898296,0.8420205186483335,1.2212376321313256,0.6828994203260261,0.9727346247292437,0.6312849145662306,1.3141843348922566,0.9968103318229109,-0.5803681848729205,-0.02407570709366725,0.19896049301580052,0.0902379267616661,0.2528404397456595,1.1129584009063929,0.18328202961511186,1.1825168110369404,14,normalized_compact_thermal,spline_ridge
14,51.5,0.3788736555255473,1.024069413514512,0.8346325857517384,1.2135062412772857,0.615783675534542,0.9516674674845017,0.6437756297172307,1.2595593052517726,0.9968103318229109,-0.5803681848729205,-0.04514286433840922,0.0955086316672546,0.09719017639432985,0.1525914271912715,1.0789759238778127,0.11616628482362779,1.1154010662454563,14,normalized_compact_thermal,spline_ridge
14,51.699999999999996,0.920247110277183,1.2493784353189477,0.789254880180356,1.7095019904575393,0.6240763183199151,0.945443578535522,0.6334054193755645,1.2574817376954794,0.9968103318229109,-0.5803681848729205,-0.051366753287388885,0.10888557178142819,0.07116216500914531,0.28492925191450985,0.9632233847253202,0.12445892760900079,1.1236937090308294,14,normalized_compact_thermal,spline_ridge
14,51.9,0.46046289930089757,1.0167981437139673,0.7865666940635186,1.247029593364416,0.6506216532484583,0.9624621658719761,0.6371513392477469,1.2877729924962051,0.9968103318229109,-0.5803681848729205,-0.034348165950934775,0.15054120134432133,0.09040929821366307,0.219745944773389,1.0814973617235277,0.15100426253754407,1.1502390439593726,14,normalized_compact_thermal,spline_ridge
14,52.099999999999994,0.5646726832149581,0.9903384774609897,0.7080021358535107,1.2726748190684687,0.6587799651914686,0.9902924679021047,0.6609024853063703,1.319682450497839,0.9968103318229109,-0.5803681848729205,-0.0065178639208062425,0.16300249266849848,0.09790751501730083,0.1921690000403461,1.1253909303425913,0.15916257448055438,1.158397355902383,14,normalized_compact_thermal,spline_ridge
14,52.3,0.632063566914375,0.9692246743708187,0.6531928909136313,1.2852564578280061,0.6372890790866111,0.9705507022747402,0.6519061627314346,1.2891952418180457,0.9968103318229109,-0.5803681848729205,-0.026259629548170696,0.1298362718436045,0.08759181283765034,0.21984103824633128,1.054737119926891,0.13767168837569688,1.1369064697975255,14,normalized_compact_thermal,spline_ridge
14,52.5,0.27193562145337513,1.0649594518739445,0.9289916411472567,1.200927262600632,0.6015192543413889,0.9517881047682475,0.651028477597553,1.252547731938942,0.9968103318229109,-0.5803681848729205,-0.04502222705466346,0.07207145133581554,0.07931724493376606,0.22350643065637726,0.9795320780264005,0.1019018636304746,1.101136645052303,14,normalized_compact_thermal,spline_ridge
14,52.699999999999996,0.5309371723831394,1.0628018395892518,0.7973332533976822,1.3282704257808216,0.6240738877193489,0.9580084830666947,0.6459715392070202,1.2700454269263692,0.9968103318229109,-0.5803681848729205,-0.0388018487562162,0.10888167705697216,0.0865340705099839,0.21166687124074768,1.0364809041979501,0.12445649700843464,1.1236912784302633,14,normalized_compact_thermal,spline_ridge
14,52.9,0.5482810441876234,0.9877605396976326,0.7136200176038209,1.2619010617914441,0.5977291522752793,0.9379451193812416,0.639080543243602,1.2368096955188812,0.9968103318229109,-0.5803681848729205,-0.058865212441669354,0.06575063462439593,0.08114221423103365,0.21101882784153841,0.9844394767090203,0.09811176156436507,1.0973465429861937,14,normalized_compact_thermal,spline_ridge
14,53.099999999999994,0.6506726972671008,0.9384793421396482,0.6131429935060977,1.2638156907731988,0.6251326596696308,0.9300536469594423,0.6174873171246269,1.2426199767942576,0.9968103318229109,-0.5803681848729205,-0.06675668486346867,0.1105767885755887,0.08001975183521469,0.2437718046996627,1.006493514639599,0.12551526895871656,1.1247500503805452,14,normalized_compact_thermal,spline_ridge
14,53.3,0.5037764437528583,1.0286995560579568,0.7768113341815276,1.280587777934386,0.6272596988534002,0.9432976616908062,0.6296678122641062,1.2569275111175062,0.9968103318229109,-0.5803681848729205,-0.053512670132104694,0.11397355351821062,0.10287495991524487,0.13697471585231885,1.1175446818544814,0.1276423081424859,1.1268770895643145,14,normalized_compact_thermal,spline_ridge
14,53.5,0.6026968670292884,1.0176188332535343,0.7162703997388902,1.3189672667681787,0.6381689094850179,0.9612995270468059,0.642215072304297,1.2803839817893148,0.9968103318229109,-0.5803681848729205,-0.03551080477610507,0.13121590260501664,0.09690709814332525,0.17632576509859077,1.100012053871445,0.13855151877410365,1.1377863001959323,14,normalized_compact_thermal,spline_ridge
14,53.699999999999996,0.46586194049270635,1.0293277839818589,0.7963968137355055,1.262258754228212,0.6137363145323519,0.9504169964559925,0.6435488391898165,1.2572851537221685,0.9968103318229109,-0.5803681848729205,-0.04639333536691841,0.09217828663661287,0.09714224991959675,0.15077247581246472,1.0767001532522391,0.11411892382143762,1.113353705243266,14,normalized_compact_thermal,spline_ridge
14,53.9,0.48445954200828106,1.047732901782263,0.8055031307781225,1.2899626727864035,0.6003372602953245,0.948710010563857,0.6485413804161947,1.2488786407115193,0.9968103318229109,-0.5803681848729205,-0.048100321259053974,0.07010450367983065,0.07908972377955333,0.2234087646656286,0.9772657559250204,0.10071986958441026,1.0999546510062388,14,normalized_compact_thermal,spline_ridge
14,54.099999999999994,0.5590047599238255,0.9847019549494729,0.7051995749875603,1.2642043349113856,0.5749567871937472,0.9240410090519063,0.6365626154550328,1.2115194026487799,0.9968103318229109,-0.5803681848729205,-0.07276932277100456,0.02690779115750108,0.06980218573075339,0.24229115628962955,0.9076224180978649,0.07533939648283294,1.0745741779046614,14,normalized_compact_thermal,spline_ridge
14,54.3,0.37112343311985185,1.0095304249686865,0.8239687084087605,1.1950921415286124,0.556199662085769,0.9384677063635898,0.6603678753207053,1.2165675374064744,0.9968103318229109,-0.5803681848729205,-0.05834262545932115,-0.00625975985040491,0.07967818263693564,0.1764666692185896,0.9359326549529483,0.05658227137485472,1.0558170527966833,14,normalized_compact_thermal,spline_ridge
14,54.5,0.6593725799568827,1.1247124178024195,0.7950261278239781,1.4543987077808609,0.5477886135630908,0.9104300046658781,0.6365356978843326,1.1843243114474236,0.9968103318229109,-0.5803681848729205,-0.08638032715703278,-0.021497623251850055,0.07518653440994069,0.18946207058841552,0.9061151565377661,0.048171222852176565,1.0474060042740052,14,normalized_compact_thermal,spline_ridge
14,54.699999999999996,0.5770831965443853,0.9515349845249136,0.6629933862527209,1.2400765827971063,0.6084205176487398,0.9242839776207518,0.6200737187963818,1.2284942364451217,0.9968103318229109,-0.5803681848729205,-0.07252635420215911,0.08347918965327097,0.0987778936221309,0.13766147253894528,1.0791795627585343,0.10880312693782557,1.108037908359654,14,normalized_compact_thermal,spline_ridge
14,54.9,1.1446563066241224,0.7108778911697231,0.13854973785766161,1.2832060444817845,0.636276098242818,0.9455099657104806,0.6273719165890717,1.2636480148318896,0.9968103318229109,-0.5803681848729205,-0.051300366112430294,0.12824549176348865,0.1041028035793072,0.1401394161454867,1.1324127803401491,0.13665870753190368,1.1358934889537322,14,normalized_compact_thermal,spline_ridge
14,55.099999999999994,0.5275178704195878,1.04528935620479,0.7815304209949961,1.3090482914145838,0.591042158435908,0.9007318672343028,0.6052107880163488,1.1962529464522569,0.9968103318229109,-0.5803681848729205,-0.09607846458860818,0.05450025482363821,0.0894650653616346,0.16466650700277818,1.0174178098690378,0.09142476772499375,1.0906595491468223,14,normalized_compact_thermal,spline_ridge
14,55.3,0.6234888138517964,1.145486506707543,0.8337420997816449,1.4572309136334414,0.5961034671701152,0.963585727258475,0.6655339936734175,1.2616374608435326,0.9968103318229109,-0.5803681848729205,-0.03322460456443589,0.06302716052336121,0.08935442852434446,0.17025509253918075,1.0219518418010496,0.09648607645920093,1.0957208578810294,14,normalized_compact_thermal,spline_ridge
14,55.5,0.5215937659318409,1.0469663939627412,0.7861695109968206,1.3077632769286616,0.5479066050093215,0.9479765589037858,0.6740232563991251,1.2219298614084466,0.9968103318229109,-0.5803681848729205,-0.048833772919125044,-0.021282250500948403,0.08285397875253979,0.1530382949975554,0.9427749150210877,0.04828921429840727,1.0475239957202358,14,normalized_compact_thermal,spline_ridge
14,55.699999999999996,0.9065600571965797,0.8687863490517773,0.41550632045348745,1.3220663776500672,0.5923632333534398,0.938607966670001,0.6424263499932812,1.2347895833467208,0.9968103318229109,-0.5803681848729205,-0.05820236515290987,0.05673292247155093,0.08241361479403651,0.1995936248729981,0.9851328418338814,0.0927458426425255,1.091980624064354,14,normalized_compact_thermal,spline_ridge
14,55.9,1.2042584194021075,1.0399665089219259,0.437837299220872,1.6420957186229796,0.5766759362324938,0.94795603227159,0.6596180641553431,1.2362940003878369,0.9968103318229109,-0.5803681848729205,-0.048854299551320875,0.029893378976914475,0.0886930281226353,0.1539796861319217,0.9993721863330659,0.07705854552157954,1.076293326943408,14,normalized_compact_thermal,spline_ridge
14,56.099999999999994,0.8853570543861466,1.1656822741284356,0.7230037469353623,1.608360801321509,0.5791752619200793,0.927700187901475,0.6381125569414354,1.2172878188615146,0.9968103318229109,-0.5803681848729205,-0.06911014392143587,0.03421803527681534,0.09056207138157865,0.1475714618851569,1.0107790619550017,0.07955787120916502,1.0787926526309937,14,normalized_compact_thermal,spline_ridge
14,56.3,0.41506426719876743,1.0676035939506203,0.8600714603512367,1.2751357275500041,0.5785382307814887,0.9058046198970717,0.6165355045063274,1.195073735287816,0.9968103318229109,-0.5803681848729205,-0.09100571192583913,0.03311753639363077,0.08022609622666729,0.19619397269244226,0.9608824888705352,0.07892084007057443,1.078155621492403,14,normalized_compact_thermal,spline_ridge
14,56.5,0.6169889541784016,1.0711642440859932,0.7626697669967926,1.379658721175194,0.588696991063647,0.9465238940770899,0.6521753985452664,1.2408723896089136,0.9968103318229109,-0.5803681848729205,-0.05028643774582098,0.05052451075794882,0.09617122839107477,0.13036087977128258,1.0470331023560115,0.08907960035273277,1.0883143817745613,14,normalized_compact_thermal,spline_ridge
14,56.699999999999996,1.1862496313244306,0.8825637948749011,0.28943897921268563,1.4756886105371165,0.594423110641164,0.9276607813775152,0.6304492260569332,1.2248723366980971,0.9968103318229109,-0.5803681848729205,-0.0691495504453957,0.06020427915957113,0.09239638310641436,0.15407728539844867,1.0347689358838794,0.09480571993024978,1.0940405013520782,14,normalized_compact_thermal,spline_ridge
14,56.9,0.44300077953815714,1.0377709220248965,0.8162705322558179,1.2592713117939751,0.558529504774677,0.9610650323761366,0.6818002799887981,1.240329784763475,0.9968103318229109,-0.5803681848729205,-0.035745299446774265,-0.0020796483925189513,0.07943081658798148,0.1799754174371469,0.9370835921122072,0.05891211406376273,1.0581468954855913,14,normalized_compact_thermal,spline_ridge
14,57.099999999999994,0.6181730624899989,1.0072258794564604,0.6981393482114608,1.3163124107014599,0.5647285910905039,0.9242060774719775,0.6418417819267255,1.2065703730172295,0.9968103318229109,-0.5803681848729205,-0.07260425435093346,0.008958151871392414,0.07691922200482852,0.19814434664303437,0.9313128355379734,0.06511120037958962,1.0643459818014183,14,normalized_compact_thermal,spline_ridge
14,57.3,0.4238743207944402,1.0629958908343136,0.8510587304370935,1.2749330512315336,0.5533572885512973,0.9202585210646386,0.64357987678899,1.1969371653402872,0.9968103318229109,-0.5803681848729205,-0.07655181075827239,-0.011383209801247747,0.07900257905936027,0.17684411019310925,0.9298704669094853,0.05373989784038302,1.0529746792622117,14,normalized_compact_thermal,spline_ridge
14,57.5,0.499603962468369,1.0249764138236193,0.7751744325894346,1.2747783950578038,0.536795449919726,0.9302219744471004,0.6618242494872374,1.1986196994069633,0.9968103318229109,-0.5803681848729205,-0.06658835737581044,-0.041769984792202765,0.07522756570198652,0.17827335861784094,0.8953175412216112,0.03717805920881179,1.0364128406306403,14,normalized_compact_thermal,spline_ridge
14,57.699999999999996,0.5089499172825569,1.1176991360553297,0.8632241774140511,1.3721740946966081,0.5523810710196493,0.8978970084447904,0.6217064729349657,1.174087543954615,0.9968103318229109,-0.5803681848729205,-0.09891332337812056,-0.013148939961255157,0.07983007139357316,0.17192420154996685,0.9328379404893317,0.05276368030873502,1.0519984617305635,14,normalized_compact_thermal,spline_ridge
14,57.9,0.584779892298094,1.0062332862709709,0.713843340121924,1.298623232420018,0.5498609655328948,0.9315568744414962,0.6566263916750488,1.2064873572079435,0.9968103318229109,-0.5803681848729205,-0.06525345738141473,-0.017721637779654006,0.07483743614161342,0.19319816695912667,0.9065237641066628,0.0502435748219805,1.049478356243809,14,normalized_compact_thermal,spline_ridge
14,58.099999999999994,0.34314644475453515,1.038318369321293,0.8667451469440254,1.2098915916985604,0.5819951087258796,0.9957744043977701,0.7047768500348304,1.2867719587607098,0.9968103318229109,-0.5803681848729205,-0.0010359274251407775,0.0390749493358393,0.09152835832410772,0.14578614551439467,1.0182040719373644,0.0823777180149653,1.081612499436794,14,normalized_compact_thermal,spline_ridge
14,58.3,0.6550469042228999,0.9606174241896129,0.633093972078163,1.2881408763010629,0.5904233992804725,0.9295694971960845,0.6343577975558483,1.2247811968363207,0.9968103318229109,-0.5803681848729205,-0.0672408346268264,0.053452811319311955,0.0938595445752902,0.1431043893435746,1.0377424092173704,0.09080600856955823,1.0900407899913866,14,normalized_compact_thermal,spline_ridge
14,58.5,0.5015753488507179,1.0286160916117133,0.7778284171863542,1.2794037660370723,0.5347680784764952,0.9876164352075355,0.7202323959692879,1.255000474445783,0.9968103318229109,-0.5803681848729205,-0.009193896615375412,-0.04555393937548222,0.07512269128718649,0.1767458012277076,0.8927903557252828,0.035150687765580946,1.0343854691874095,14,normalized_compact_thermal,spline_ridge
14,58.699999999999996,0.4465011402082312,1.0318933901080596,0.808642820003944,1.255143960212175,0.5503474598685658,0.9835310558520092,0.7083573259177263,1.258704785786292,0.9968103318229109,-0.5803681848729205,-0.01327927597090174,-0.01683727013413059,0.08837887433483231,0.12914841457506832,0.9715465051620633,0.05073006915765155,1.04996485057948,14,normalized_compact_thermal,spline_ridge
14,58.9,0.4481711702036618,1.01682073732431,0.7927351522224791,1.240906322426141,0.5451902206480672,0.9388027105612526,0.666207600237219,1.2113978208852862,0.9968103318229109,-0.5803681848729205,-0.058007621261658315,-0.026252331630274135,0.07574890952095949,0.1841834912415018,0.9061969500546326,0.04557282993715295,1.0448076113589815,14,normalized_compact_thermal,spline_ridge
14,59.099999999999994,1.1042702617235725,1.206091349150955,0.6539562182891688,1.7582264800127412,0.5116137585949704,0.9644387127211942,0.708631833423709,1.2202455920186794,0.9968103318229109,-0.5803681848729205,-0.03237161910171668,-0.08981713149998058,0.07303953795174459,0.1635194443655339,0.8597080728244069,0.011996367884056114,1.0112311493058845,14,normalized_compact_thermal,spline_ridge
14,59.3,0.5604987515071242,1.026088520347735,0.7458391445941729,1.306337896101297,0.5680923681128305,0.9510393578792466,0.6669931738228314,1.235085541935662,0.9968103318229109,-0.5803681848729205,-0.04577097394366422,0.014896931307704548,0.08721263744954094,0.15245141423391423,0.9837333219917468,0.06847497740191621,1.0677097588237447,14,normalized_compact_thermal,spline_ridge
14,59.5,0.5229191181078681,1.0220864460396262,0.7606268869856921,1.2835460050935603,0.5893176262987365,0.9699654088958332,0.6753065957464649,1.2646242220452013,0.9968103318229109,-0.5803681848729205,-0.026844922927077706,0.05157820785705995,0.10461843884275658,0.09072351212480162,1.0879117404726715,0.08970023558782225,1.0889350170096508,14,normalized_compact_thermal,spline_ridge
14,59.699999999999996,0.8762359342753796,1.111518051704229,0.6734000845665391,1.5496360188419187,0.5496906921199276,0.9607144514453507,0.6858691053853869,1.2355597975053145,0.9968103318229109,-0.5803681848729205,-0.03609588037756015,-0.01803135204026756,0.07547439258116287,0.18999226488205878,0.9093891193577964,0.05007330140901334,1.0493080828308419,14,normalized_compact_thermal,spline_ridge
14,59.9,0.8320554399494106,1.1231459334978307,0.7071182135231255,1.539173653472536,0.5400154925393361,0.909509999398418,0.63950225312875,1.179517745668086,0.9968103318229109,-0.5803681848729205,-0.08730033242449287,-0.035789265074783964,0.06689330424848049,0.2212131079418349,0.8588178771368373,0.04039810182842185,1.0396328832502504,14,normalized_compact_thermal,spline_ridge
14,60.099999999999994,0.4557272104590575,1.0436793042596157,0.8158156990300869,1.2715429094891444,0.5235605295634085,0.9489023985740265,0.6871221337923222,1.2106826633557306,0.9968103318229109,-0.5803681848729205,-0.04790793324888443,-0.06673444571969478,0.08661027028510251,0.11079035760480033,0.9363307015220166,0.023943138852494217,1.0231779202743227,14,normalized_compact_thermal,spline_ridge
14,60.3,0.5104861175535249,1.0827070450413163,0.8274639862645539,1.3379501038180788,0.6031856549987477,0.9878309086918314,0.6862380811924575,1.2894237361912053,0.9968103318229109,-0.5803681848729205,-0.008979423131079443,0.07483794080099557,0.09830367567908073,0.1346866538912906,1.0716846561062048,0.10356826428783339,1.102803045709662,14,normalized_compact_thermal,spline_ridge
14,60.5,0.39689736956104205,1.026747988977021,0.8282993041965001,1.2251966737575422,0.5422581949646972,0.9102224659507182,0.6390933684683696,1.1813515634330667,0.9968103318229109,-0.5803681848729205,-0.0865878658721927,-0.03164483162625676,0.0809991217272438,0.15622982565245513,0.9282865642769392,0.042640804253782916,1.0418755856756114,14,normalized_compact_thermal,spline_ridge
14,60.699999999999996,0.5088147375124829,1.1347711806463243,0.880363811890083,1.389178549402566,0.5616146064481925,0.9576562533941908,0.6768489501700945,1.238463556618287,0.9968103318229109,-0.5803681848729205,-0.03915407842872011,0.0034287668969877165,0.08358698202821944,0.163252924493901,0.9599762884024841,0.06199721573727823,1.0612319971591067,14,normalized_compact_thermal,spline_ridge
14,60.9,0.3085494891901362,1.013773504322749,0.8594987597276809,1.168048248917817,0.5595940418784481,0.9728016138656452,0.6930045929264212,1.2525986348048692,0.9968103318229109,-0.5803681848729205,-0.024008717957265696,-0.0001754984824195449,0.08094540267772059,0.17382168863954417,0.945366395117352,0.05997665116753381,1.0592114325893625,14,normalized_compact_thermal,spline_ridge
14,61.099999999999994,0.4724910002065467,1.0007491862870235,0.76450368618375,1.2369946863902967,0.550121692003258,0.9293974981591353,0.6543366521575062,1.2044583441607644,0.9968103318229109,-0.5803681848729205,-0.0674128336637756,-0.01724758216894095,0.08217396353033121,0.15849422166652732,0.9417491623399887,0.050504301292343734,1.0497390827141722,14,normalized_compact_thermal,spline_ridge
14,61.3,0.9058064943757967,1.174960685358165,0.7220574381702666,1.6278639325460633,0.5867765144550664,0.9174301229050079,0.6240418656774747,1.2108183801325412,0.9968103318229109,-0.5803681848729205,-0.07938020891790304,0.04725692827595631,0.06968826477458914,0.25465381191857556,0.9188992169915573,0.08715912374415213,1.0863939051659806,14,normalized_compact_thermal,spline_ridge
14,61.5,0.5226339030072986,0.9907182646181971,0.7294013131145478,1.2520352161218464,0.5808422606567684,0.9777026616030936,0.6872815312747094,1.2681237919314778,0.9968103318229109,-0.5803681848729205,-0.019107670219817345,0.03709212959307129,0.08762874818042973,0.16321819210360622,0.9984663292099305,0.0812248699458541,1.0804596513676827,14,normalized_compact_thermal,spline_ridge
14,61.699999999999996,0.6511001419072993,0.8998602208837141,0.5743101499300646,1.2254102918373637,0.616320962488319,1.045283982144831,0.7371235009006715,1.3534444633889904,0.9968103318229109,-0.5803681848729205,0.048473650321920095,0.09638077672905049,0.08508748588456719,0.21080812821952255,1.0218337967571154,0.11670357177740476,1.1159383531992333,14,normalized_compact_thermal,spline_ridge
14,61.9,0.6044870007601604,1.0097748677467937,0.7075313673667135,1.312018368126874,0.629732204665897,0.9856509668848413,0.6707848645518928,1.3005170692177899,0.9968103318229109,-0.5803681848729205,-0.011159364938069582,0.11790756294877328,0.08602990150154001,0.21972797399579796,1.039736435335996,0.1301148139549827,1.1293495953768113,14,normalized_compact_thermal,spline_ridge
14,62.1,0.4322418001888376,1.0078566583112618,0.7917357582168429,1.2239775584056807,0.5312228596925165,0.9943162433769568,0.7287048135306986,1.259927673223215,0.9968103318229109,-0.5803681848729205,-0.002494088445954063,-0.05220546281322382,0.08719954033683862,0.11564432447878281,0.9468013949062501,0.031605468981602214,1.0308402504034309,14,normalized_compact_thermal,spline_ridge
14,62.3,0.3508974507347276,1.0179568113021062,0.8425080859347425,1.1934055366694702,0.555419242750464,0.9246840271320672,0.6469744057568352,1.2023936485072992,0.9968103318229109,-0.5803681848729205,-0.07212630469084369,-0.007663873184801065,0.0777207656830547,0.18501497417878082,0.9258235113221471,0.05580185203954968,1.0550366334613783,14,normalized_compact_thermal,spline_ridge
14,62.5,0.868994059561051,1.12920055233892,0.6947035225583945,1.5636975821194454,0.5479050044231735,0.9346426656555279,0.6606901634439412,1.2085951678671147,0.9968103318229109,-0.5803681848729205,-0.062167666167383055,-0.021285171780727308,0.0779721144992582,0.17630284911422012,0.9195071597321268,0.0482876137122592,1.0475223951340877,14,normalized_compact_thermal,spline_ridge
14,62.699999999999996,0.8046976245620623,1.2313140260205429,0.8289652137395116,1.6336628383015739,0.5996466629630409,0.9398777235497556,0.6400543920682351,1.2397010550312761,0.9968103318229109,-0.5803681848729205,-0.05693260827315527,0.06895349257852876,0.09326531548868636,0.15515965021831046,1.0441336757077715,0.10002927225212666,1.0992640536739553,14,normalized_compact_thermal,spline_ridge
14,62.9,0.5023646177025226,1.0299944260778255,0.7788121172265642,1.2811767349290868,0.6173361158084468,0.9887884816207895,0.6801204237165661,1.2974565395250128,0.9968103318229109,-0.5803681848729205,-0.008021850202121372,0.09802653966774472,0.09797702498010155,0.15039387771239932,1.0842783539044945,0.11771872509753256,1.1169535065193612,14,normalized_compact_thermal,spline_ridge
14,63.1,0.6439362326443913,0.9962531813975553,0.6742850650753597,1.318221297719751,0.5862345498629553,0.948054920797775,0.6549376458662973,1.2411721957292525,0.9968103318229109,-0.5803681848729205,-0.04875541102513591,0.04633287112566733,0.08025379987159476,0.2037582608006427,0.9687108389252679,0.08661715915204105,1.0858519405738696,14,normalized_compact_thermal,spline_ridge
14,63.3,0.6110837018168906,1.0029705866754588,0.6974287357670134,1.3085124375839041,0.5697675157594148,0.9850466452808134,0.7001628874011061,1.2699304031605207,0.9968103318229109,-0.5803681848729205,-0.011763686542097498,0.01784131643022835,0.09008867372239021,0.14041985039010169,0.9991151811287278,0.07015012504850049,1.069384906470329,14,normalized_compact_thermal,spline_ridge
14,63.5,0.4907376429977267,0.9838236578938964,0.7384548363950331,1.2291924793927598,0.6030745538604075,0.9453183744239467,0.643781097493743,1.2468556513541504,0.9968103318229109,-0.5803681848729205,-0.051491957398964124,0.07465373321818988,0.08682938209691717,0.18926013137650743,1.0168889763443076,0.10345716314949327,1.1026919445713217,14,normalized_compact_thermal,spline_ridge
14,63.699999999999996,0.4419370330101543,1.015836615398948,0.7948680988938708,1.2368051319040252,0.5805117527720801,0.9482283552142664,0.6579724788282264,1.2384842316003064,0.9968103318229109,-0.5803681848729205,-0.0485819766086445,0.03652295277051901,0.08565505633791229,0.17229397193222812,0.9887295336119322,0.08089436206116585,1.0801291434829943,14,normalized_compact_thermal,spline_ridge
14,63.9,0.5882255055078516,1.06928196572667,0.7751692129727441,1.3633947184805957,0.5685317475756235,0.9353300010564702,0.6510641272686585,1.219595874844282,0.9968103318229109,-0.5803681848729205,-0.06148033076644063,0.015670061982330036,0.08110015786309907,0.18202185681062844,0.9550416383406186,0.06891435686470926,1.0681491382865378,14,normalized_compact_thermal,spline_ridge
14,64.1,0.9777759664896188,1.233892522155569,0.7450045389107595,1.7227805054003784,0.5765347345625259,0.9379884811928616,0.6497211139115986,1.2262558484741246,0.9968103318229109,-0.5803681848729205,-0.05882185063004928,0.029648494543827945,0.07622412509178844,0.21326320662522302,0.9398062624998288,0.07691734385161164,1.07615212527344,14,normalized_compact_thermal,spline_ridge
14,64.3,0.5480002706142982,0.9748334233478964,0.7008332880407472,1.2488335586550454,0.5785408276103121,0.9335720087505355,0.6443015949453794,1.2228424225556915,0.9968103318229109,-0.5803681848729205,-0.06323832307237544,0.033122024987222574,0.075903293251607,0.2167983309692465,0.9402833242513777,0.07892343689939785,1.0781582183212264,14,normalized_compact_thermal,spline_ridge
14,64.5,0.5494746545621505,0.9246193128385141,0.6498819855574388,1.1993566401195894,0.5549402404848818,0.8776671797552045,0.6001970595127636,1.1551372999976453,0.9968103318229109,-0.5803681848729205,-0.11914315206770637,-0.008526660962144543,0.07944400046392565,0.1763233209829601,0.9335571599868034,0.05532284977396751,1.054557631195796,14,normalized_compact_thermal,spline_ridge
14,64.69999999999999,0.5228178743994484,0.9945340748761633,0.733125137676439,1.2559430120758874,0.5876010660783688,0.9479271107560282,0.6541265777168438,1.2417276437952127,0.9968103318229109,-0.5803681848729205,-0.04888322106688267,0.04866116448152287,0.08092948996177084,0.20190455020236986,0.9732975819543678,0.08798367536745455,1.087218456789283,14,normalized_compact_thermal,spline_ridge
14,64.9,0.5150611466909794,0.9608395644818792,0.7033089911363894,1.218370137827369,0.5678334210334796,0.9231492075030503,0.6392324969863106,1.20706591801979,0.9968103318229109,-0.5803681848729205,-0.07366112431986066,0.014441008770667865,0.09120986585610658,0.1331423400587271,1.002524502008232,0.06821603032256529,1.067450811744394,14,normalized_compact_thermal,spline_ridge
14,65.1,0.46413596361505105,0.9736154650016402,0.7415474831941146,1.2056834468091657,0.588974693394319,0.9353790763492066,0.6408917296520471,1.229866423046366,0.9968103318229109,-0.5803681848729205,-0.061431255473704295,0.05099612324466135,0.08374564894013424,0.18985683127456188,0.988092555514076,0.0893573026834047,1.0885920841052332,14,normalized_compact_thermal,spline_ridge
14,65.3,0.6264353553638334,0.9465937049207245,0.6333760272388077,1.2598113826026411,0.5617262889599811,0.921840300418899,0.6409771559389084,1.2027034448988896,0.9968103318229109,-0.5803681848729205,-0.07497003140401197,0.003627606826368049,0.08398016028857914,0.16149078467948247,0.9619617932404798,0.062108898249066846,1.0613436796708955,14,normalized_compact_thermal,spline_ridge
14,65.5,0.5475403655526165,1.0286861957515168,0.7549160129752085,1.302456378527825,0.5721875101992752,0.9320526440601271,0.6459588889604895,1.2181463991597647,0.9968103318229109,-0.5803681848729205,-0.06475768776278375,0.022079658584670883,0.08017291458981639,0.19009670696397446,0.9542783134345758,0.0725701194883609,1.0718049009101893,14,normalized_compact_thermal,spline_ridge
14,65.69999999999999,0.7752218509477895,1.064611921630085,0.6770009961561904,1.4522228471039795,0.5668097074075895,0.9353471865750188,0.651942332871224,1.2187520402788135,0.9968103318229109,-0.5803681848729205,-0.06146314524789212,0.012636540250115038,0.08142969807507157,0.17872928269188165,0.9548901321232974,0.06719231669667525,1.0664270981185038,14,normalized_compact_thermal,spline_ridge
14,65.9,0.5102825405012783,0.9754829311318443,0.7203416608812051,1.2306242013824833,0.5780267263127401,0.9238783363290395,0.6348649731726694,1.2128916994854095,0.9968103318229109,-0.5803681848729205,-0.07293199549387142,0.03223301278955584,0.07516729060419126,0.2197918961220358,0.9362615565034444,0.07840933560182584,1.0776441170236544,14,normalized_compact_thermal,spline_ridge
14,66.1,0.5700310722670826,0.9771346320135217,0.6921190958799804,1.262150168147063,0.5943855187907916,0.9292968648519033,0.6321041054565075,1.2264896242472991,0.9968103318229109,-0.5803681848729205,-0.0675134669710076,0.060141036263356804,0.08688722799632823,0.18029541235199326,1.00847562522959,0.09476812807987733,1.0940029095017059,14,normalized_compact_thermal,spline_ridge
14,66.3,0.38092536265656557,1.030799566813034,0.8403368854847513,1.221262248141317,0.5582254586016393,0.8971514214831464,0.6180386921823268,1.176264150783966,0.9968103318229109,-0.5803681848729205,-0.09965891033976446,-0.002624165659997145,0.08270280556945096,0.16407761488761935,0.9523733023156593,0.058608067890725035,1.0578428493125536,14,normalized_compact_thermal,spline_ridge
14,66.5,0.8325851090572409,1.234748182165721,0.8184556276371004,1.6510407366943416,0.5831011688113454,0.9279028112565807,0.636352226850908,1.2194533956622533,0.9968103318229109,-0.5803681848729205,-0.06890752056633023,0.0409736085952684,0.07843078255367446,0.209313077688197,0.9568892599344938,0.08348377810043117,1.0827185595222597,14,normalized_compact_thermal,spline_ridge
14,66.69999999999999,0.39604916845724014,0.997987081567498,0.7999624973388778,1.1960116657961182,0.5935838947385047,0.9090075442968492,0.6122155969275969,1.2057994916661015,0.9968103318229109,-0.5803681848729205,-0.08780278752606176,0.05879146587067387,0.07992207974659751,0.21268852873054256,0.9744792607464668,0.09396650402759044,1.0932012854494189,14,normalized_compact_thermal,spline_ridge
14,66.9,0.4840294898067126,0.978470488624472,0.7364557437211156,1.2204852335278282,0.5901618267234239,0.8959746842524803,0.6008937708907683,1.1910555976141923,0.9968103318229109,-0.5803681848729205,-0.10083564757043058,0.05300968776403233,0.06860912420487104,0.26318212901838967,0.9171415244284581,0.09054443601250961,1.0897792174343381,14,normalized_compact_thermal,spline_ridge
14,67.1,0.4856847966009482,0.9626771533637593,0.7198347550632852,1.2055195516642334,0.5969561930413602,1.0114326164132765,0.7129545198925964,1.3099107129339567,0.9968103318229109,-0.5803681848729205,0.014622284590365535,0.06445663810086855,0.08846295840194683,0.17535641704089694,1.0185559690418233,0.0973388023304459,1.0965735837522743,14,normalized_compact_thermal,spline_ridge
14,67.3,0.5244900558923089,0.9791980884134317,0.7169530604672772,1.241443116359586,0.6146521374918038,0.9602361630484914,0.6529100943025894,1.2675622317943933,0.9968103318229109,-0.5803681848729205,-0.036574168774419505,0.0936693835736237,0.08076101004088036,0.229758568953212,0.9995457060303956,0.11503474678088954,1.1142695282027182,14,normalized_compact_thermal,spline_ridge
14,67.5,0.552299351976832,0.9098761737478003,0.6337264977593843,1.1860258497362164,0.5971491080495795,1.0501367914259923,0.7515622374012025,1.348711345450782,0.9968103318229109,-0.5803681848729205,0.05332645960308132,0.06477975032509448,0.09805332633482089,0.129843230362009,1.0644549857371501,0.09753171733866528,1.096766498760494,14,normalized_compact_thermal,spline_ridge
14,67.69999999999999,0.5964969819920152,0.9798001557087088,0.6815516647127012,1.2780486467047165,0.6562067561452637,0.949921669742412,0.6218182916697801,1.278025047815044,0.9968103318229109,-0.5803681848729205,-0.04688866208049888,0.1590888222277265,0.08492021993033627,0.25149108365027817,1.0609224286402492,0.15658936543434943,1.1558241468561778,14,normalized_compact_thermal,spline_ridge
14,67.9,0.5703128226350932,0.9697882714043058,0.6846318600867592,1.2549446827218524,0.5390196108031622,0.9226053025433176,0.6530954971417365,1.1921151079448986,0.9968103318229109,-0.5803681848729205,-0.07420502927959327,-0.0376351401827533,0.08211329860302763,0.14768125944034222,0.9303579621659821,0.03940222009224792,1.0386370015140765,14,normalized_compact_thermal,spline_ridge
14,68.1,0.6006670675346995,0.9581616666497013,0.6578281328823516,1.2584952004170509,0.5817153851342686,0.9185993230690286,0.6277416305018944,1.2094570156361628,0.9968103318229109,-0.5803681848729205,-0.07821100875388232,0.03859420502963212,0.08035046392225773,0.19877841125151807,0.9646523590170191,0.0820979944233543,1.081332775845183,14,normalized_compact_thermal,spline_ridge
14,68.3,0.7540471866555902,1.099422713680277,0.7223991203524819,1.476446307008072,0.6124016308865702,0.9003365723444777,0.5941357569011927,1.2065373877877628,0.9968103318229109,-0.5803681848729205,-0.09647375947843315,0.09000123277751038,0.07887908161675684,0.23647702084080124,0.9883262409323391,0.11278424017565591,1.1120190215974843,14,normalized_compact_thermal,spline_ridge
14,68.5,0.4484184451663604,0.9996891274249237,0.7754799048417433,1.223898350008104,0.5752856912894991,0.9121696470462507,0.6245268014015011,1.1998124926910003,0.9968103318229109,-0.5803681848729205,-0.08464068477666022,0.02747967771336854,0.0849717183890046,0.17032458568859954,0.9802467968903987,0.07566830057858487,1.0749030820004135,14,normalized_compact_thermal,spline_ridge
14,68.7,0.8409420645892227,1.087427035533275,0.6669560032386636,1.5078980678278864,0.5604220325033737,0.9282640249772681,0.6480530087255812,1.2084750412289549,0.9968103318229109,-0.5803681848729205,-0.0685463068456428,0.00130303525419527,0.07798515870008522,0.18875771069845276,0.9320863543082947,0.06080464179245948,1.060039423214288,14,normalized_compact_thermal,spline_ridge
14,68.9,0.5764195146075759,0.9414452955371047,0.6532355382333167,1.2296550528408927,0.6121885021266851,0.9439975295156458,0.6379032784523032,1.2500917805789884,0.9968103318229109,-0.5803681848729205,-0.052812802307265115,0.08965315098868747,0.0904288427444953,0.1812196476618167,1.0431573565915535,0.11257111141577081,1.1118058928375993,14,normalized_compact_thermal,spline_ridge
14,69.1,0.4075684596499016,0.9883940647900977,0.7846098349651469,1.1921782946150485,0.6037966783262357,0.9457370885961626,0.6438387494330446,1.2476354277592805,0.9968103318229109,-0.5803681848729205,-0.05107324322674837,0.07585042186689869,0.08402137495360437,0.20336475179334512,1.0042286048591262,0.10417928761532147,1.1034140690371501,14,normalized_compact_thermal,spline_ridge
14,69.3,0.9688609115090739,1.1904533482667015,0.7060228925121645,1.6748838040212384,0.5584152778741486,0.9432104753421279,0.6640028364050536,1.222418114279202,0.9968103318229109,-0.5803681848729205,-0.053599856480783026,-0.002284182945526632,0.10015224348307925,0.0811063094519392,1.035724246296358,0.05879788716323431,1.0580326685850627,14,normalized_compact_thermal,spline_ridge
14,69.5,0.5241360199708637,0.9803749760199232,0.7183069660344913,1.242442986005355,0.5804185539644978,0.9251916246780204,0.6349823476957714,1.2154009016602694,0.9968103318229109,-0.5803681848729205,-0.07161870714489048,0.03636239393724233,0.07481088232242035,0.22388230648540247,0.9369548014435931,0.08080116325358355,1.0800359446754122,14,normalized_compact_thermal,spline_ridge
14,69.7,1.1260728438501533,0.9373875599849485,0.3743511380598719,1.5004239819100251,0.575442977354871,0.9438531313204014,0.6561316426429659,1.2315746199978368,0.9968103318229109,-0.5803681848729205,-0.05295720050250949,0.027753045485697767,0.07642885336725527,0.211195748439023,0.9396902062707191,0.07582558664395678,1.0750603680657853,14,normalized_compact_thermal,spline_ridge
14,69.9,0.4396547984877224,0.9582978582092078,0.7384704589653466,1.178125257453069,0.5929114337221426,0.9656226461184256,0.6691669292573543,1.262078362979497,0.9968103318229109,-0.5803681848729205,-0.031187685704485282,0.0576579408204958,0.08895169177391828,0.1689824355944825,1.0168404318498028,0.09329404301122834,1.0925288244330569,14,normalized_compact_thermal,spline_ridge
14,70.1,0.6040963962887701,0.9799881510877009,0.6779399529433158,1.2820363492320859,0.5812559722555792,0.9636851767586572,0.6730571906308676,1.2543131628864468,0.9968103318229109,-0.5803681848729205,-0.03312515506425371,0.037804137587871975,0.0874222951905042,0.1646158243837914,0.9978961201273671,0.08163858154466497,1.0808733629664935,14,normalized_compact_thermal,spline_ridge
14,70.3,0.46830262748623425,0.9988553898160554,0.7647040760729382,1.2330067035591725,0.5715498993842112,0.9399615338548482,0.6541865841627426,1.2257364835469537,0.9968103318229109,-0.5803681848729205,-0.056848797968062754,0.02096469832233344,0.079311321522642,0.19356530569340474,0.9495344930750176,0.07193250867329692,1.0711672900951255,14,normalized_compact_thermal,spline_ridge
14,70.5,0.8820828038413606,0.838910864545215,0.3978694626245346,1.2799522664658953,0.5991346331537071,0.9471542365783584,0.6475869200015049,1.2467215531552118,0.9968103318229109,-0.5803681848729205,-0.04965609524455248,0.06809924194560672,0.07786870608565158,0.22802530517950126,0.9702439611279129,0.09951724244279281,1.0987520238646213,14,normalized_compact_thermal,spline_ridge
14,70.7,0.9346623558194878,0.7743956376438681,0.3070644597341242,1.2417268155536119,0.5978181101463252,0.981517682825399,0.6826086277522363,1.2804267378985617,0.9968103318229109,-0.5803681848729205,-0.015292648997511928,0.06589944993936707,0.0887762956436082,0.17472502086216196,1.0209111994304885,0.09820071943541098,1.0974355008572396,14,normalized_compact_thermal,spline_ridge
14,70.9,1.0217972853668047,0.7322895939731638,0.22139095128976138,1.2431882366565663,0.6288970390592875,0.9971546146333601,0.6827060951037163,1.311603134163004,0.9968103318229109,-0.5803681848729205,0.0003442828104492073,0.11658045930272676,0.08694811231308248,0.21451676807287245,1.0432773100457027,0.12927964834837324,1.1285144297702017,14,normalized_compact_thermal,spline_ridge
14,71.1,0.5513526192438525,0.9531449868176122,0.6774686771956859,1.2288212964395384,0.5522167591151649,1.00023512365667,0.7241267440990875,1.2763435032142525,0.9968103318229109,-0.5803681848729205,0.003424791833759022,-0.013446445354102617,0.08332270730947246,0.15511456660412792,0.9493189516262018,0.05259936840425061,1.051834149826079,14,normalized_compact_thermal,spline_ridge
14,71.3,0.5597746130593917,0.9681165927035353,0.6882292861738394,1.2480038992332312,0.5754903310737195,0.9754239069639753,0.6876787414271155,1.263169072500835,0.9968103318229109,-0.5803681848729205,-0.021386424858935577,0.02783533299710856,0.08244272784113482,0.18258197464320852,0.9683986875042305,0.07587294036280523,1.0751077217846339,14,normalized_compact_thermal,spline_ridge
14,71.5,1.0705448061435219,0.9681961894766571,0.43292378640489604,1.5034685925484181,0.5640129928641111,0.9555903500594466,0.673583853627391,1.2375968464915021,0.9968103318229109,-0.5803681848729205,-0.04121998176346426,0.007690194116599675,0.08035965286843184,0.18103222598914476,0.9469937597390774,0.06439560215319684,1.0636303835750254,14,normalized_compact_thermal,spline_ridge
14,71.7,0.4899935496868929,0.9887983393958428,0.7438015645523963,1.2337951142392893,0.5987940365021696,0.9530712951629136,0.6536742769118288,1.2524683134139982,0.9968103318229109,-0.5803681848729205,-0.04373903665999738,0.0675305993054516,0.08764298802562323,0.18110210321045117,1.016485969793888,0.09917664579125529,1.0984114272130838,14,normalized_compact_thermal,spline_ridge
14,71.9,0.5366653425077538,1.0172953761060526,0.7489627048521756,1.2856280473599295,0.5897647967166942,0.9714984102753649,0.6766160119170177,1.266380808633712,0.9968103318229109,-0.5803681848729205,-0.02531192154754601,0.05233671367593787,0.08308848045603434,0.19377889051041902,0.9857507029229695,0.09014740600577997,1.0893821874276086,14,normalized_compact_thermal,spline_ridge
14,72.1,0.5389400978392722,0.9789421342124007,0.7094720852927646,1.248412183132037,0.5942064194460942,0.973893593176025,0.6767903834529778,1.2709968028990721,0.9968103318229109,-0.5803681848729205,-0.022916738646885947,0.059839672371694255,0.08884409256823413,0.17079022127260418,1.0176226176195842,0.09458902873517994,1.0938238101570086,14,normalized_compact_thermal,spline_ridge
14,72.3,0.9500056212121567,1.1354075761360138,0.6604047655299357,1.610410386742092,0.5718180335839528,0.9995696757541416,0.7136606589621652,1.285478692546118,0.9968103318229109,-0.5803681848729205,0.002759343931230694,0.021433723553714652,0.08391970249461893,0.17187066111423188,0.9717654060536737,0.07220064287303851,1.071435424294867,14,normalized_compact_thermal,spline_ridge
14,72.5,0.8959138620424352,1.184005732376709,0.7360488013554913,1.6319626633979265,0.5933562172166862,1.0137679890703177,0.7170898804619746,1.310446097678661,0.9968103318229109,-0.5803681848729205,0.016957657247406763,0.05840782810779467,0.09658641870093136,0.13304137782393693,1.0536710566094354,0.09373882650577192,1.0929736079276005,14,normalized_compact_thermal,spline_ridge
14,72.7,0.46996889758353494,1.1033033837132074,0.8683189349214397,1.3382878325049747,0.5684092302859384,0.9761718792212228,0.6919672640782537,1.260376494364192,0.9968103318229109,-0.5803681848729205,-0.020638452601688024,0.015454541049326425,0.09163407547843351,0.1316964366646604,1.0051220239072163,0.0687918395750241,1.0680266209968527,14,normalized_compact_thermal,spline_ridge
14,72.9,0.8792820523451648,1.1474122937798543,0.707771267607272,1.5870533199524368,0.5622563435876026,0.9672222247252634,0.6860940529314621,1.2483503965190648,0.9968103318229109,-0.5803681848729205,-0.02958810709764751,0.0045707791700788855,0.0902927561320267,0.13193605532908614,0.992576631846119,0.0626389528766883,1.061873734298517,14,normalized_compact_thermal,spline_ridge
14,73.1,0.8822578876800828,1.0971446363286317,0.6560156924885903,1.538273580168673,0.5893047442636046,0.9988760425847639,0.7042236704529616,1.2935284147165662,0.9968103318229109,-0.5803681848729205,0.0020657107618530512,0.0515563483786481,0.08894374706573595,0.1654136092964194,1.0131958792307898,0.08968735355269031,1.0889221349745188,14,normalized_compact_thermal,spline_ridge
14,73.3,0.7631072425538522,1.1111305727179523,0.7295769514410264,1.4926841939948785,0.5713739986243396,0.9771787391408386,0.6914917398286688,1.2628657384530084,0.9968103318229109,-0.5803681848729205,-0.019631592682072263,0.020656889969446854,0.06899924996079167,0.2425350263225774,0.9002129709261018,0.07175660791342531,1.0709913893352538,14,normalized_compact_thermal,spline_ridge
14,73.5,0.8220467301301286,1.1157268825088869,0.7047035174438225,1.5267502475739512,0.60093041488171,1.0091037702262673,0.7086385627854124,1.3095689776671222,0.9968103318229109,-0.5803681848729205,0.012293438403356482,0.07109205149593956,0.08711645895941847,0.18574783172229253,1.0161129980411274,0.10131302417079568,1.1005478055926243,14,normalized_compact_thermal,spline_ridge
14,73.7,0.7938663205570945,1.073959214077663,0.6770260537991158,1.4708923743562103,0.5921893505969367,1.0178289318113223,0.7217342565128539,1.3139236071097906,0.9968103318229109,-0.5803681848729205,0.02101859998841145,0.0564393386153202,0.08282605521044917,0.1974541195518162,0.9869245816420571,0.0925719598860224,1.091806741307851,14,normalized_compact_thermal,spline_ridge
14,73.9,0.831115621015729,1.1579613553154633,0.7424035448075988,1.5735191658233278,0.5735855598497419,0.9673660589042721,0.6805732789794011,1.254158838829143,0.9968103318229109,-0.5803681848729205,-0.029444272918638867,0.024520020259834786,0.09066603087256192,0.14148630613676683,1.005684813562717,0.07396816913882764,1.0732029505606562,14,normalized_compact_thermal,spline_ridge
14,74.1,0.5411522466393853,0.9835762647589141,0.7130001414392214,1.2541523880786067,0.5731968669719896,0.9993791124663428,0.712780678980348,1.2859775459523375,0.9968103318229109,-0.5803681848729205,0.0025687806434318804,0.02384213597499433,0.07895497527001478,0.1969105603721893,0.9494831735717899,0.0735794762610753,1.0728142576829038,14,normalized_compact_thermal,spline_ridge
14,74.3,0.6346442699878139,0.9393541621965595,0.6220320272026526,1.2566762971904666,0.5907294388023381,1.0003024561115326,0.7049377367103635,1.2956671755127016,0.9968103318229109,-0.5803681848729205,0.0034921242886217143,0.053971016108475336,0.08835556491926695,0.169641482314354,1.0118173952903222,0.09111204809142381,1.0903468295132523,14,normalized_compact_thermal,spline_ridge
14,74.5,0.8808765985120701,1.1536690085055208,0.7132307092494857,1.594107307761556,0.6095545726104877,1.0421500654373759,0.7373727791321321,1.3469273517426197,0.9968103318229109,-0.5803681848729205,0.045339733614464965,0.08534138749054804,0.09826251345517681,0.1412517438297431,1.0778574013912323,0.10993718189957347,1.109171963321402,14,normalized_compact_thermal,spline_ridge
14,74.7,0.7136472306068739,1.040343515763003,0.6835199004595662,1.39716713106644,0.5964936429667771,1.028155503950987,0.7299086824675985,1.3264023254343758,0.9968103318229109,-0.5803681848729205,0.03134517212807613,0.06368149014946295,0.08779058301990963,0.17809829643121033,1.0148889895023439,0.09687625225586283,1.0961110336776914,14,normalized_compact_thermal,spline_ridge
14,74.9,0.576921502405612,0.9823773823232819,0.6939166311204759,1.2708381335260879,0.5863677576428434,1.021568202786209,0.7283843239647873,1.3147520816076308,0.9968103318229109,-0.5803681848729205,0.02475787096329799,0.04656007139571376,0.08535783320149193,0.17956649293585253,0.9931690223498344,0.08675036693192917,1.0859851483537577,14,normalized_compact_thermal,spline_ridge
14,75.1,0.4142113204356701,0.979277133308986,0.772171473091151,1.1863827935268212,0.6164215254966597,1.0161689429270326,0.7079581801787027,1.3243797056753626,0.9968103318229109,-0.5803681848729205,0.019358611104121737,0.09654393003891681,0.09745422261844221,0.15197087667763604,1.0808721743156835,0.11680413478574547,1.116038916207574,14,normalized_compact_thermal,spline_ridge
14,75.3,0.4635433921040003,1.0099360175355576,0.7781643214835574,1.2417077135875578,0.5988273563482326,1.0167674244460354,0.7173537462719191,1.3161811026201518,0.9968103318229109,-0.5803681848729205,0.019957092623124457,0.06758624267700555,0.09295423734303657,0.15582289041059272,1.0418318222858725,0.09920996563731832,1.0984447470591467,14,normalized_compact_thermal,spline_ridge
14,75.5,0.8187454180992717,1.1357022494080298,0.7263295403583939,1.5450749584576655,0.6052680934623433,1.0255897248856523,0.7229556781544806,1.328223771616824,0.9968103318229109,-0.5803681848729205,0.028779393062741458,0.0782843954584829,0.09032383930629706,0.17479966795467206,1.0357365189700145,0.10565070275142907,1.1048854841732576,14,normalized_compact_thermal,spline_ridge
14,75.7,0.644886305048461,1.0314643121840739,0.7090211596598434,1.3539074647083045,0.5991470360551514,0.985733957179344,0.6861604391517683,1.2853074752069196,0.9968103318229109,-0.5803681848729205,-0.011076374643566873,0.06811994309086072,0.0789116842674909,0.22306704718761566,0.9752270249226871,0.09952964534423714,1.0987644267660657,14,normalized_compact_thermal,spline_ridge
14,75.9,0.5112906445172788,0.9724394580350642,0.7167941357764248,1.2280847802937036,0.5966448776433245,0.9860337887061421,0.6877113498844798,1.2843562275278044,0.9968103318229109,-0.5803681848729205,-0.01077654311676879,0.06393499747446313,0.09832388594491176,0.1280495577635678,1.0652401975230812,0.09702748693241026,1.0962622683542387,14,normalized_compact_thermal,spline_ridge
14,76.1,0.543863361270901,0.9197395151558537,0.6478078345204032,1.1916711957913042,0.6002236356635405,0.9912596124636751,0.6911477946319049,1.2913714302954453,0.9968103318229109,-0.5803681848729205,-0.0055507193592357435,0.06991521776771127,0.08991715906309485,0.17169338069114376,1.0287538906359373,0.10060624495262627,1.0998410263744547,14,normalized_compact_thermal,spline_ridge
14,76.3,0.4213827636922411,0.9553849140075412,0.7446935321614205,1.166076295853662,0.5852499298394326,1.024159229728232,0.7315342648085157,1.3167841946479484,0.9968103318229109,-0.5803681848729205,0.027348897905321225,0.044651892380433975,0.09026220972169842,0.15507522070221919,1.015424638976646,0.08563253912851831,1.0848673205503467,14,normalized_compact_thermal,spline_ridge
14,76.5,0.5373355288826045,0.9307440206586228,0.6620762562173206,1.199411785099925,0.6105018969594077,0.9899501434752964,0.6846991949955925,1.2952010919550003,0.9968103318229109,-0.5803681848729205,-0.006860188347614451,0.08689430665933251,0.09573962359461516,0.15422274248597884,1.0667810514328366,0.11088450624849344,1.1101192876703219,14,normalized_compact_thermal,spline_ridge
14,76.7,0.5809060514442081,0.9356894350811036,0.6452364093589995,1.2261424608032077,0.5964451355942781,1.014402989204889,0.7161804214077498,1.312625557002028,0.9968103318229109,-0.5803681848729205,0.017592657381978072,0.06360016598866364,0.09639392126714542,0.13704770701878943,1.0558425641697669,0.09682774488336388,1.0960625263051924,14,normalized_compact_thermal,spline_ridge
14,76.9,0.5204626587038639,0.9783032539651921,0.7180719246132602,1.238534583317124,0.5656105398957604,1.0283409333788278,0.7455356634309476,1.311146203326708,0.9968103318229109,-0.5803681848729205,0.03153060155591684,0.010518655193013319,0.08194957480654644,0.17505246897086996,0.9561686108206509,0.06599314918484611,1.0652279306066745,14,normalized_compact_thermal,spline_ridge
14,77.1,0.4832425198002476,0.9921939900752279,0.7505727301751041,1.2338152499753516,0.5966503398159572,1.0351171944364954,0.7367920245285169,1.333442364344474,0.9968103318229109,-0.5803681848729205,0.03830686261358441,0.0639441522461456,0.09240097253001267,0.1562826421421591,1.0370180374897553,0.0970329491050429,1.0962677305268715,14,normalized_compact_thermal,spline_ridge
14,77.3,0.44652247559460534,0.981721230139522,0.7584599923422193,1.2049824679368246,0.6225043364749419,1.0485851153916663,0.7373329471541954,1.3598372836291373,0.9968103318229109,-0.5803681848729205,0.051774783568755395,0.10636350043018838,0.09644466502228824,0.16286507158527036,1.0821436013646133,0.12288694576402759,1.1221217271858561,14,normalized_compact_thermal,spline_ridge
14,77.5,0.4582315427524266,0.999635040579776,0.7705192692035626,1.2287508119559893,0.5919728179614441,1.010140277526849,0.7141538685461271,1.3061266865075711,0.9968103318229109,-0.5803681848729205,0.01332994570393819,0.056073624114966636,0.097483797910715,0.1273812182085764,1.0565644177143119,0.09235542725052981,1.0915902086723583,14,normalized_compact_thermal,spline_ridge
14,77.7,0.47880719360511953,1.001419814019556,0.7620162172169962,1.2408234108221157,0.574651825728341,1.032228053529927,0.7449021406657566,1.3195539663940976,0.9968103318229109,-0.5803681848729205,0.035417721707016285,0.026377242814122653,0.09499668827537801,0.12191337766843757,1.0273902737882443,0.07503443501742668,1.074269216439255,14,normalized_compact_thermal,spline_ridge
14,77.9,0.5555943344029959,0.9488055667061254,0.6710083995046274,1.2266027339076233,0.5719957247801026,1.036119524437547,0.7501216620474956,1.3221173868275984,0.9968103318229109,-0.5803681848729205,0.03930919261463601,0.02174442308198995,0.08304804263232404,0.17620253852945839,0.9677889110307469,0.07237833406918837,1.071613115491017,14,normalized_compact_thermal,spline_ridge
14,78.1,0.5113363714243289,0.899522773611966,0.6438545878998015,1.1551909593241305,0.58194316716974,0.9857010845976819,0.6947295010128118,1.276672668182552,0.9968103318229109,-0.5803681848729205,-0.01110924722522904,0.038985697942961056,0.09377422173728961,0.1350307917162304,1.0288555426232497,0.08232577645882577,1.0815605578806542,14,normalized_compact_thermal,spline_ridge
14,78.3,0.4391113535195232,0.9241841746063184,0.7046284978465567,1.1437398513660801,0.5826048815417526,0.9948523956643721,0.7035499548934958,1.2861548364352484,0.9968103318229109,-0.5803681848729205,-0.0019579361585387945,0.040122129271767816,0.08905034309060655,0.15820572761363927,1.007004035469866,0.08298749083083834,1.0822222722526669,14,normalized_compact_thermal,spline_ridge
14,78.5,0.4768028955750494,1.0027530378989238,0.7643515901113991,1.2411544856864485,0.5900162073980381,1.0479155096808823,0.7529074059818632,1.3429236133799014,0.9968103318229109,-0.5803681848729205,0.05110517785797135,0.052762912579416725,0.09485224349060746,0.13796615920632582,1.0420662555897504,0.0903988166871238,1.0896335981089522,14,normalized_compact_thermal,spline_ridge
14,78.7,0.5040390006275759,0.9784635187748383,0.7264440184610502,1.2304830190886262,0.582400836682005,1.0188193652047606,0.727618946863758,1.310019783545763,0.9968103318229109,-0.5803681848729205,0.02200903338184962,0.03977183938281341,0.09714792219759699,0.1194099648266958,1.0453917085373143,0.08278344597109077,1.0820182273929193,14,normalized_compact_thermal,spline_ridge
14,78.9,0.49758925813677285,0.9652817941018716,0.7164871650334852,1.214076423170258,0.6070027951956191,1.0089637921224432,0.7054623945246337,1.3124651897202528,0.9968103318229109,-0.5803681848729205,0.012153460299532256,0.08114630187480099,0.09822142517128202,0.13889578635577643,1.0751098040354616,0.1073854044847048,1.1066201859065332,14,normalized_compact_thermal,spline_ridge
14,79.1,0.4124122800149879,0.9219244893539051,0.7157183493464112,1.128130629361399,0.5322754325715077,0.991153924205789,0.7250162079200351,1.2572916404915429,0.9968103318229109,-0.5803681848729205,-0.005656407617121894,-0.050226008346143276,0.07710706523224582,0.16479595848179057,0.8997549066612247,0.0326580418605934,1.0318928232824218,14,normalized_compact_thermal,spline_ridge
14,79.3,0.4063372056006881,0.9104368610784088,0.7072682582780646,1.113605463878753,0.5415661984867847,0.9916859208378432,0.7209028215944508,1.2624690200812356,0.9968103318229109,-0.5803681848729205,-0.0051244109850676475,-0.03292178493368355,0.09307874987019418,0.09796832651223175,0.9851640704613376,0.0419488077758704,1.0411835891976988,14,normalized_compact_thermal,spline_ridge
14,79.5,0.5299475703142706,0.9285638069488116,0.6635900217916763,1.193537592105947,0.5585064097327943,1.002546893956258,0.7232936890898609,1.2818000988226552,0.9968103318229109,-0.5803681848729205,0.005736562133347067,-0.0021209989732586323,0.08449781868674182,0.15580383145146348,0.9612089880141251,0.05888901902188004,1.0581238004437086,14,normalized_compact_thermal,spline_ridge
14,79.7,0.6343973298643522,1.0500031175458713,0.7328044526136953,1.3672017824780471,0.5423761865274517,0.9814010952641157,0.7102130020003898,1.2525891885278415,0.9968103318229109,-0.5803681848729205,-0.01540923655879525,-0.03142726234165114,0.0987584821967393,0.07170965304901994,1.0130427200058834,0.04275879581653741,1.041993577238366,14,normalized_compact_thermal,spline_ridge
14,79.9,0.9788592847753986,1.246970027128934,0.7575403847412346,1.7363996695166333,0.6301375871007698,1.0657295836764,0.7506607901260152,1.380798377226785,0.9968103318229109,-0.5803681848729205,0.06891925185348918,0.1185510936556958,0.10924089737051691,0.10951360285375478,1.1507615713477848,0.13052019638985557,1.1297549778116842,14,normalized_compact_thermal,spline_ridge
14,80.1,0.5244811143393265,1.0557513463344232,0.7935107891647601,1.3179919035040866,0.5923503999265157,0.9726664274426609,0.676491227479403,1.2688416274059187,0.9968103318229109,-0.5803681848729205,-0.024143904380250096,0.05671125744370944,0.09402519119983906,0.14424194567228316,1.0404588541807482,0.09273300921560146,1.09196779063743,14,normalized_compact_thermal,spline_ridge
14,80.3,0.8170270489905993,1.1916083638278603,0.7830948393325607,1.60012188832316,0.5220246330303525,0.991910301849154,0.7308979853339777,1.2529226183643303,0.9968103318229109,-0.5803681848729205,-0.0049000299737568965,-0.06967231762665824,0.08826276811402434,0.10137893071304721,0.9426703353476578,0.022407242319438248,1.0216420237412667,14,normalized_compact_thermal,spline_ridge
14,80.5,0.6303347406833276,1.0532677367517023,0.7381003664100385,1.3684351070933662,0.5333044195889088,0.9941988933835456,0.7275466835890911,1.260851103178,0.9968103318229109,-0.5803681848729205,-0.0026114384393653347,-0.048294689289841965,0.0843338372126887,0.1313833497940442,0.9352254893837735,0.033687028877994574,1.0329218102998232,14,normalized_compact_thermal,spline_ridge
14,80.7,1.151952463441021,0.8845787815251265,0.30860254980461593,1.460555013245637,0.5600811462449177,0.9256469720668092,0.6456063989443503,1.2056875451892681,0.9968103318229109,-0.5803681848729205,-0.07116335975610161,0.000694583131188125,0.08881097748580762,0.13682276905758345,0.983339523432252,0.060463755534003405,1.0596985369558318,14,normalized_compact_thermal,spline_ridge
14,80.9,0.9942320744755121,1.1520089008774466,0.6548928636396906,1.6491249381152027,0.5530861887807255,0.9626318206970779,0.6860887263067151,1.2391749150874407,0.9968103318229109,-0.5803681848729205,-0.034178511125833005,-0.011873247984943568,0.08800648833622608,0.1336618733451731,0.9725105042162778,0.053468798069811196,1.0527035794916397,14,normalized_compact_thermal,spline_ridge
14,81.1,1.0906763305423535,1.23504496390571,0.6897067986345332,1.7803831291768868,0.5794862070067984,0.9886286110993662,0.698885507595967,1.2783717146027653,0.9968103318229109,-0.5803681848729205,-0.00818172072354474,0.03475476684599719,0.10314769633973508,0.08790140747742753,1.0710710065361693,0.07986881629588416,1.0791035977177126,14,normalized_compact_thermal,spline_ridge
14,81.3,1.1892050131906025,1.062204485410186,0.4676019788148847,1.656806992005487,0.5786529923138799,1.0355103089846462,0.7461838128277063,1.3248368051415862,0.9968103318229109,-0.5803681848729205,0.0386999771617353,0.03331588136977131,0.10821903725631025,0.06289902375519218,1.0944069608725675,0.07903560160296563,1.0782703830247942,14,normalized_compact_thermal,spline_ridge
14,81.5,0.6097189563084138,1.0340248226830195,0.7291653445288127,1.3388843008372264,0.5804782894822549,0.9698732263895149,0.6796340816483875,1.2601123711306423,0.9968103318229109,-0.5803681848729205,-0.026937105433395954,0.036465306643305974,0.0994649690633613,0.10644475686547478,1.054511822099035,0.08086089877134062,1.0800956801931691,14,normalized_compact_thermal,spline_ridge
14,81.7,0.5104881258343624,0.9624883031867929,0.7072442402696117,1.217732366103974,0.5564467674590984,0.9751810018519858,0.6969576181224366,1.2534043855815349,0.9968103318229109,-0.5803681848729205,-0.021629329970925166,-0.005815583927433386,0.10073030984165003,0.07638283072371665,1.03651070419448,0.05682937674818411,1.0560641581700128,14,normalized_compact_thermal,spline_ridge
14,81.9,0.462269576826297,1.0203987603229707,0.7892639719098221,1.2515335487361192,0.5421765661700415,0.9847910794598234,0.7137027963748026,1.2558793625448441,0.9968103318229109,-0.5803681848729205,-0.012019252363087584,-0.03179537787898744,0.09331183829131562,0.09746783347018262,0.9868852988699004,0.04255917545912724,1.0417939568809558,14,normalized_compact_thermal,spline_ridge
14,82.1,0.6064258505244688,1.0555273848687148,0.7523144596064804,1.3587403101309492,0.5024531120512004,1.0062405397380545,0.7550139837124543,1.2574670957636547,0.9968103318229109,-0.5803681848729205,0.00943020791514357,-0.10788476788041915,0.08426977072608248,0.10083737249726649,0.9040688516051343,0.0028357213402860904,1.0020705027621146,14,normalized_compact_thermal,spline_ridge
14,82.3,0.7025313963799457,1.0338262479205922,0.6825605497306194,1.385091946110565,0.5409948080904667,1.0079134762344248,0.7374160721891915,1.278410880279658,0.9968103318229109,-0.5803681848729205,0.011103144411513879,-0.0339774121840778,0.09041160881151691,0.11010808768955627,0.9718815284913772,0.04137741737955247,1.040612198801381,14,normalized_compact_thermal,spline_ridge
14,82.5,0.536469572233667,0.9451246971864964,0.676889911069663,1.2133594833033299,0.5472304360915935,1.0019821932770285,0.7283669752312318,1.2755974113228252,0.9968103318229109,-0.5803681848729205,0.00517186145411754,-0.02251710783527973,0.08893223348485349,0.12339417293978389,0.9710666992434032,0.04761304538067923,1.0468478268025079,14,normalized_compact_thermal,spline_ridge
14,82.7,0.4962914165703337,0.920114243194089,0.6719685349089222,1.1682599514792558,0.5429081196660029,1.021965256824647,0.7505111969916454,1.2934193166576484,0.9968103318229109,-0.5803681848729205,0.025154925001735925,-0.030446997210917967,0.09220482468696617,0.10347523005407905,0.9823410092779268,0.043290728955088675,1.042525510376917,14,normalized_compact_thermal,spline_ridge
14,82.9,0.518974413004229,0.918961142319504,0.6594739358173896,1.1784483488216184,0.5361556182899567,0.9645997173735036,0.6965219082285252,1.232677526518482,0.9968103318229109,-0.5803681848729205,-0.03221061444940732,-0.042962642546260525,0.09817171609841421,0.06828551464031851,1.004025721939595,0.03653822757904246,1.035773009000871,14,normalized_compact_thermal,spline_ridge
14,83.1,0.4086962569914539,0.9549712569252691,0.7506231284295422,1.159319385420996,0.5099055156781424,0.9779272883866539,0.7229745305475828,1.232880046225725,0.9968103318229109,-0.5803681848729205,-0.018883043436257057,-0.09316164893041576,0.08701725381482422,0.09519572777104951,0.9246153035852351,0.010288124967228085,1.0095229063890567,14,normalized_compact_thermal,spline_ridge
14,83.3,0.6110348597850495,1.2959388178326596,0.9904213879401349,1.6014562477251844,0.5532537570220569,1.039906846276811,0.7632799677657827,1.3165337247878395,0.9968103318229109,-0.5803681848729205,0.04309651445390017,-0.011570324379502922,0.09465727502067393,0.10213289619572358,1.0043746178483903,0.05363636631114266,1.0528711477329713,14,normalized_compact_thermal,spline_ridge
14,83.5,0.6321675120659493,0.8677563438957838,0.5516725878628091,1.1838400999287584,0.5684243727315205,0.9940565876556774,0.7098444012899172,1.2782687740214376,0.9968103318229109,-0.5803681848729205,-0.0027537441672335324,0.015481180736159793,0.09823004887186362,0.10027626476613222,1.0365724806969088,0.0688069820206062,1.0680417634424346,14,normalized_compact_thermal,spline_ridge
14,83.7,0.545824750355244,0.9522687669339425,0.6793563917563205,1.2251811421115644,0.48835060825288873,0.9756444860101167,0.7314691818836723,1.219819790136561,0.9968103318229109,-0.5803681848729205,-0.021165845812794196,-0.13635348668996014,0.09073330969476107,0.0559307148407544,0.9207705016650231,-0.011266782458025537,0.987967998963803,14,normalized_compact_thermal,spline_ridge
14,83.9,0.32351566513899416,0.9391647709074696,0.7774069383379725,1.1009226034769668,0.5260614282599038,0.9892556949678485,0.7262249808378967,1.2522864090978003,0.9968103318229109,-0.5803681848729205,-0.007554636855062434,-0.061969104426123946,0.09102428943296761,0.09225477371446944,0.9598680828053381,0.026444037548989496,1.025678818970818,14,normalized_compact_thermal,spline_ridge
14,84.1,0.2953087872317772,0.9346770624717232,0.7870226688558346,1.0823314560876118,0.5174950151486668,0.949182679088018,0.6904351715136846,1.2079301866623515,0.9968103318229109,-0.5803681848729205,-0.047627652734892875,-0.07838720157904844,0.08675350428267141,0.10404221373269507,0.9309478165646385,0.017877624437752537,1.017112405859581,14,normalized_compact_thermal,spline_ridge
14,84.3,0.5779096810633054,0.9610982754953585,0.6721434349637059,1.2500531160270112,0.5116261680381107,0.9782962585317504,0.7224831745126951,1.2341093425508056,0.9968103318229109,-0.5803681848729205,-0.01851407329116047,-0.08979287630270391,0.0894832080084301,0.08516405176180564,0.9380882843144157,0.012008777327196407,1.011243558749025,14,normalized_compact_thermal,spline_ridge
14,84.5,0.38643040492652597,0.9542598033306262,0.7610446008673633,1.1474750057938892,0.5419765267803938,0.9813017929995268,0.7103135296093299,1.2522900563897237,0.9968103318229109,-0.5803681848729205,-0.015508538823384127,-0.03216440213067021,0.10039697816846488,0.0635011934705293,1.0204518600902581,0.0423591360694795,1.041593917491308,14,normalized_compact_thermal,spline_ridge
14,84.7,0.4761347841753384,0.9077211575299435,0.6696537654422744,1.1457885496176128,0.5525716175015114,1.0101943563373208,0.7339085475865651,1.2864801650880766,0.9968103318229109,-0.5803681848729205,0.01338402451440991,-0.012804044680705347,0.10545784610410514,0.04997702765108225,1.0551662073519406,0.052954226790597136,1.0521890082124257,14,normalized_compact_thermal,spline_ridge
14,84.9,0.5001329682350091,0.9273420253330481,0.6772755412155436,1.1774085094505526,0.5627765377436805,0.9699528066266841,0.6885645377548439,1.2513410754985244,0.9968103318229109,-0.5803681848729205,-0.026857525196226764,0.005495541817965716,0.10051904681247435,0.08371944553833305,1.041833629949028,0.06315914703276626,1.0623939284545947,14,normalized_compact_thermal,spline_ridge
14,85.1,0.4305283540679643,0.9505579949300574,0.7352938178960753,1.1658221719640396,0.5415619971466253,1.0065923267903616,0.7358113282170489,1.2773733253636743,0.9968103318229109,-0.5803681848729205,0.009781994967450752,-0.032929542722976345,0.09553791452994123,0.08624415459425377,0.9968798396989969,0.041944606435711074,1.0411793878575395,14,normalized_compact_thermal,spline_ridge
14,85.3,0.5505817447254192,0.9702368677141221,0.6949459953514125,1.2455277400768316,0.5479743409971217,1.0027222278395667,0.7287350573410059,1.2767093983381275,0.9968103318229109,-0.5803681848729205,0.0059118960166557755,-0.021158631255384884,0.10894406451019903,0.0287650128918443,1.0671836691023993,0.048356950286207456,1.047591731708036,14,normalized_compact_thermal,spline_ridge
14,85.5,0.5176602857040303,0.9599100808817779,0.7010799380297628,1.218740223733793,0.5403025006051871,1.0142398973677338,0.7440886470651402,1.2843911476703274,0.9968103318229109,-0.5803681848729205,0.017429565544822806,-0.03525792509077053,0.09125257697711302,0.10540786551722914,0.9751971356931451,0.040685109894272875,1.0399198913161014,14,normalized_compact_thermal,spline_ridge
14,85.7,0.4045619817705706,0.9202781149235428,0.7179971240382576,1.1225591058088282,0.5695324646061167,1.0047799167945433,0.7200136844914848,1.2895461490976017,0.9968103318229109,-0.5803681848729205,0.007969584971632327,0.017428692607383077,0.10269273026466616,0.08011595787185372,1.0589489713403797,0.06991507389520246,1.0691498553170309,14,normalized_compact_thermal,spline_ridge
14,85.9,1.2935122267953665,1.058552731234379,0.4117966178366957,1.7053088446320621,0.5531167831580626,1.0020199888455248,0.7254615972664935,1.278578380424556,0.9968103318229109,-0.5803681848729205,0.0052096570226139016,-0.011817933764821181,0.09451762324501557,0.10266147951407117,1.003572086802054,0.0534993924471483,1.0527341738689768,14,normalized_compact_thermal,spline_ridge
14,86.1,0.4814884087927931,0.9372008631984722,0.6964566588020757,1.1779450675948686,0.5377973679071075,0.9694846593529054,0.7005859753993516,1.238383343306459,0.9968103318229109,-0.5803681848729205,-0.027325672470005544,-0.03990524447179979,0.08273432445621136,0.143499310410528,0.9320954254036871,0.03817997719619326,1.0374147586180218,14,normalized_compact_thermal,spline_ridge
14,86.3,0.4967151107288507,0.9586231984681852,0.7102656431037598,1.2069807538326105,0.5371678969961288,1.012337801093873,0.7437538525958087,1.2809217495919374,0.9968103318229109,-0.5803681848729205,0.0155274692709621,-0.04107639111900436,0.08994329499783602,0.10851308249699343,0.9658227114952641,0.0375505062852145,1.0367852877070431,14,normalized_compact_thermal,spline_ridge
14,86.5,0.9376578558539463,1.185341667537034,0.7165127396100608,1.6541705954640074,0.5639719045079193,1.0064077824490476,0.724421830195088,1.2883937347030072,0.9968103318229109,-0.5803681848729205,0.009597450626136596,0.007617341445778313,0.09176856142391025,0.1266181731934819,1.0013256358223568,0.06435451379700508,1.0635892952188337,14,normalized_compact_thermal,spline_ridge
14,86.7,0.45192532642528954,0.947744798078436,0.7217821348657913,1.1737074612910807,0.575489904570702,1.0074091683737874,0.7196642160884363,1.2951541206591384,0.9968103318229109,-0.5803681848729205,0.01059883655087651,0.02783459188443925,0.09714217380737723,0.11252642858901934,1.0384533805523848,0.07587251385978777,1.0751072952816163,14,normalized_compact_thermal,spline_ridge
14,86.9,0.6354893628088525,0.9242580557410599,0.6065133743366335,1.2420027371454863,0.559535176913795,0.9893864178555063,0.7096188293986088,1.2691540063124038,0.9968103318229109,-0.5803681848729205,-0.007423913967404593,-0.00028069628034855035,0.08130312736767419,0.17205796718039074,0.9470123866471991,0.059917786202880685,1.059152567624709,14,normalized_compact_thermal,spline_ridge
14,87.1,0.434859308305741,0.9011867720669448,0.6837571179140742,1.1186164262198153,0.5365643935032156,0.9952787119963287,0.7269965152447209,1.2635609087479365,0.9968103318229109,-0.5803681848729205,-0.0015316198265821982,-0.04220051407181976,0.08527335794564375,0.13016572384376257,0.9429630631626686,0.03694700279230134,1.0361817842141299,14,normalized_compact_thermal,spline_ridge
14,87.3,0.4877443128154431,0.9137867790699721,0.6699146226622504,1.1576589354776936,0.5393029763597599,0.9919498333829904,0.7222983452031104,1.2616013215628703,0.9968103318229109,-0.5803681848729205,-0.004860498439920579,-0.037109572849760915,0.08173070666762774,0.1497879946555859,0.9288179580639339,0.03968558564884561,1.0389203670706741,14,normalized_compact_thermal,spline_ridge
14,87.5,0.7302039016785687,1.0697511001814444,0.70464914934216,1.4348530510207287,0.5512541242002158,0.9987373591712959,0.723110297071188,1.2743644212714038,0.9968103318229109,-0.5803681848729205,0.0019270273483850044,-0.015191185833805729,0.0960388975883928,0.09354867954817764,1.008959568852254,0.051636733489301534,1.05087151491113,14,normalized_compact_thermal,spline_ridge
14,87.7,0.5472842792032896,0.9247493477415621,0.6511072081399174,1.1983914873432069,0.5314635557988848,0.9682278063051257,0.7024960284056834,1.233959584204568,0.9968103318229109,-0.5803681848729205,-0.028582525517785125,-0.05175246725973676,0.08402704792894321,0.1310045928071722,0.9319225187905975,0.03184616508797056,1.0310809465097992,14,normalized_compact_thermal,spline_ridge
14,87.9,0.9956644510870258,0.9662459946794423,0.46841376913592936,1.4640782202229552,0.5753414868530697,0.9944220032242763,0.7067512597977414,1.2820927466508112,0.9968103318229109,-0.5803681848729205,-0.002388328598634629,0.02757666058440487,0.09796419698380521,0.1084603848580839,1.0422225888480556,0.07572409614215547,1.074958877563984,14,normalized_compact_thermal,spline_ridge
14,88.1,0.6130650839469741,0.9078081738778895,0.6012756319044024,1.2143407158513766,0.5730327793261376,0.991790620223313,0.7052742305602442,1.2783070098863818,0.9968103318229109,-0.5803681848729205,-0.005019711599597952,0.023555827472151483,0.09531949548143273,0.11875588570413093,1.0273096729481443,0.07341538861522334,1.0726501700370519,14,normalized_compact_thermal,spline_ridge
14,88.3,0.85751478148764,1.1582998084197609,0.7295424176759409,1.587057199163581,0.5551877940167163,0.9863032277422176,0.7087093307338594,1.2638971247505757,0.9968103318229109,-0.5803681848729205,-0.010507104080693339,-0.00808066999850035,0.08582172559265247,0.14617569517378154,0.9641998928596509,0.055570403305801985,1.0548051847276305,14,normalized_compact_thermal,spline_ridge
14,88.5,0.4818105214080677,1.0004473250102284,0.7595420643061944,1.2413525857142622,0.5603062812623165,0.9886744048846648,0.7085212642535066,1.268827545515823,0.9968103318229109,-0.5803681848729205,-0.008135926938246052,0.0010964709333923447,0.09240173772115393,0.11993493681455136,1.0006776257100816,0.06068889055140225,1.0599236719732308,14,normalized_compact_thermal,spline_ridge
14,88.7,0.9661032857298875,1.2140845922749453,0.7310329494100016,1.697136235139889,0.529907622860424,0.9607221025739764,0.6957682911437644,1.2256759140041884,0.9968103318229109,-0.5803681848729205,-0.0360882292489345,-0.05468439924421336,0.08852486174756072,0.10801282578994514,0.951802419930903,0.030290232149509766,1.0295250135713383,14,normalized_compact_thermal,spline_ridge
14,88.9,0.6160885670283252,1.065458420936595,0.7574141374224324,1.3735027044507575,0.5559577377877253,1.0027073422442085,0.7247284733503458,1.2806862111380712,0.9968103318229109,-0.5803681848729205,0.005897010421297717,-0.006694813920785747,0.08906899586916231,0.1314696878131429,0.9804457877623076,0.056340347076811015,1.0555751284986394,14,normalized_compact_thermal,spline_ridge
14,89.1,0.9496610703383447,1.2092373103434078,0.7344067751742354,1.68406784551258,0.5610147337895048,0.9560453229228539,0.6755379560281015,1.2365526898176062,0.9968103318229109,-0.5803681848729205,-0.04076500890005695,0.00236007450800425,0.09544395607536367,0.10614468163572316,1.0158847859432865,0.06139734307859057,1.060632124500419,14,normalized_compact_thermal,spline_ridge
14,89.3,1.4050286322412306,1.1078837201278817,0.40536940400726634,1.810398036248497,0.5907559671061575,0.9406977358602364,0.6453197523071577,1.2360757194133152,0.9968103318229109,-0.5803681848729205,-0.05611259596267443,0.05401592280591096,0.10382436877650426,0.09594625906229481,1.0855656751500202,0.09113857639524325,1.0903733578170718,14,normalized_compact_thermal,spline_ridge
14,89.5,0.6773516510349813,0.9114219101259418,0.572746084608451,1.2500977356434326,0.5361908356461761,0.9670944227677132,0.6989990049446251,1.2351898405908013,0.9968103318229109,-0.5803681848729205,-0.029715909055197665,-0.04289695975111014,0.09345831407137842,0.09078402369168298,0.9815976476006691,0.03657344493526182,1.0358082263570902,14,normalized_compact_thermal,spline_ridge
14,89.7,0.5569192628728609,0.913417065915259,0.6349574344788286,1.1918766973516894,0.5582690118209384,0.9805319456605396,0.7013974397500704,1.2596664515710088,0.9968103318229109,-0.5803681848729205,-0.01627838616237131,-0.0025461478632683304,0.09236623773927766,0.11806685439424314,0.9984711692476336,0.05865162111002409,1.0578864025318526,14,normalized_compact_thermal,spline_ridge
14,89.9,0.6060064416600811,0.8959440232472176,0.592940802417177,1.1989472440772582,0.5285977137662748,1.0018488926640507,0.7375500357809133,1.2661477495471882,0.9968103318229109,-0.5803681848729205,0.005038560841139839,-0.05715941702164062,0.07729364283258909,0.16022904180286673,0.896966385729683,0.02898032305536058,1.028215104477189,14,normalized_compact_thermal,spline_ridge
14,90.1,0.6223463569627216,0.9447611169569172,0.6335879384755564,1.255934295438278,0.5646976290690203,1.0594662671074964,0.7771174525729863,1.3418150816420065,0.9968103318229109,-0.5803681848729205,0.06265593528458537,0.008903323993415611,0.08891544953714092,0.14094135542608366,0.988453902711957,0.06508023835810606,1.0643150197799347,14,normalized_compact_thermal,spline_ridge
14,90.3,0.510079070177829,0.9613250399731792,0.7062855048842647,1.2163645750620937,0.5870987398411296,0.9690937406528157,0.6755443707322509,1.2626431105733804,0.9968103318229109,-0.5803681848729205,-0.027716591170095208,0.04780592254596406,0.09609368620447875,0.1291321817390499,1.0450652979432093,0.08748134913021532,1.0867161305520439,14,normalized_compact_thermal,spline_ridge
14,90.5,0.7366447788375079,1.0341368542122265,0.6658144647934724,1.4024592436309804,0.5548335988056095,0.9529387725883367,0.675521973185532,1.2303555719911414,0.9968103318229109,-0.5803681848729205,-0.043871559234574246,-0.00871884729025034,0.08838756920077182,0.13359311522428313,0.9760740823869358,0.055216208094695185,1.0544509895165237,14,normalized_compact_thermal,spline_ridge
14,90.7,0.8559363899168085,1.0665022846547965,0.638534089696392,1.4944704796132007,0.5161793336928502,0.9580917390051618,0.7000020721587367,1.2161814058515867,0.9968103318229109,-0.5803681848729205,-0.038718592817749184,-0.08093284309137,0.0877596237189067,0.09793153404700716,0.9344271333386932,0.016561942981935918,1.0157967244037645,14,normalized_compact_thermal,spline_ridge
14,90.9,0.5161932366064653,0.9302527041967581,0.6721560858935254,1.1883493224999908,0.5160324871994293,0.9892500182299429,0.7312337746302282,1.2472662618296575,0.9968103318229109,-0.5803681848729205,-0.007560313592968016,-0.0812173709207154,0.07076724657047441,0.17876753652121458,0.853297437877644,0.016415096488515024,1.0156498779103436,14,normalized_compact_thermal,spline_ridge
14,91.1,0.8287757308937741,0.7450746385817737,0.33068677313488654,1.1594625040286608,0.5468168120968925,0.9859458878956185,0.7125374818471724,1.2593542939440647,0.9968103318229109,-0.5803681848729205,-0.010864443927292394,-0.023273243395408566,0.0855110045870106,0.13928555799105136,0.9543480662027336,0.04719942138597821,1.0464342028078066,14,normalized_compact_thermal,spline_ridge
14,91.3,0.9453712666780824,0.7346732082447613,0.26198757490572,1.2073588415838026,0.5434922444495474,0.9661112809919851,0.6943651587672114,1.2378574032167586,0.9968103318229109,-0.5803681848729205,-0.03069905083092582,-0.029371657291811896,0.08501575114071763,0.13832128606286875,0.948663202836226,0.04387485373863309,1.0431096351604616,14,normalized_compact_thermal,spline_ridge
14,91.5,0.7390451333559902,1.01499663065271,0.645474063974715,1.3845191973307052,0.5815180963373936,0.9745746593784759,0.6838156112097791,1.2653337075471727,0.9968103318229109,-0.5803681848729205,-0.02223567244443505,0.03825499746398152,0.09476029643812055,0.1299062525357748,1.0331299401390124,0.08190070562647933,1.0811354870483079,14,normalized_compact_thermal,spline_ridge
14,91.7,0.7290606076388385,1.0858938423748472,0.7213635385554278,1.4504241461942664,0.558129584509669,0.990673798606264,0.7116090063514295,1.2697385908610985,0.9968103318229109,-0.5803681848729205,-0.00613653321664686,-0.0027959283851222913,0.09004971867948242,0.12896757240880524,0.9872915966105327,0.05851219379875472,1.0577469752205833,14,normalized_compact_thermal,spline_ridge
14,91.9,0.9767843836636603,1.19407277204702,0.7056805802151896,1.68246496387885,0.5768808328605771,0.9883885956799927,0.6999481792497042,1.2768290121102812,0.9968103318229109,-0.5803681848729205,-0.00842173614291815,0.030248622231044506,0.10284751958386337,0.08672662592410862,1.0670350397970456,0.07726344214966285,1.0764982235714915,14,normalized_compact_thermal,spline_ridge
14,92.1,0.8589212723654106,1.0938669674208996,0.6644063312381944,1.523327603603605,0.5545747827234283,0.9741986880061467,0.6969112966444326,1.2514860793678608,0.9968103318229109,-0.5803681848729205,-0.022611643816764178,-0.009185431266332734,0.08565025662644128,0.1463798765117551,0.9627696889351015,0.05495739201251404,1.0541921734343425,14,normalized_compact_thermal,spline_ridge
14,92.3,0.3069363371444426,0.9751588958372743,0.821690727265053,1.1286270644094956,0.5314610390558113,0.9928287471800981,0.7270982276521925,1.2585592667080037,0.9968103318229109,-0.5803681848729205,-0.003981584642812845,-0.05175720276606655,0.08745174718717227,0.11468052785656607,0.9482415502550565,0.03184364834489706,1.0310784297667257,14,normalized_compact_thermal,spline_ridge
14,92.5,0.43997525037814816,0.9338386229947717,0.7138509978056976,1.1538262481838457,0.5348448964216722,0.9804023809243583,0.7129799327135222,1.2478248291351943,0.9968103318229109,-0.5803681848729205,-0.016407950898552633,-0.045410302476693996,0.0794038498535913,0.15641932806410558,0.9132704647792389,0.035227505710757945,1.0344622871325866,14,normalized_compact_thermal,spline_ridge
14,92.7,0.2039075597809433,1.3894606118748725,1.2875068319844007,1.4914143917653442,0.5540999782710665,0.9703320243023252,0.693282035166792,1.2473820134378584,0.9968103318229109,-0.5803681848729205,-0.026478307520585623,-0.010041957450736383,0.08743710086296427,0.1373892690218902,0.9708106875202428,0.05448258756015223,1.0537173689819808,14,normalized_compact_thermal,spline_ridge
14,92.9,1.001004749098432,1.1602930709400456,0.6597906963908297,1.6607954454892617,0.5186384168094315,0.9546705756013597,0.695351367196644,1.2139897840060754,0.9968103318229109,-0.5803681848729205,-0.04213975622155122,-0.07618014582805585,0.07504192488319246,0.16100105883586785,0.876275774782995,0.01902102609851719,1.0182558075203456,14,normalized_compact_thermal,spline_ridge
14,93.1,0.5925033648065868,0.9291094978641117,0.6328578154608183,1.2253611802674051,0.5626192395457379,0.9776203335408472,0.6963107137679783,1.2589299533137162,0.9968103318229109,-0.5803681848729205,-0.01918999828206366,0.005215998919118465,0.08729649570265174,0.14657863115191538,0.9786598479395604,0.06300184883482363,1.0622366302566522,14,normalized_compact_thermal,spline_ridge
14,93.3,0.5099866462775111,0.9107397781480429,0.6557464550092873,1.1657331012867984,0.5454477611153031,0.9719868595950814,0.6992629790374298,1.2447107401527329,0.9968103318229109,-0.5803681848729205,-0.024823472227829595,-0.025780056730024592,0.0767894239068248,0.1794821128580606,0.9114134093725457,0.045830370404388865,1.0450651518262175,14,normalized_compact_thermal,spline_ridge
14,93.5,0.4431674426000501,0.9318708767326704,0.7102871554326454,1.1534545980326953,0.5484159920028173,0.9694722940223938,0.6952642980209851,1.2436802900238024,0.9968103318229109,-0.5803681848729205,-0.027338037800517162,-0.020352985644892234,0.08040668347112137,0.16521108508192373,0.9316208989237109,0.048798601291903054,1.0480333827137316,14,normalized_compact_thermal,spline_ridge
14,93.7,0.6131819671792311,0.9591207397060557,0.6525297561164402,1.2657117232956712,0.5524672119376717,1.0085169715097997,0.7322833655409638,1.2847505774786354,0.9968103318229109,-0.5803681848729205,0.011706639686888723,-0.012993007387478897,0.08474506808988984,0.14858628404124186,0.9563481398341015,0.05284982122675741,1.052084602648586,14,normalized_compact_thermal,spline_ridge
14,93.9,0.6784325650424317,1.0703454459034907,0.7311291633822747,1.4095617284247064,0.5493913927684814,1.0049268250346408,0.7302311286504002,1.2796225214188814,0.9968103318229109,-0.5803681848729205,0.008116493211729829,-0.01857598717345691,0.0839702526171013,0.14920310680569676,0.949579678731266,0.0497740020575671,1.0490087834793957,14,normalized_compact_thermal,spline_ridge
14,94.1,0.6355210172947399,1.0019117188739344,0.6841512102265646,1.3196722275213044,0.5602925211879481,0.9950264322052992,0.7148801716113251,1.2751726927992733,0.9968103318229109,-0.5803681848729205,-0.001783899617611751,0.0010719125020625872,0.08277633576101723,0.16579424478601434,0.954790797589882,0.06067513047703388,1.0599099118988624,14,normalized_compact_thermal,spline_ridge
14,94.3,0.8571158807202288,0.9018874334721128,0.47332949311199835,1.3304453738322273,0.564570441239292,1.0060407411406467,0.7237555205210007,1.2883259617602927,0.9968103318229109,-0.5803681848729205,0.009230409317735727,0.008678066884655895,0.08495957135573053,0.15966722638272124,0.9694736560958628,0.06495305052837774,1.0641878319502063,14,normalized_compact_thermal,spline_ridge
14,94.5,0.43066418243689386,0.9355797205166947,0.7202476292982477,1.1509118117351416,0.5429555697370708,1.011201301774899,0.7397235169063636,1.2826790866434346,0.9968103318229109,-0.5803681848729205,0.01439096995198816,-0.0303596012116574,0.07499433081201229,0.1855450372067321,0.9003661022674095,0.043338179026156554,1.042572960447985,14,normalized_compact_thermal,spline_ridge
14,94.7,0.9958346808498884,1.2227390617819816,0.7248217213570375,1.7206564022069257,0.561167129273556,1.0177791000184664,0.7371955353816884,1.2983626646552444,0.9968103318229109,-0.5803681848729205,0.02096876819555553,0.002631680189764476,0.0871096019778406,0.14601722535016576,0.9763170331969464,0.06154973856264179,1.0607845199844703,14,normalized_compact_thermal,spline_ridge
14,94.9,0.2791489410858568,1.422967152449472,1.2833926819065435,1.5625416229924005,0.542524462818914,0.9750083245911343,0.7037460931816772,1.2462705560005913,0.9968103318229109,-0.5803681848729205,-0.021802007231776627,-0.03115391695749104,0.06929658279314735,0.21226845159167107,0.8727804740461569,0.04290707210799971,1.0421418535298281,14,normalized_compact_thermal,spline_ridge
14,95.1,0.5638077758758754,0.9340575907725243,0.6521537028345865,1.215961478710462,0.536897740275136,0.9598615953267867,0.6914127251892187,1.2283104654643546,0.9968103318229109,-0.5803681848729205,-0.03694873649612415,-0.04157944552706886,0.08123713175950434,0.14973505465582487,0.9240604258944471,0.03728034956422177,1.0365151309860503,14,normalized_compact_thermal,spline_ridge
14,95.3,0.5135288215777264,0.9068131356194913,0.650048724830628,1.1635775464083544,0.5591925320261687,1.0127622384300963,0.7331659724170119,1.2923585044431807,0.9968103318229109,-0.5803681848729205,0.015951906607185387,-0.0008932580245555183,0.09117483067590076,0.12466842290487601,0.9937166411474614,0.05957514131525443,1.0588099227370829,14,normalized_compact_thermal,spline_ridge
14,95.5,0.7306355973161268,1.0799803508489771,0.7146625521909137,1.4452981495070405,0.5733682486505249,1.0130221105470185,0.726337986221756,1.299706234872281,0.9968103318229109,-0.5803681848729205,0.016211778724107548,0.024141083984970512,0.0927140784765499,0.13150834000719636,1.0152281572938535,0.07375085793961067,1.0729856393614392,14,normalized_compact_thermal,spline_ridge
14,95.7,0.6378737284969768,0.9910685558163299,0.6721316915678416,1.3100054200648183,0.583868879374148,1.0208180081710378,0.7288835684839639,1.3127524478581118,0.9968103318229109,-0.5803681848729205,0.024007676348126922,0.04228934189064875,0.09990716506729252,0.1077279140016304,1.0600098447466655,0.08425148866323373,1.0834862700850623,14,normalized_compact_thermal,spline_ridge
14,95.9,0.4421878383980679,0.9204617878189933,0.6993678686199594,1.1415557070180273,0.5520353639916167,1.024602764993446,0.7485850829976376,1.3006204469892544,0.9968103318229109,-0.5803681848729205,0.027792433170534973,-0.013774984682004436,0.08714771491454741,0.13670382013815185,0.9673669078450815,0.05241797328070241,1.051652754702531,14,normalized_compact_thermal,spline_ridge
21,28.299999999999997,0.2577105974248767,0.5550585544862023,0.426203255773764,0.6839138531986407,0.49627058105697164,0.8878164721950301,0.6396811816665443,1.1359517627235158,0.9475209184873719,-0.9172120693412528,-0.05970444629234173,0.21657809466319133,0.11065099774023256,0.0027829083826957923,0.9897582537312475,0.10275668366732948,0.8897844784466138,21,normalized_compact_thermal,spline_ridge
21,28.5,0.7282814568224606,1.0499231595102096,0.6857824310989793,1.41406388792144,0.4470571807312376,0.8903169020225103,0.6667883116568916,1.1138454923881291,0.9475209184873719,-0.9172120693412528,-0.057204016464861465,0.11214329789044411,0.09098863168372015,0.041260857097278114,0.8528535043651971,0.05354328334159547,0.8405710781208797,21,normalized_compact_thermal,spline_ridge
21,28.700000000000003,0.472183902876143,1.1367886645450525,0.9006967131069811,1.372880615983124,0.49266644023677714,0.8871551590303025,0.640821938911914,1.1334883791486912,0.9475209184873719,-0.9172120693412528,-0.060365759457069366,0.20928914359845985,0.10269588103819823,0.0346574537678927,0.9506754267056616,0.09915254284713498,0.8861803376264192,21,normalized_compact_thermal,spline_ridge
21,28.89999999999999,0.9748360172469895,0.8755486928893775,0.38813068426588265,1.3629667015128724,0.5059471240978067,0.8911178363322666,0.6381442742833632,1.14409139838117,0.9475209184873719,-0.9172120693412528,-0.05640308215510524,0.23588895635588103,0.1098648065255229,0.01596575214153123,0.9959284960540822,0.11243322670816458,0.8994610214874489,21,normalized_compact_thermal,spline_ridge
21,29.099999999999994,0.673414673652995,1.2284654959888848,0.8917581591623872,1.5651728328153822,0.4998634221439923,0.8845384847567832,0.634606773684787,1.1344701958287793,0.9475209184873719,-0.9172120693412528,-0.06298243373058862,0.22379169575547536,0.10694810632152554,0.022890117217878758,0.9768367270701059,0.10634952475435017,0.8933773195336345,21,normalized_compact_thermal,spline_ridge
21,29.299999999999997,0.45795241752300464,1.0511099866082905,0.8221337778467881,1.2800861953697926,0.4916312289046748,0.8722383868774835,0.6264227724251461,1.1180540013298208,0.9475209184873719,-0.9172120693412528,-0.07528253160988843,0.20718569106321733,0.13222756463469792,-0.0980848556095697,1.0813473134189193,0.09811733151503266,0.885145126294317,21,normalized_compact_thermal,spline_ridge
21,29.5,0.40064591530578963,1.1076597578237155,0.9073368001708206,1.3079827154766104,0.5045149298739972,0.8744160618785018,0.6221585969415033,1.1266735268155004,0.9475209184873719,-0.9172120693412528,-0.07310485660886999,0.23305422312223156,0.10980677970728817,0.014792349253255566,0.9942375104947387,0.111001032484355,0.8980288272636393,21,normalized_compact_thermal,spline_ridge
21,29.700000000000003,0.28004465389270694,0.684298040909145,0.5442757139627915,0.8243203678554984,0.4957013683421037,0.9082535127347479,0.660402828563696,1.1561041969057997,0.9475209184873719,-0.9172120693412528,-0.039267405752623996,0.21543045580568654,0.1377047829412809,-0.11844232884663358,1.109845065530841,0.10218747095246156,0.8892152657317458,21,normalized_compact_thermal,spline_ridge
21,29.89999999999999,1.1107957377531978,1.1458773741678532,0.5904795052912544,1.7012752430444522,0.5160450546037543,0.8644412311195486,0.6064187038176715,1.1224637584214259,0.9475209184873719,-0.9172120693412528,-0.08307968736782327,0.25565086715248975,0.121121612746539,-0.024140068038943863,1.0562301772464524,0.12253115721411212,0.9095589519933964,21,normalized_compact_thermal,spline_ridge
21,30.099999999999994,0.39601743972744413,1.3123722946957255,1.1143635748320033,1.5103810145594474,0.46876486100445675,0.8822219163512406,0.6478394858490122,1.116604346853469,0.9475209184873719,-0.9172120693412528,-0.06529900213613131,0.1595580706173661,0.10723698435705331,-0.009496798770241066,0.9470265207791546,0.07525096361481459,0.862278758394099,21,normalized_compact_thermal,spline_ridge
21,30.299999999999997,0.3496962734324844,0.9887076817915383,0.8138595450752962,1.1635558185077806,0.485499717494614,0.8680148009442666,0.6252649421969596,1.1107646596915737,0.9475209184873719,-0.9172120693412528,-0.07950611754310521,0.19463549620487597,0.1380032463517851,-0.12997508394836516,1.1009745189375932,0.09198582010497186,0.8790136148842562,21,normalized_compact_thermal,spline_ridge
21,30.5,1.0637129934777165,1.1250623491780283,0.59320585243917,1.6569188459168867,0.514600378134451,0.8715000673914337,0.6141998783242082,1.1288002564586592,0.9475209184873719,-0.9172120693412528,-0.0760208510959382,0.25284742501887,0.11052837405457716,0.02165958961381731,1.0075411666550846,0.12108648074480888,0.9081142755240932,21,normalized_compact_thermal,spline_ridge
21,30.700000000000003,0.36154096456488016,0.7541085363152727,0.5733380540328327,0.9348790185977128,0.461022994332332,0.8771066551868062,0.6465951580206402,1.1076181523529722,0.9475209184873719,-0.9172120693412528,-0.07041426330056562,0.14290471135767557,0.09987070311627304,0.015613898565333961,0.9064320900993301,0.06750909694268986,0.8545368917219742,21,normalized_compact_thermal,spline_ridge
21,30.89999999999999,0.5673008521877044,1.039641160235372,0.7559907341415196,1.323291586329224,0.48761930138683085,0.8636090375620495,0.6197993868686341,1.107418688255465,0.9475209184873719,-0.9172120693412528,-0.0839118809253223,0.1989917716512678,0.12886635407838676,-0.08710626330674065,1.0623448660804025,0.0941054039971887,0.881133198776473,21,normalized_compact_thermal,spline_ridge
21,31.099999999999994,1.1773045393361485,1.0914814499403647,0.5028291802722903,1.680133719608439,0.4954810788740358,0.8693948945542409,0.621654355117223,1.1171354339912587,0.9475209184873719,-0.9172120693412528,-0.07812602393313095,0.2149859574748017,0.12011177387529227,-0.04020030639145866,1.0311624641395303,0.10196718148439365,0.888994976263678,21,normalized_compact_thermal,spline_ridge
21,31.299999999999997,0.750485683951853,1.0783577432600884,0.7031149012841619,1.453600585236015,0.47720809326394065,0.8632680116547802,0.6246639650228099,1.1018720582867505,0.9475209184873719,-0.9172120693412528,-0.08425290683259165,0.17740944033834816,0.1341868962363185,-0.1212463308209133,1.0756625173487946,0.0836941958742985,0.8707219906535828,21,normalized_compact_thermal,spline_ridge
21,31.5,0.8857034524792224,0.9182514752504878,0.47539974901087667,1.361103201490099,0.5009183164376337,0.8583544587255102,0.6078953005066934,1.108813616944327,0.9475209184873719,-0.9172120693412528,-0.08916645976186163,0.22589983710869765,0.12128532493649637,-0.039996939229261175,1.0418335721045286,0.10740441904799158,0.8944322138272759,21,normalized_compact_thermal,spline_ridge
21,31.700000000000003,0.2432844094516149,0.693957997796308,0.5723157930705005,0.8156002025221154,0.4830049678086867,0.853135788448837,0.6116333045444936,1.0946382723531802,0.9475209184873719,-0.9172120693412528,-0.09438513003853492,0.1894837292769867,0.13588178559659117,-0.12300842115604055,1.089018356773414,0.08949107041904453,0.8765188651983289,21,normalized_compact_thermal,spline_ridge
21,31.89999999999999,0.26475327795022235,0.7023801805750015,0.5700035415998903,0.8347568195501127,0.4882674202114193,0.8593088842690287,0.6151751741633191,1.1034425943747384,0.9475209184873719,-0.9172120693412528,-0.08821203421834312,0.20032003835586282,0.11324094470548879,-0.016771046638564047,0.9933058870614027,0.09475352282177713,0.8817813176010614,21,normalized_compact_thermal,spline_ridge
21,32.099999999999994,0.5791392131695161,1.0062197138627693,0.7166501072780113,1.2957893204475275,0.4643698180054917,0.8654398859360888,0.6332549769333429,1.0976247949388347,0.9475209184873719,-0.9172120693412528,-0.08208103255128309,0.15013804669591102,0.10999331805333096,-0.026184697040904814,0.9549243330518882,0.07085592061584955,0.8578837153951339,21,normalized_compact_thermal,spline_ridge
21,32.3,0.4429360678030712,1.0097832304490915,0.7883151965475559,1.231251264350627,0.48296079038641854,0.8604614933600763,0.618981098166867,1.1019418885532855,0.9475209184873719,-0.9172120693412528,-0.08705942512729563,0.1893922613922835,0.10705305412820172,0.0055194332065830465,0.9604021475662541,0.08944689299677638,0.8764746877760607,21,normalized_compact_thermal,spline_ridge
21,32.5,0.4134591675048759,1.1648221365552536,0.9580925528028156,1.3715517203076917,0.4633354277701014,0.8547004639599669,0.6230327500749162,1.0863681778450176,0.9475209184873719,-0.9172120693412528,-0.09282045452740494,0.14790804817265188,0.1341352725371813,-0.13488876197740074,1.0615596175176036,0.06982153038045924,0.8568493251597435,21,normalized_compact_thermal,spline_ridge
21,32.7,1.2860695132925304,0.8149105956539479,0.17187583900768263,1.457945352300213,0.5110657221166486,0.8669820359969089,0.6114491749385846,1.1225148970552332,0.9475209184873719,-0.9172120693412528,-0.0805388824904629,0.24595498700234147,0.16986894332239919,-0.24652554422336936,1.2686569884566665,0.11755182472700643,0.9045796195062907,21,normalized_compact_thermal,spline_ridge
21,32.89999999999999,0.4571656527807335,1.176745568842314,0.9481627424519474,1.405328395232681,0.45819395944026414,0.8615322539815229,0.6324352742613908,1.090629233701655,0.9475209184873719,-0.9172120693412528,-0.08598866450584894,0.13674937705342738,0.100992240835189,0.007782965362113203,0.9086049535184151,0.06468006205062199,0.8517078568299064,21,normalized_compact_thermal,spline_ridge
21,33.099999999999994,1.0572601262441592,1.258989727737157,0.7303596646150772,1.7876197908592366,0.44249263987649007,0.8707597987803025,0.6495134788420575,1.0920061187185475,0.9475209184873719,-0.9172120693412528,-0.07676111970706931,0.10188062162128923,0.09088126101216537,0.03717517412814525,0.8478101056248348,0.048978742486847915,0.8360065372661323,21,normalized_compact_thermal,spline_ridge
21,33.3,0.5659459532528104,1.264730203461765,0.9817572268353596,1.54770318008817,0.48629967405634134,0.8608366955587798,0.6176868585306092,1.1039865325869505,0.9475209184873719,-0.9172120693412528,-0.08668422292859201,0.19628183751640282,0.10651601817055967,0.011253420673955072,0.9613459274387276,0.09278577666669918,0.8798135714459835,21,normalized_compact_thermal,spline_ridge
21,33.5,0.2690079047006913,1.2131150581535652,1.0786111058032195,1.3476190105039108,0.48636998708417584,0.8665257338236508,0.6233407402815629,1.1097107273657387,0.9475209184873719,-0.9172120693412528,-0.08099518466372106,0.19642641492179763,0.10677635308210918,0.010162677116307695,0.962577297052044,0.09285608969453368,0.8798838844738179,21,normalized_compact_thermal,spline_ridge
21,33.7,0.3276709644172138,0.7245519632180303,0.5607164810094234,0.8883874454266372,0.48015675502660665,0.8585335744842753,0.618455196970972,1.0986119519975786,0.9475209184873719,-0.9172120693412528,-0.08898734400309659,0.18356941391980325,0.13497861797345362,-0.12182863511769199,1.0821421451709052,0.0866428576369645,0.8736706524162487,21,normalized_compact_thermal,spline_ridge
21,33.89999999999999,1.300727395022502,0.8292082394921396,0.17884454198088867,1.4795719370033906,0.4905509661526309,0.8496589869593903,0.6043835038830749,1.0949344700357058,0.9475209184873719,-0.9172120693412528,-0.09786193152798146,0.20498597049594286,0.13390898406532425,-0.10666400927588321,1.087765941581145,0.09703706876298873,0.884064863542273,21,normalized_compact_thermal,spline_ridge
21,34.099999999999994,0.4165559358226161,0.7385907438723506,0.5303127759610425,0.9468687117836586,0.4639788460082389,0.8656950178408939,0.6337055948367745,1.0976844408450133,0.9475209184873719,-0.9172120693412528,-0.08182590064647798,0.14929575104660736,0.1008754796903365,0.014088589987663491,0.9138691020288143,0.07046494861859676,0.8574927433978811,21,normalized_compact_thermal,spline_ridge
21,34.3,1.0777864662029524,1.1747057455042398,0.6358125124027635,1.713598978605716,0.4510906460975703,0.8603641333887102,0.634818810339925,1.0859094564374954,0.9475209184873719,-0.9172120693412528,-0.08715678509866165,0.12112509879605259,0.10375767626177797,-0.011653795671691503,0.9138350878668322,0.05757674870792817,0.8446045434872125,21,normalized_compact_thermal,spline_ridge
21,34.5,0.2750015169868582,1.5741941878389614,1.4366934293455322,1.7116949463323905,0.48373624087937755,0.8690173632131999,0.6271492427735111,1.1108854836528887,0.9475209184873719,-0.9172120693412528,-0.07850355527417197,0.1909965916719984,0.11352392270018634,-0.022564267478348554,0.9900367492371036,0.0902223434897354,0.8772501382690197,21,normalized_compact_thermal,spline_ridge
21,34.7,0.30321744403664785,0.9677364553280967,0.8161277333097727,1.1193451773464207,0.48813496071082124,0.861436737067602,0.6173692567121914,1.1055042174230127,0.9475209184873719,-0.9172120693412528,-0.08608418141976984,0.20004871681056818,0.1090057298553112,0.00198494821166334,0.9742849732099792,0.09462106332117909,0.8816488581004633,21,normalized_compact_thermal,spline_ridge
21,34.89999999999999,0.7183866797553903,1.1030669735406478,0.7438736336629528,1.462260313418343,0.47816425871459584,0.8661176135287227,0.6270354841714249,1.1051997428860207,0.9475209184873719,-0.9172120693412528,-0.08140330495864907,0.1794111012989703,0.10349725945327515,0.016581238779550256,0.9397472786496415,0.08465036132495368,0.8716781561042379,21,normalized_compact_thermal,spline_ridge
21,35.099999999999994,0.2672993576018567,0.6837380817395157,0.5500884029385873,0.817387760540444,0.44859327253766784,0.8464664863832663,0.6221698501144324,1.0707631226521002,0.9475209184873719,-0.9172120693412528,-0.10105443210410561,0.11557341576047754,0.10406266098157074,-0.015511357595417719,0.9126979026707533,0.05507937514802569,0.8421071699273099,21,normalized_compact_thermal,spline_ridge
21,35.3,0.21123236985067395,0.6321270604531477,0.5265108755278107,0.7377432453784847,0.4760649713994684,0.8773535224778117,0.6393210367780775,1.115386008177546,0.9475209184873719,-0.9172120693412528,-0.07016739600956012,0.1750111298127024,0.10691157632387199,-0.0007454149457646886,0.9528753577447016,0.08255107400982625,0.8695788687891106,21,normalized_compact_thermal,spline_ridge
21,35.5,0.2749290583247523,0.7714538287190494,0.6339892995566733,0.9089183578814256,0.4869526751290574,0.8790200888075097,0.635543751242981,1.1224964263720385,0.9475209184873719,-0.9172120693412528,-0.06850082967986221,0.19762373239340952,0.1425549350305078,-0.14882200881542418,1.122727359073539,0.09343877773941522,0.8804665725186995,21,normalized_compact_thermal,spline_ridge
21,35.7,0.6080493532039873,0.5166738958570181,0.21264921925502436,0.8206985724590117,0.509937222715691,0.8769972194156003,0.6220286080577548,1.1319658307734457,0.9475209184873719,-0.9172120693412528,-0.07052369907177158,0.24374441578662592,0.1451063055640123,-0.13721621001933182,1.1570906554507139,0.11642332532604882,0.9034511201053331,21,normalized_compact_thermal,spline_ridge
21,35.89999999999999,0.785456979199321,0.7317185982347639,0.3389901086351034,1.1244470878344244,0.4282490381567393,0.8651811860931858,0.6510566670148161,1.0793057051715556,0.9475209184873719,-0.9172120693412528,-0.082339732394186,0.06916168157539201,0.0855584653159096,0.046670482259279944,0.8098275940541987,0.03473514076709716,0.8217629355463815,21,normalized_compact_thermal,spline_ridge
21,36.099999999999994,0.5716969241158293,0.7091203066119172,0.4232718445540025,0.9949687686698317,0.4544067997685254,0.874475615111869,0.6472722152276063,1.1016790149961317,0.9475209184873719,-0.9172120693412528,-0.07304530337550286,0.1284496219334188,0.11168033732375257,-0.04367158067917076,0.9524851802162215,0.06089290237888323,0.8479206971581675,21,normalized_compact_thermal,spline_ridge
21,36.3,0.214406392873362,0.6961796671666429,0.5889764707299618,0.8033828636033239,0.4932241544075966,0.8691216005756047,0.6225095233718064,1.115733677779403,0.9475209184873719,-0.9172120693412528,-0.07839931791176712,0.21042053532354743,0.13231829978261275,-0.09689659592881572,1.083344904744009,0.09971025701795444,0.8867380517972387,21,normalized_compact_thermal,spline_ridge
21,36.5,0.41036929114831533,0.7297250708079674,0.5245404252338097,0.9349097163821251,0.4693128170560757,0.8759181570127874,0.6412617484847496,1.1105745655408252,0.9475209184873719,-0.9172120693412528,-0.07160276147458443,0.16072632379459428,0.10919927252031758,-0.017700368132599176,0.9563260022447506,0.07579891966643354,0.8628267144457178,21,normalized_compact_thermal,spline_ridge
21,36.699999999999996,0.3290274988338282,0.7344977613240602,0.5699840119071462,0.8990115107409743,0.4502491673489931,0.9403738356396394,0.7152492519651428,1.165498419314136,0.9475209184873719,-0.9172120693412528,-0.007147082847732486,0.11925792510529379,0.06404885193213572,0.16460042018042986,0.7358979145175564,0.056735269959350965,0.8437630647386353,21,normalized_compact_thermal,spline_ridge
21,36.9,0.4402925814017948,0.5254422250648844,0.30529593436398694,0.7455885157657818,0.5065862331131384,1.0552921486436055,0.8019990320870363,1.3085852652001748,0.9475209184873719,-0.9172120693412528,0.10777123015623372,0.23715135249454888,0.11514114527909763,-0.006926857353759641,1.0200993235800366,0.11307233572349629,0.9001001305027806,21,normalized_compact_thermal,spline_ridge
21,37.099999999999994,0.5202022875395252,1.0210090523481161,0.7609079085783536,1.2811101961178788,0.561919870503185,0.8590167706426998,0.5780568353911073,1.1399767058942922,0.9475209184873719,-0.9172120693412528,-0.0885041478446721,0.3408160509116025,0.14757563420771672,-0.09624641589186889,1.220086156898239,0.16840597311354288,0.9554337678928272,21,normalized_compact_thermal,spline_ridge
21,37.3,0.5448153877861918,1.1190154954318396,0.8466078015387437,1.3914231893249354,0.44660241764263225,0.8560858949098922,0.6327846860885761,1.0793871037312084,0.9475209184873719,-0.9172120693412528,-0.09143502357747967,0.11112554319125552,0.10564808422385606,-0.024572974092403277,0.9177778093776678,0.0530885202529901,0.8401163150322744,21,normalized_compact_thermal,spline_ridge
21,37.5,0.2260201917581068,0.6426100572015834,0.52959996132253,0.7556201530806368,0.453812971254556,0.8780425363411082,0.6511360507138302,1.1049490219683862,0.9475209184873719,-0.9172120693412528,-0.06947838214626373,0.12714194593354095,0.0916167383329768,0.04521538152392213,0.8624105609851899,0.060299073864913844,0.8473268686441982,21,normalized_compact_thermal,spline_ridge
21,37.699999999999996,0.7412445436289853,1.2910463322589907,0.920424060444498,1.6616686040734834,0.5028751910749564,0.8743645288917503,0.6229269333542722,1.1258021244292284,0.9475209184873719,-0.9172120693412528,-0.07315638959562155,0.22979880059410918,0.10609666066737196,0.029699212362414795,0.976051169787498,0.10936129368531422,0.8963890884645985,21,normalized_compact_thermal,spline_ridge
21,37.9,0.5675899171048492,0.9845521923742311,0.7007572338218065,1.2683471509266557,0.4920276784086863,0.8677348194730686,0.6217209802687255,1.1137486586774117,0.9475209184873719,-0.9172120693412528,-0.07978609901430324,0.20799176219728632,0.13169565187120302,-0.09531615102351115,1.0793715078408836,0.09851378101904412,0.8855415757983285,21,normalized_compact_thermal,spline_ridge
21,38.099999999999994,0.6511196975900954,0.6004562372776026,0.2748963884825548,0.9260160860726503,0.4930633282842304,0.8783123489336865,0.6317806847915712,1.1248440130758017,0.9475209184873719,-0.9172120693412528,-0.06920856955368535,0.2100944110897638,0.11688963857444905,-0.028247792969838814,1.0143744495382996,0.09954943089458823,0.8865772256738725,21,normalized_compact_thermal,spline_ridge
21,38.3,0.26117907514836747,0.9949100691308124,0.8643205315566286,1.1254996067049963,0.47065429359236605,0.8699824952162362,0.6346553484200531,1.105309642012419,0.9475209184873719,-0.9172120693412528,-0.07753842327113573,0.1635806309971588,0.11808771407236465,-0.05600007355400366,0.9973086607387358,0.0771403962027239,0.8641681909820083,21,normalized_compact_thermal,spline_ridge
21,38.5,0.31444043494675933,1.0294123516096798,0.8721921341363,1.1866325690830595,0.48271343490183577,0.8670250903731728,0.6256683729222549,1.1083818078240906,0.9475209184873719,-0.9172120693412528,-0.08049582811419907,0.1888799654574536,0.12187237982913778,-0.06082000188062192,1.0262468716842934,0.08919953751219362,0.876227332291478,21,normalized_compact_thermal,spline_ridge
21,38.699999999999996,0.8883546510703842,1.1581809679234096,0.7140036423882175,1.6023582934586016,0.47212997077078145,0.8759873426792619,0.6399223572938713,1.1120523280646526,0.9475209184873719,-0.9172120693412528,-0.07153357580810998,0.16671109984207122,0.11448650869016146,-0.03846353385126089,0.9827234753928238,0.0786160733811393,0.8656438681604236,21,normalized_compact_thermal,spline_ridge
21,38.9,0.3557086432979358,0.9422065012367654,0.7643521795877974,1.1200608228857334,0.4541832771461536,0.8708604077994428,0.643768769226366,1.0979520463725196,0.9475209184873719,-0.9172120693412528,-0.07666051068792902,0.12795760109242504,0.09294411147625291,0.039665792460903404,0.8687007618314038,0.06066937975651143,0.8476971745357957,21,normalized_compact_thermal,spline_ridge
21,39.099999999999994,0.5394358036765603,0.9672390562562921,0.697521154418012,1.2369569580945723,0.4658866917238443,0.8852383963326879,0.6522950504707657,1.11818174219461,0.9475209184873719,-0.9172120693412528,-0.06228252215468397,0.15339924411161016,0.09476776501986706,0.04323597226094583,0.8885374111867428,0.07237279433420213,0.8594005891134864,21,normalized_compact_thermal,spline_ridge
21,39.3,0.8213912579550453,0.9093430634700123,0.49864743449248955,1.320038692447535,0.45486902415399116,0.8685078949303944,0.6410733828533988,1.09594240700739,0.9475209184873719,-0.9172120693412528,-0.07901302355697747,0.12946630886849358,0.1006388553712285,0.0060340788573992055,0.9037039694505831,0.06135512676434901,0.8483829215436334,21,normalized_compact_thermal,spline_ridge
21,39.5,0.24832688979058434,0.9219531510774783,0.7977897061821861,1.0461165959727705,0.44460934674086977,0.8734196633746537,0.6511149900042188,1.0957243367450886,0.9475209184873719,-0.9172120693412528,-0.07410125511271816,0.1066528144772096,0.09401250244488842,0.025326990672752292,0.8638917028089872,0.05109544935122762,0.838123244130512,21,normalized_compact_thermal,spline_ridge
21,39.699999999999996,0.710509275018832,1.2952808141327292,0.9400261766233131,1.650535451642145,0.48381961495684017,0.8988150952120415,0.6569052877336214,1.1407249026904616,0.9475209184873719,-0.9172120693412528,-0.04870582327533032,0.19116893123702938,0.14454856188139967,-0.16084636047998951,1.12848559039367,0.09030571756719802,0.8773335123464823,21,normalized_compact_thermal,spline_ridge
21,39.9,1.1154140420806427,1.082103575732308,0.5243965546919868,1.6398105967726295,0.4728683338358089,0.8607772739989944,0.62434310708109,1.097211440916899,0.9475209184873719,-0.9172120693412528,-0.0867436444883775,0.16827377611711297,0.10438100957807225,0.007343914354276004,0.9383927533173417,0.07935443644616674,0.866382231225451,21,normalized_compact_thermal,spline_ridge
21,40.099999999999994,0.25197454603633374,0.6804413956085229,0.5544541225903561,0.8064286686266898,0.449874327737493,0.8708505330540495,0.645913369185303,1.095787696922796,0.9475209184873719,-0.9172120693412528,-0.07667038543332243,0.1184250624254195,0.09837741173276332,0.011125098618988916,0.888623556855997,0.05636043034785082,0.8433882251271352,21,normalized_compact_thermal,spline_ridge
21,40.3,0.6773496762159513,0.5184605275244876,0.17978568941651193,0.8571353656324633,0.48582260682204276,0.8675792952801648,0.6246679918691433,1.1104905986911862,0.9475209184873719,-0.9172120693412528,-0.07994162320720709,0.19530034108950167,0.10857037909300604,0.0016141966479837344,0.9700310169961017,0.0923087094324006,0.879336504211685,21,normalized_compact_thermal,spline_ridge
21,40.5,0.5066100019517206,1.0217961565037703,0.76849115552791,1.2751011574796305,0.486326595500946,0.8694365204950444,0.6262732227445714,1.1125998182455175,0.9475209184873719,-0.9172120693412528,-0.07808439799232743,0.19633719576746828,0.10571880567647794,0.014835796171082938,0.9578173948308091,0.09281269811130383,0.8798404928905881,21,normalized_compact_thermal,spline_ridge
21,40.699999999999996,0.34837704936913977,0.687454435094262,0.5132659104096922,0.8616429597788319,0.4615418604172279,0.8726124671204462,0.6418415369118322,1.10338339732906,0.9475209184873719,-0.9172120693412528,-0.0749084513669257,0.14402954531798226,0.0965845397635329,0.030788584643632266,0.8922951361908236,0.06802796302758574,0.85505575780687,21,normalized_compact_thermal,spline_ridge
21,40.9,0.2912505415576478,0.6356313723528842,0.4900061015740604,0.7812566431317082,0.436525306329843,1.0090292500940947,0.7907665969291733,1.2272919032590162,0.9475209184873719,-0.9172120693412528,0.06150833160672287,0.08830313951345095,0.07198430406677939,0.1154855741225651,0.7575650385371209,0.043011408940200835,0.8300392037194851,21,normalized_compact_thermal,spline_ridge
21,41.099999999999994,0.2364304627410467,0.4544341662896514,0.33621893491912797,0.5726493976601748,0.42210734523053156,1.0010894604802982,0.7900357878650325,1.212143133095564,0.9475209184873719,-0.9172120693412528,0.05356854199292634,0.054716444632105087,0.0673796225158099,0.12160383617895221,0.7226108542821109,0.028593447840889408,0.8156212426201737,21,normalized_compact_thermal,spline_ridge
21,41.3,0.2793307591792862,1.0955239910033274,0.9558586114136844,1.2351893705929706,0.4907522154677561,1.0831789266389773,0.8378028189050992,1.3285550343728554,0.9475209184873719,-0.9172120693412528,0.1356580081516054,0.20539613795838674,0.08633165202512409,0.10572535709254866,0.8757790738429636,0.09723831807811395,0.8842661128573983,21,normalized_compact_thermal,spline_ridge
21,41.5,0.6048595691222497,1.2054831140711624,0.9030533295100375,1.5079128986322872,0.4571289375066364,0.8781518466652665,0.6495873779119483,1.1067163154185846,0.9475209184873719,-0.9172120693412528,-0.06936907182210543,0.13442228042380094,0.0870121490546899,0.06906715940869351,0.8451907156045793,0.06361504011699426,0.8506428348962786,21,normalized_compact_thermal,spline_ridge
21,41.699999999999996,0.6950236660875373,0.929530600915525,0.5820187678717563,1.2770424339592936,0.47930693683971715,0.8855503481078781,0.6458968796880196,1.1252038165277367,0.9475209184873719,-0.9172120693412528,-0.061970570379493765,0.18179796927562908,0.0958883594532011,0.05165852598486215,0.9069553476945722,0.08579303945007499,0.8728208342293593,21,normalized_compact_thermal,spline_ridge
21,41.9,0.46243270630695277,1.1381723784901043,0.9069560253366279,1.3693887316435807,0.48310500379585464,0.864216451413096,0.6226639495151687,1.1057689533110233,0.9475209184873719,-0.9172120693412528,-0.0833044670742759,0.18969081954717476,0.11632198326184714,-0.03567445570352579,1.001884463295235,0.08959110640621248,0.8766189011854968,21,normalized_compact_thermal,spline_ridge
21,42.099999999999994,0.22060765315926104,0.680232759294398,0.5699289327147675,0.7905365858740285,0.4152265204168192,0.8704104977000539,0.6627972374916442,1.0780237579084635,0.9475209184873719,-0.9172120693412528,-0.07711042078731797,0.03828099400721764,0.09231221556184717,0.003527201410513381,0.8269258394231249,0.021712623027177025,0.8087404178064613,21,normalized_compact_thermal,spline_ridge
21,42.3,0.61816183633899,1.2748643611618837,0.9657834429923887,1.5839452793313786,0.4697029078821956,0.8472180720391372,0.6123666180980394,1.082069525980235,0.9475209184873719,-0.9172120693412528,-0.10030284644823462,0.1615571743079569,0.09716160957330071,0.0363759830389237,0.9030298327254676,0.07618901049255344,0.8632168052718378,21,normalized_compact_thermal,spline_ridge
21,42.5,0.5299016751934708,1.0095300214676846,0.7445791838709491,1.2744808590644199,0.4666872053247659,0.8482231760802077,0.6148795734178247,1.0815667787425907,0.9475209184873719,-0.9172120693412528,-0.0992977424071642,0.15511602773609495,0.12651884924178025,-0.09756882251810134,1.0309432331676331,0.07317330793512372,0.8602011027144081,21,normalized_compact_thermal,spline_ridge
21,42.699999999999996,1.2113887629658295,0.9358197347546062,0.33012535327169157,1.541514116237521,0.4536533617956718,0.8566604388234116,0.6298337579255757,1.0834871197212474,0.9475209184873719,-0.9172120693412528,-0.09086047966396027,0.12679017649655572,0.10373834941358642,-0.009004884986387407,0.916311608577731,0.06013946440602963,0.8471672591853139,21,normalized_compact_thermal,spline_ridge
21,42.9,0.9199797849456494,0.8862579148278207,0.426268022354996,1.3462478073006454,0.4097900602936111,0.8537641087385078,0.6488690785917023,1.0586591388853135,0.9475209184873719,-0.9172120693412528,-0.093756809748864,0.025101770851726803,0.09337264594334345,-0.0066386270119868085,0.826218747599209,0.016276162903968938,0.8033039576832532,21,normalized_compact_thermal,spline_ridge
21,43.099999999999994,0.7781609395843332,0.7489963249894663,0.35991585519729963,1.138076794781633,0.3868499590036291,0.8794715181531008,0.6860465386512862,1.0728964976549153,0.9475209184873719,-0.9172120693412528,-0.0680494003342711,-0.032506294620276835,0.08202972300075455,0.021009090683657694,0.7526908273236006,-0.006663938386013035,0.7803638563932713,21,normalized_compact_thermal,spline_ridge
21,43.3,0.7429872526340442,1.2087792479203054,0.8372856216032833,1.5802728742373273,0.39777062080158826,0.8787894564180511,0.6799041460172569,1.077674766818845,0.9475209184873719,-0.9172120693412528,-0.06873146206932083,-0.004667700142464676,0.07213334557178497,0.07606618473316906,0.7194750568700075,0.004256723411946106,0.7912845181912305,21,normalized_compact_thermal,spline_ridge
21,43.5,0.9183058008701418,0.8227098486447888,0.36355694820971773,1.2818627490798598,0.43123352879711424,0.8587393259754137,0.6431225615768565,1.0743560903739708,0.9475209184873719,-0.9172120693412528,-0.08878159251195811,0.07610656388162422,0.09976435176813671,-0.01370125512137449,0.876168312715603,0.03771963140747209,0.8247474261867564,21,normalized_compact_thermal,spline_ridge
21,43.699999999999996,0.24818789182076106,0.9043923803950354,0.7802984344846549,1.028486326305416,0.4223435108350919,0.8569285611535354,0.6457568057359895,1.0681003165710814,0.9475209184873719,-0.9172120693412528,-0.09059235733383637,0.055275779989565316,0.0988174498229348,-0.01836822542244898,0.8630552470926328,0.028829613445449764,0.8158574082247341,21,normalized_compact_thermal,spline_ridge
21,43.9,0.6822602270956419,0.8711435580681526,0.5300134445203316,1.2122736716159737,0.44521259504794,0.9030170847060012,0.6804107871820312,1.1256233822299713,0.9475209184873719,-0.9172120693412528,-0.0445038337813707,0.10800870012389628,0.13295534903697828,-0.1477493041288449,1.0381744942247249,0.05169869765829782,0.8387264924375821,21,normalized_compact_thermal,spline_ridge
21,44.099999999999994,0.3395836945571202,0.5830829002017596,0.4132910529231994,0.7528747474803197,0.43998906412111244,0.8582892004422953,0.6382946683817391,1.0782837325028516,0.9475209184873719,-0.9172120693412528,-0.0892317180450766,0.09620666269235097,0.09394416950633541,0.021011463215643178,0.8589666650265817,0.046475166731470285,0.8335029615107545,21,normalized_compact_thermal,spline_ridge
21,44.3,0.4734393827279074,1.1168626258533794,0.8801429344894257,1.3535823172173331,0.41240391317820857,0.8639329904520988,0.6577310338629945,1.0701349470412032,0.9475209184873719,-0.9172120693412528,-0.08358792803527308,0.031460031249842556,0.08651287735582379,0.026568815668216506,0.7982390106882007,0.018890015788566417,0.8059178105678507,21,normalized_compact_thermal,spline_ridge
21,44.5,0.897217366568355,0.9008693938455512,0.45226071056137357,1.3494780771297288,0.478312004795063,0.9055134789493616,0.6663574765518301,1.1446694813468932,0.9475209184873719,-0.9172120693412528,-0.04200743953801024,0.17972003961198207,0.10193403774071147,0.023700730805028936,0.932923278785097,0.08479810740542082,0.8718259021847051,21,normalized_compact_thermal,spline_ridge
21,44.699999999999996,0.5802988585525656,1.0080296620236209,0.7178802327473381,1.2981790912999036,0.5030996892651453,0.882153634339907,0.6306037897073344,1.1337034789724796,0.9475209184873719,-0.9172120693412528,-0.06536728414746489,0.2302451302158584,0.10617238520168433,0.02958598992680428,0.9766133886034862,0.1095857918755031,0.8966135866547874,21,normalized_compact_thermal,spline_ridge
21,44.9,0.746548480277313,0.9662231437044303,0.5929489035657738,1.3394973838430868,0.4168040283533721,0.8601863584355278,0.6517843442588418,1.0685883726122138,0.9475209184873719,-0.9172120693412528,-0.08733456005184403,0.04207294570687476,0.08873330633676625,0.021066134189740904,0.8125419225170033,0.02329013096372995,0.8103179257430142,21,normalized_compact_thermal,spline_ridge
21,45.099999999999994,0.6750605113971323,1.0947046493336565,0.7571743936350904,1.4322349050322227,0.45765693991159995,0.8771364387077205,0.6483079687519205,1.1059649086635206,0.9475209184873719,-0.9172120693412528,-0.07038447977965132,0.1355766543087312,0.10914013834947273,-0.02909251530679252,0.9444063951299924,0.0641430425219578,0.8511708373012421,21,normalized_compact_thermal,spline_ridge
21,45.3,0.8526023851905828,0.8309851930829999,0.4046840004877084,1.2572863856782914,0.473520154981238,0.8889912798876488,0.6522312023970298,1.1257513573782678,0.9475209184873719,-0.9172120693412528,-0.05852963859972306,0.16965126803760805,0.09726969691629804,0.0397111759999047,0.9073291339625713,0.08000625759159585,0.8670340523708802,21,normalized_compact_thermal,spline_ridge
21,45.5,0.38939604292265406,1.074886618019648,0.8801885965583208,1.2695846394809749,0.43771888149450544,0.8730154210662611,0.6541559803190083,1.0918748618135137,0.9475209184873719,-0.9172120693412528,-0.07450549742111082,0.09103367160705603,0.0905255868480347,0.03398767180414275,0.8414500911848681,0.04420498410486329,0.8312327788841476,21,normalized_compact_thermal,spline_ridge
21,45.699999999999996,0.264605611790192,1.0844585610378612,0.9521557551427653,1.2167613669329573,0.4300846426280645,0.8702733564519686,0.6552310351379363,1.085315677766001,0.9475209184873719,-0.9172120693412528,-0.07724756203540328,0.07343882299669961,0.07969895203443894,0.07463868048331002,0.785530604772819,0.03657074523842235,0.8235985400177066,21,normalized_compact_thermal,spline_ridge
21,45.9,0.442425798697132,1.0575191456560016,0.8363062463074356,1.2787320450045676,0.45926477674910293,0.8798523530564776,0.6502199646819261,1.1094847414310292,0.9475209184873719,-0.9172120693412528,-0.06766856543089424,0.1390836897649244,0.0863624341991292,0.07410063426692975,0.8444289192312762,0.06575087935946078,0.8527786741387451,21,normalized_compact_thermal,spline_ridge
21,46.099999999999994,0.6011598204221009,1.029415440266795,0.7288355300557445,1.3299953504778455,0.4504058288310592,0.8669753643533348,0.6417724499378052,1.0921782787688643,0.9475209184873719,-0.9172120693412528,-0.08054555413403712,0.11960580855525069,0.10127907774554869,-0.0012844169684615991,0.90209607463058,0.05689193144141702,0.8439197262207013,21,normalized_compact_thermal,spline_ridge
21,46.3,0.399002985885391,0.9000676321698422,0.7005661392271467,1.0995691251125377,0.45762469452538057,0.8648454394354874,0.6360330921727971,1.0936577866981776,0.9475209184873719,-0.9172120693412528,-0.08267547905188444,0.13550619427759003,0.09799009373088302,0.02060284846926408,0.8946465405814971,0.06411079713573842,0.8511385919150227,21,normalized_compact_thermal,spline_ridge
21,46.5,0.2300247541711489,0.5633568933677536,0.44834451628217914,0.6783692704533281,0.48103509794474203,0.9192040498173105,0.6786865008449395,1.1597215987896816,0.9475209184873719,-0.9172120693412528,-0.028316868670061297,0.18539702650287815,0.1508347333571411,-0.1916663059558938,1.1537365018453778,0.08752120055509988,0.8745489953343841,21,normalized_compact_thermal,spline_ridge
21,46.699999999999996,0.4078922461474197,0.8049553758978671,0.6010092528241572,1.008901498971577,0.43637568222901346,0.872505095094495,0.6543172539799883,1.0906929362090017,0.9475209184873719,-0.9172120693412528,-0.07501582339287688,0.08796031918386935,0.09021688599046303,0.034021234347100415,0.8387301301109265,0.04286178483937131,0.8298895796186556,21,normalized_compact_thermal,spline_ridge
21,46.9,0.6098141786125941,0.7292228072749225,0.42431571796862555,1.0341298965812196,0.42009259373563296,0.8764402911832543,0.6663939943154378,1.0864865880510708,0.9475209184873719,-0.9172120693412528,-0.07108062730411753,0.049931938613830384,0.07621915084599365,0.08016604872154443,0.7600191387497215,0.026578696345990804,0.8136064911252752,21,normalized_compact_thermal,spline_ridge
21,47.099999999999994,0.29208530915811265,0.4324766740505567,0.2864340194715003,0.5785193286296131,0.490924081925781,0.8806540081240135,0.635191967161123,1.126116049086904,0.9475209184873719,-0.9172120693412528,-0.06686691036335829,0.20574628690307895,0.10579098652098769,0.019111366321358902,0.9627367975302031,0.09741018453613887,0.8844379793154231,21,normalized_compact_thermal,spline_ridge
21,47.5,0.3919735222515494,0.6014459718626287,0.405459210736854,0.7974327329884034,0.44702033340682223,0.8810917248647754,0.6575815581613642,1.1046018915681866,0.9475209184873719,-0.9172120693412528,-0.06642919362259647,0.11206087254397558,0.09554487083330908,0.02090383282012903,0.8731368339935155,0.05350643601718008,0.8405342307964644,21,normalized_compact_thermal,spline_ridge
21,47.699999999999996,0.30474275855563904,0.5617247435856114,0.40935336430779196,0.7140961228634309,0.47870587360791106,0.882319758940814,0.6429668221368585,1.1216726957447696,0.9475209184873719,-0.9172120693412528,-0.06520115954655781,0.1805431565964698,0.10120424977809815,0.027349349873823425,0.9300623973419987,0.0851919762182689,0.8722197709975532,21,normalized_compact_thermal,spline_ridge
21,47.9,1.1125711440857602,0.9087326446338106,0.3524470725909306,1.4650182166766907,0.4395684077508857,0.8638267367424097,0.6440425328669669,1.0836109406178527,0.9475209184873719,-0.9172120693412528,-0.08369418174496207,0.09525014440730042,0.08932540165594266,0.041189852888038225,0.8379469626137331,0.04605451036124353,0.8330823051405278,21,normalized_compact_thermal,spline_ridge
21,48.099999999999994,1.0133293690111733,0.878626032724599,0.3719613482190125,1.3852907172301856,0.45635090765355013,0.874781206820032,0.646605752993257,1.102956660646807,0.9475209184873719,-0.9172120693412528,-0.07273971166733983,0.13271883826173586,0.10284787756703992,-0.0023359616614406775,0.9150377769685409,0.06283701026390798,0.8498648050431923,21,normalized_compact_thermal,spline_ridge
21,48.3,0.2526842926773762,0.7844005710293221,0.658058424690634,0.9107427173680103,0.4802156811148774,0.8707790718674346,0.6306712313099959,1.1108869124248733,0.9475209184873719,-0.9172120693412528,-0.07674184661993719,0.18369212899601156,0.1047329554708435,0.013121633134027255,0.9473097290957275,0.08670178372523524,0.8737295785045196,21,normalized_compact_thermal,spline_ridge
21,48.5,0.6993399352076862,0.9470352111564416,0.5973652435525985,1.2967051787602848,0.4593644606579755,0.848141798815885,0.6184595684868973,1.0778240291448729,0.9475209184873719,-0.9172120693412528,-0.09937911967148683,0.13930071727766757,0.09569977453918879,0.03255711163010816,0.8861718096858429,0.06585056326833333,0.8528783580476176,21,normalized_compact_thermal,spline_ridge
21,48.699999999999996,0.8267338838372689,0.9687532759927318,0.5553863340740975,1.382120217911366,0.44705037533150477,0.8589179727856696,0.6353927851199173,1.082443160451422,0.9475209184873719,-0.9172120693412528,-0.0886029457017022,0.11212807511397413,0.09244087561664392,0.03477725082588612,0.8593234998371234,0.053536477941862615,0.8405642727211469,21,normalized_compact_thermal,spline_ridge
21,48.9,0.5048519493107055,1.1718039018065625,0.9193779271512097,1.4242298764619152,0.5004251489650557,0.8525025169501008,0.602289942467573,1.1027150914326287,0.9475209184873719,-0.9172120693412528,-0.09501840153727108,0.22491482541292707,0.11419589655813377,-0.008872266985269994,1.0097225649153816,0.10691125157541359,0.8939390463546979,21,normalized_compact_thermal,spline_ridge
21,49.099999999999994,0.5159196525825637,1.003476547504267,0.7455167212129853,1.261436373795549,0.42899701404908647,0.9779613387776598,0.7634628317531166,1.192459845802203,0.9475209184873719,-0.9172120693412528,0.030440420290287908,0.0709067490043703,0.05854633247296615,0.16788871908797026,0.6901053090102027,0.035483116659444314,0.8225109114387286,21,normalized_compact_thermal,spline_ridge
21,49.3,0.40643995125645427,1.0363318042626457,0.8331118286344186,1.2395517798908728,0.5001942751142794,1.0650164556226211,0.8149193180654815,1.3151135931797608,0.9475209184873719,-0.9172120693412528,0.11749553713524939,0.22445336354377388,0.09159897224795223,0.09167591958966592,0.9087126306388928,0.10668037772463723,0.8937081725039215,21,normalized_compact_thermal,spline_ridge
21,49.5,0.735311827248211,0.881662700041026,0.5140067864169205,1.2493186136651315,0.512243406778094,0.8677608361715714,0.6116391327825244,1.1238825395606185,0.9475209184873719,-0.9172120693412528,-0.07976008231580047,0.24825670629347413,0.1137781193079632,0.00480921779447796,1.01967759576171,0.11872950938845184,0.9057573041677361,21,normalized_compact_thermal,spline_ridge
21,49.699999999999996,0.3724668441993681,0.9336635998707917,0.7474301777711077,1.1198970219704758,0.48211696974858614,0.8617875218238689,0.6207290369495758,1.102846006698162,0.9475209184873719,-0.9172120693412528,-0.08573339666350303,0.1876435507956427,0.10665801892544952,0.006437413246664581,0.9577965262505077,0.08860307235894399,0.8756308671382282,21,normalized_compact_thermal,spline_ridge
21,49.9,0.26153502946195734,0.5106568908637443,0.3798893761327657,0.641424405594723,0.44779566953564454,0.8633868367871084,0.639489002019286,1.0872846715549307,0.9475209184873719,-0.9172120693412528,-0.08413408170026353,0.11379382394472921,0.09717623175534437,0.014403531845371575,0.8811878072259175,0.05428177214600238,0.8413095669252867,21,normalized_compact_thermal,spline_ridge
21,50.099999999999994,0.5372534599214003,0.7704559163446041,0.5018291863839038,1.0390826463053042,0.46925869298415923,0.8726424335503208,0.6380130870582412,1.1072717800424003,0.9475209184873719,-0.9172120693412528,-0.07487848493705104,0.16061099092672548,0.09560961010003673,0.04285346449875277,0.8956639214695656,0.07574479559451708,0.8627725903738014,21,normalized_compact_thermal,spline_ridge
21,50.3,0.21617746015773556,0.6756387299257074,0.5675499998468396,0.7837274600045753,0.4448275642414439,0.8573846385077737,0.6349708563870518,1.0797984206284956,0.9475209184873719,-0.9172120693412528,-0.09013627997959814,0.1071435013427041,0.09085748287173084,0.03961614560901483,0.8500389828738729,0.05131366685180172,0.838341461631086,21,normalized_compact_thermal,spline_ridge
21,50.5,0.79969285074784,0.9153833957670265,0.5155369703931064,1.3152298211409466,0.46510745292803407,0.8827576067447197,0.6502038802807026,1.1153113332087368,0.9475209184873719,-0.9172120693412528,-0.06476331174265212,0.15172525081690416,0.1166062307920932,-0.05493971002661796,0.985154615882686,0.07159355553839192,0.8586213503176763,21,normalized_compact_thermal,spline_ridge
21,50.699999999999996,0.9439127633837425,1.0700610251668092,0.598104643474938,1.5420174068586805,0.4886506158009862,0.8649939282574703,0.6206686203569772,1.1093192361579634,0.9475209184873719,-0.9172120693412528,-0.08252699022990148,0.2011045373518765,0.11853338253937301,-0.03999136916230178,1.0172926007642742,0.09513671841134402,0.8821645131906284,21,normalized_compact_thermal,spline_ridge
21,50.9,0.43483174817574466,0.7380627493477335,0.5206468752598612,0.9554786234356059,0.39677440256048896,0.8757653979187358,0.6773781966384913,1.0741525991989802,0.9475209184873719,-0.9172120693412528,-0.07175552056863609,-0.00717534598719223,0.07508615887838826,0.061900840173496396,0.7316479649474815,0.003260505170846806,0.7902882999501311,21,normalized_compact_thermal,spline_ridge
21,51.099999999999994,0.46996756547550644,1.169408437151237,0.9344246544134839,1.4043922198889902,0.4022066107695106,0.9607510702084722,0.7596477648237169,1.1618543755932276,0.9475209184873719,-0.9172120693412528,0.013230151721100319,0.00642270408548978,0.11188401831152749,-0.09678015784167066,0.9011933793806919,0.008692713379868433,0.7957205081591527,21,normalized_compact_thermal,spline_ridge
21,51.3,0.5402221335467052,1.0191195892415406,0.7490085224681879,1.2892306560148932,0.48030514480590303,0.8624969002287535,0.622344327825802,1.1026494726317049,0.9475209184873719,-0.9172120693412528,-0.08502401825861834,0.18387841062337462,0.10150489327744004,0.027607793932206748,0.9330024956795993,0.08679124741626087,0.8738190421955452,21,normalized_compact_thermal,spline_ridge
21,51.5,0.8075187582344392,1.3060947841167991,0.9023354049995796,1.7098541632340187,0.44647781782232226,0.8741402371911807,0.6509013282800196,1.0973791461023419,0.9475209184873719,-0.9172120693412528,-0.07338068129619114,0.11084650931239344,0.092197320860755,0.03529091280054908,0.8576647228440955,0.05296392043268011,0.8399917152119645,21,normalized_compact_thermal,spline_ridge
21,51.699999999999996,0.37029189320918116,1.1223229731054039,0.9371770265008134,1.3074689197099945,0.42017829084170105,0.8674623663166979,0.6573732208958474,1.0775515117375485,0.9475209184873719,-0.9172120693412528,-0.08005855217067388,0.05013591356509474,0.08130047011809886,0.05758978639735973,0.7827667952860424,0.0266643934520589,0.8136921882313433,21,normalized_compact_thermal,spline_ridge
21,51.9,0.7144000395044235,1.1984578280814935,0.8412578083292819,1.5556578478337053,0.4229192478074034,0.865035249970191,0.6535756260664893,1.0764948738738926,0.9475209184873719,-0.9172120693412528,-0.0824856685171809,0.05663804765239849,0.0940086560340932,0.0036540461829895343,0.8421844494318174,0.029405350417761267,0.8164331451970456,21,normalized_compact_thermal,spline_ridge
21,52.099999999999994,0.3897197204204402,0.6361525897512603,0.4412927295410402,0.8310124499614804,0.43007656643507436,0.8830403322783863,0.6680020490608491,1.0980786154959234,0.9475209184873719,-0.9172120693412528,-0.06448058620898552,0.07342004467257782,0.08498919462118333,0.05103687666624812,0.8091162562039006,0.036562669045432206,0.8235904638247165,21,normalized_compact_thermal,spline_ridge
21,52.3,0.7344764746548499,1.1940719507358493,0.8268337134084243,1.5613101880632743,0.4756662303437067,0.8781611922777878,0.6403280771059344,1.115994307449641,0.9475209184873719,-0.9172120693412528,-0.06935972620958412,0.1741732018801898,0.0950147894838004,0.051913816993815365,0.899418643693598,0.08215233295406454,0.8691801277333489,21,normalized_compact_thermal,spline_ridge
21,52.5,0.3094434580232572,0.6081848871835077,0.4534631581718791,0.7629066161951363,0.4554692684602183,0.8757789738560666,0.6480443396259574,1.1035136080861758,0.9475209184873719,-0.9172120693412528,-0.07174194463130518,0.13078503707774214,0.10099998539773297,0.005023734737384877,0.9059148021830516,0.06195537107057614,0.8489831658498604,21,normalized_compact_thermal,spline_ridge
21,52.699999999999996,0.2683899109616144,0.9223203829643409,0.7881254274835338,1.0565153384451482,0.40938416763674107,0.8877436114507146,0.683051527632344,1.092435695269085,0.9475209184873719,-0.9172120693412528,-0.05977730703665733,0.02411079072503889,0.07345384442026741,0.08179049498830931,0.7369778402851728,0.015870270247098917,0.8028980650263833,21,normalized_compact_thermal,spline_ridge
21,52.9,0.3039695434006214,0.6563861578454981,0.5044013861451875,0.8083709295458089,0.45050933668406895,0.8886192807314707,0.6633646123894362,1.1138739490735052,0.9475209184873719,-0.9172120693412528,-0.05890163775590117,0.11983559235161076,0.08472296782212914,0.07265698047889663,0.8283616928892412,0.0569954392944268,0.844023234073711,21,normalized_compact_thermal,spline_ridge
21,53.099999999999994,0.2611152489964943,0.6377326786287572,0.5071750541305101,0.7682903031270043,0.4625141846953559,0.8889658707188889,0.657708778371211,1.1202229630665668,0.9475209184873719,-0.9172120693412528,-0.05855504776848294,0.14613401645287297,0.09965784713410615,0.01805439625860833,0.9069739731321034,0.06900028730571373,0.856028082084998,21,normalized_compact_thermal,spline_ridge
21,53.3,0.8377081994926693,1.3201436592372655,0.9012895594909308,1.7389977589836,0.4411288718916422,0.877549935857892,0.6569854999120709,1.098114371803713,0.9475209184873719,-0.9172120693412528,-0.06997098262947993,0.09879384962777153,0.09102544368304391,0.035168371989562464,0.8470893717937219,0.04761497450200003,0.8346427692812843,21,normalized_compact_thermal,spline_ridge
21,53.5,0.6445836576291201,1.1614169154306127,0.8391250866160527,1.4837087442451729,0.39942320228759576,0.8750079527715221,0.6752963516277242,1.07471955391532,0.9475209184873719,-0.9172120693412528,-0.07251296571584978,-0.0005216974882174229,0.07604378141879661,0.06027877991363795,0.7385676246615536,0.0059093048979536045,0.7929370996772379,21,normalized_compact_thermal,spline_ridge
21,53.699999999999996,0.39220363366035493,1.0440509251483774,0.8479491083182,1.240152741978555,0.4431975233323783,0.8811439949083226,0.6595452332421334,1.1027427565745118,0.9475209184873719,-0.9172120693412528,-0.06637692357904922,0.10347233762761004,0.09134264066824187,0.03582237010406181,0.8505726765606947,0.04968362594273612,0.8367114207220204,21,normalized_compact_thermal,spline_ridge
21,53.9,0.4047088316201534,1.0974276675752983,0.8950732517652217,1.299782083385375,0.47877005487971186,0.8932578656720724,0.6538728382322165,1.1326428931119283,0.9475209184873719,-0.9172120693412528,-0.05426305281529939,0.18067722006477716,0.09401148994465681,0.059492214418259304,0.8980478953411644,0.0852561574900697,0.872283952269354,21,normalized_compact_thermal,spline_ridge
21,54.099999999999994,0.8683161374280381,1.1893481976613505,0.7551901289473314,1.6235062663753694,0.4667610220856209,0.8744453819508087,0.6410648709079982,1.107825892993619,0.9475209184873719,-0.9172120693412528,-0.0730755365365632,0.15527418704014906,0.10545298490904022,-0.0035442545237033274,0.9370662986949452,0.07324712469597877,0.860274919475263,21,normalized_compact_thermal,spline_ridge
21,54.3,0.23206906001609567,0.7543703218182529,0.638335791810205,0.8704048518263008,0.47214966153903887,0.8703528887120363,0.6342780579425169,1.1064277194815557,0.9475209184873719,-0.9172120693412528,-0.07716802977533553,0.16675280521744223,0.1390702948543365,-0.148084024079489,1.0923833471575668,0.07863576414939671,0.865663558928681,21,normalized_compact_thermal,spline_ridge
21,54.5,0.24146968867039087,0.660198182012672,0.5394633376774766,0.7809330263478674,0.42500648925589873,0.8649751307809006,0.6524718861529513,1.07747837540885,0.9475209184873719,-0.9172120693412528,-0.0825457877064712,0.061561228004373816,0.08574468495653065,0.042597420313522594,0.8074155581982749,0.03149259186625658,0.8185203866455408,21,normalized_compact_thermal,spline_ridge
21,54.699999999999996,0.9456775790858277,0.7286250672689982,0.2557862777260843,1.201463856811912,0.40171359751509045,1.0027922007968915,0.8019354020393462,1.2036489995544366,0.9475209184873719,-0.9172120693412528,0.055271282309519505,0.005196181076998929,0.059492600639055135,0.13638508145750222,0.6670421135726787,0.008199700125448295,0.7952274949047327,21,normalized_compact_thermal,spline_ridge
21,54.9,0.6553322155447134,0.9632395580280367,0.63557345025568,1.2909056658003935,0.4866252311987816,1.0947923118719216,0.8514796962725308,1.3381049274713124,0.9475209184873719,-0.9172120693412528,0.14727139338454986,0.1969510713962892,0.08885108026998588,0.09036208208586655,0.8828883803116967,0.09311133380913944,0.8801391285884237,21,normalized_compact_thermal,spline_ridge
21,55.099999999999994,0.4496545510840874,0.9771965918654872,0.7523693163234436,1.202023867407531,0.521996040989678,0.8981552706278041,0.6371572501329651,1.1591532911226432,0.9475209184873719,-0.9172120693412528,-0.04936564785956774,0.26711679390203164,0.10947202455603079,0.03376642061225521,1.0102256613671008,0.12848214360003585,0.9155099383793202,21,normalized_compact_thermal,spline_ridge
21,55.3,0.4265406223058461,1.0067575753218174,0.7934872641688944,1.2200278864747405,0.4193253236367868,0.8890675333470248,0.6794048715286314,1.0987301951654183,0.9475209184873719,-0.9172120693412528,-0.05845338514034704,0.04810383774381437,0.07946902550837738,0.06490480101403806,0.7737458462595356,0.025811426247144664,0.812839221026429,21,normalized_compact_thermal,spline_ridge
21,55.5,0.2869771371373197,0.663786929871002,0.5202983613023422,0.8072754984396618,0.43364253108126327,0.880341965471711,0.6635206999310793,1.0971632310123427,0.9475209184873719,-0.9172120693412528,-0.06717895301566092,0.08167732396125701,0.09481931641831491,0.010761899731778324,0.8565231624307482,0.04012863369162112,0.8271564284709054,21,normalized_compact_thermal,spline_ridge
21,55.699999999999996,0.2397926818049702,0.6768912566051303,0.5569949157026451,0.7967875975076154,0.46942513340731223,0.8988558202657329,0.6641432535620767,1.1335683869693889,0.9475209184873719,-0.9172120693412528,-0.048665098221638996,0.16096561603097836,0.12101603503891946,-0.0702891277132714,1.009139394527896,0.07591123601767008,0.8629390307969544,21,normalized_compact_thermal,spline_ridge
21,55.9,0.3545762757187378,0.6551443868430121,0.47785624898364315,0.832432524702381,0.4488806179287633,0.871100835685071,0.6466605267206893,1.0955411446494527,0.9475209184873719,-0.9172120693412528,-0.07642008280230081,0.11621375840212185,0.10232256154201136,-0.007463416817139912,0.9052246526746666,0.05536672053912117,0.8423945153184055,21,normalized_compact_thermal,spline_ridge
21,56.099999999999994,0.5735096963638447,1.0974061669657873,0.8106513187838651,1.3841610151477097,0.4037439466977456,0.8777428975297072,0.6758709241808345,1.07961487087858,0.9475209184873719,-0.9172120693412528,-0.06977802095766457,0.010237672084508286,0.08256927067179146,0.03549677269671825,0.771991120698773,0.01023004930810345,0.7972578440873878,21,normalized_compact_thermal,spline_ridge
21,56.3,1.0194732560773658,0.9765964120346353,0.46685978399595246,1.4863330400733181,0.4634883706737453,0.9045334970889694,0.6727893117520967,1.136277682425842,0.9475209184873719,-0.9172120693412528,-0.04298742139840247,0.14823808481022854,0.11516811579414554,-0.05014500444465736,0.9771217457921479,0.06997447328410317,0.8570022680633875,21,normalized_compact_thermal,spline_ridge
21,56.5,0.4418837514809394,0.5987234458744538,0.3777815701339841,0.8196653216149234,0.4190417386719006,0.8745227942077642,0.665001924871814,1.0840436635437145,0.9475209184873719,-0.9172120693412528,-0.0729981242796076,0.04742732028874837,0.08927295757142331,0.020897076948234228,0.8171864003955669,0.025527841282258434,0.8125556360615427,21,normalized_compact_thermal,spline_ridge
21,56.699999999999996,0.2573093788046374,0.6858204884260094,0.5571657990236907,0.8144751778283281,0.38996779565777073,0.8923414121447779,0.6973575143158925,1.0873253099736633,0.9475209184873719,-0.9172120693412528,-0.05517950634259392,-0.02447904916320002,0.07930166627504388,0.036293671352660206,0.7436419199628812,-0.0035461017318714205,0.7834816930474129,21,normalized_compact_thermal,spline_ridge
21,56.9,0.24680145817124474,0.5399386262680492,0.4165378971824268,0.6633393553536716,0.44066349990145487,0.8982130098871177,0.6778812599363903,1.118544759837845,0.9475209184873719,-0.9172120693412528,-0.04930790860025419,0.09773833577149425,0.10192671805632873,-0.01391512933991429,0.8952421291428241,0.047149602511812716,0.8341773972910971,21,normalized_compact_thermal,spline_ridge
21,57.099999999999994,0.3556260448811864,0.3421255199076777,0.16431249746708454,0.5199385423482709,0.43222325004622586,1.0158439793440588,0.7997323543209458,1.2319556043671718,0.9475209184873719,-0.9172120693412528,0.068323060856687,0.078399027631541,0.0691560166093874,0.1237972766256411,0.7406492234668106,0.038709352656583706,0.825737147435868,21,normalized_compact_thermal,spline_ridge
21,57.3,0.4125828527551452,0.4662976166558242,0.26000619027825156,0.6725890430333968,0.4803305243800651,1.1000914876594252,0.8599262254693927,1.3402567498494578,0.9475209184873719,-0.9172120693412528,0.15257056917205325,0.18393124974851244,0.0874381605905833,0.0903687955751799,0.8702922531849504,0.08681662699042297,0.8738444217697072,21,normalized_compact_thermal,spline_ridge
21,57.5,0.4099388552652986,0.9120761980274772,0.7071067703948277,1.1170456256601267,0.40985609944682544,0.891418912139257,0.6864908624158442,1.0963469618626696,0.9475209184873719,-0.9172120693412528,-0.056102006348114894,0.02526291149167848,0.07499474626349287,0.07539022428813702,0.7443219746055139,0.016342202057183286,0.8033699968364676,21,normalized_compact_thermal,spline_ridge
21,57.699999999999996,0.3340726889138258,1.0113392202870142,0.8443028758301013,1.1783755647439271,0.4374973799032767,0.8888758039871116,0.6701271140354733,1.10762449393875,0.9475209184873719,-0.9172120693412528,-0.05864511450026019,0.09052750734634146,0.10670493228762527,-0.03839140350477532,0.9133861633113287,0.04398348251363454,0.8310112772929188,21,normalized_compact_thermal,spline_ridge
21,57.9,0.5058785690918555,1.0303933633047107,0.777454078758783,1.2833326478506384,0.4388569235407188,0.880742974977327,0.6613145132069675,1.1001714367476865,0.9475209184873719,-0.9172120693412528,-0.06677794351004487,0.0936302358267845,0.09789012628044676,0.0022809180596216616,0.8754329290218159,0.04534302615107666,0.832370820930361,21,normalized_compact_thermal,spline_ridge
21,58.099999999999994,0.7027733831610522,1.062024529027465,0.710637837446939,1.4134112206079912,0.4145551328902413,0.8816430849693375,0.6743655185242169,1.0889206514144583,0.9475209184873719,-0.9172120693412528,-0.06587783351803428,0.036662766680996696,0.09284216441900234,0.000492317544138754,0.8286179482363438,0.021041235500599165,0.8080690302798834,21,normalized_compact_thermal,spline_ridge
21,58.3,0.5244784915748714,1.120133490845154,0.8578942450577182,1.3823727366325895,0.4339452873254969,0.8716120862074611,0.6546394425447126,1.0885847298702096,0.9475209184873719,-0.9172120693412528,-0.07590883227991077,0.08237525044224206,0.106058311027496,-0.03905965746130713,0.906950232112301,0.04043138993585477,0.8274591847151391,21,normalized_compact_thermal,spline_ridge
21,58.5,0.21471637951344458,0.5807524771300732,0.4733942873733508,0.6881106668867955,0.4575016315805309,0.8846078708948493,0.6558570551045838,1.1133586866851148,0.9475209184873719,-0.9172120693412528,-0.06291304759252257,0.135237241364575,0.10779096766165,-0.023230714742584924,0.9382339779036468,0.06398773419088877,0.8510155289701731,21,normalized_compact_thermal,spline_ridge
21,58.699999999999996,0.2845993600382297,0.5398134919021348,0.39751381188302,0.6821131719212497,0.3821635629668839,0.8991366889211159,0.7080549074376739,1.0902184704045579,0.9475209184873719,-0.9172120693412528,-0.048384229566256036,-0.04469451736921863,0.07003569215038496,0.06981436206258046,0.6945127638711874,-0.011350334422758235,0.7756774603565261,21,normalized_compact_thermal,spline_ridge
21,58.9,0.8269497025612115,1.1381913614897705,0.7247165102091647,1.5516662127703762,0.43340825686623585,0.9461817796635248,0.7294776512304069,1.1628859080966427,0.9475209184873719,-0.9172120693412528,-0.0013391388238470415,0.08113693065561642,0.10661812703525006,-0.042093387493408185,0.9089099012258799,0.0398943594765937,0.826922154255878,21,normalized_compact_thermal,spline_ridge
21,59.099999999999994,0.3218550978419568,0.8540578251008323,0.6931302761798539,1.0149853740218107,0.48463549247026094,0.8330776682481973,0.5907599220130668,1.0753954144833278,0.9475209184873719,-0.9172120693412528,-0.11444325023917454,0.19285383681536844,0.13064036184326216,-0.09800189390656089,1.0672728788470827,0.09112159508061879,0.8781493898599031,21,normalized_compact_thermal,spline_ridge
21,59.3,0.20705632428775525,0.7610240036787788,0.6574958415349011,0.8645521658226565,0.4359825610064178,0.8505232487052748,0.6325319682020659,1.0685145292084837,0.9475209184873719,-0.9172120693412528,-0.09699766978209702,0.0870590352165187,0.10518072587811754,-0.03310847914522891,0.9050736011580645,0.04246866361677565,0.82949645839606,21,normalized_compact_thermal,spline_ridge
21,59.5,0.33423725435629853,0.7507718904473267,0.5836532632691774,0.917890517625476,0.42496319187135934,0.8648395802270982,0.6523579842914184,1.077321176162778,0.9475209184873719,-0.9172120693412528,-0.08268133826027366,0.06145934817139095,0.11572136778412043,-0.09113760823652306,0.9410639919792417,0.03144929448171718,0.8184770892610015,21,normalized_compact_thermal,spline_ridge
21,59.699999999999996,0.7949687814730519,0.8157378548569836,0.4182534641204575,1.2132222455935096,0.42982800284697187,0.8879998444814123,0.6730858430579264,1.1029138459048982,0.9475209184873719,-0.9172120693412528,-0.05952107400595956,0.07284192564889821,0.09214208347717011,0.0188874486799277,0.840768557014016,0.036314105457329715,0.823341900236614,21,normalized_compact_thermal,spline_ridge
21,59.9,0.26975694764972086,0.6364842460083451,0.5016057721834846,0.7713627198332055,0.378253137583045,0.865720038766963,0.6765934699754406,1.0548466075584855,0.9475209184873719,-0.9172120693412528,-0.08180087972040888,-0.054979562008686186,0.09105796571551196,-0.02785240594666627,0.7843586811127563,-0.015260759806597135,0.7717670349726872,21,normalized_compact_thermal,spline_ridge
21,60.099999999999994,0.2651246472951753,0.6469821723319482,0.5144198486843605,0.7795444959795358,0.3822666273115438,0.8690737046533213,0.6779403909975494,1.0602070183090933,0.9475209184873719,-0.9172120693412528,-0.07844721383405052,-0.044424867251797534,0.10631271062486317,-0.09187290340577964,0.8564061580288673,-0.011247270078098337,0.775780524701186,21,normalized_compact_thermal,spline_ridge
21,60.3,0.39202317186747054,0.890565675403965,0.6945540894702298,1.0865772613377003,0.3929594892648369,0.890886618527095,0.6944068738946766,1.0873663631595134,0.9475209184873719,-0.9172120693412528,-0.05663429996027675,-0.016836683835859914,0.09591639456701391,-0.0348139542002176,0.8207329327298915,-0.0005544081248052279,0.7864733866544791,21,normalized_compact_thermal,spline_ridge
21,60.5,0.30852069565625917,0.7392274515301446,0.584967103702015,0.8934877993582742,0.35263862218138997,0.8660049128098714,0.6896856017191764,1.0423242239005663,0.9475209184873719,-0.9172120693412528,-0.08151600567750047,-0.1250994102775217,0.08289180982311513,-0.017047030445078493,0.7223242748078584,-0.04087527520825218,0.7461525195710321,21,normalized_compact_thermal,spline_ridge
21,60.699999999999996,0.7109030658775751,0.8960728142243858,0.5406212812855982,1.2515243471631734,0.4355976113007824,0.8930037871378741,0.6752049814874829,1.1108025927882652,0.9475209184873719,-0.9172120693412528,-0.054517131349497774,0.08617569770403893,0.11165970056786306,-0.06238873215815233,0.9335839547597171,0.04208371391114024,0.8291115086904246,21,normalized_compact_thermal,spline_ridge
21,60.9,1.003503450455731,0.6592490849564459,0.15749735972858048,1.1610008101843112,0.4518955586345983,0.8790569660905105,0.6531091867732114,1.1050047454078098,0.9475209184873719,-0.9172120693412528,-0.06846395239686134,0.1229078785240214,0.0983927782548239,0.013077797018750004,0.8907133202504466,0.05838166124495614,0.8454094560242404,21,normalized_compact_thermal,spline_ridge
21,61.099999999999994,0.3588967726598261,1.0557141748447445,0.8762657885148315,1.2351625611746577,0.40528302757059614,0.8675760946328183,0.6649345808475202,1.0702176084181163,0.9475209184873719,-0.9172120693412528,-0.07994482385455359,0.014042446902867045,0.10114442973031117,-0.04580670727984343,0.8563727624210358,0.01176913018095399,0.7987969249602382,21,normalized_compact_thermal,spline_ridge
21,61.3,0.2747452289445637,0.58923261279272,0.4518599983204381,0.7266052272650019,0.4313266417935457,0.8935940912648664,0.6779307703680936,1.1092574121616392,0.9475209184873719,-0.9172120693412528,-0.05392682722250537,0.07632246301531448,0.10412223362039005,-0.0330436738144691,0.8956969574015605,0.03781274440390353,0.8248405391831879,21,normalized_compact_thermal,spline_ridge
21,61.5,0.3425600662029052,0.320890604397369,0.14961057129591643,0.49217063749882156,0.37249466923953845,0.9087309804075213,0.7224836457877521,1.0949783150272905,0.9475209184873719,-0.9172120693412528,-0.038789938079850546,-0.07032048269000975,0.0706544164147863,0.05738604633722172,0.6876032921418551,-0.021019228150103708,0.7660085666291806,21,normalized_compact_thermal,spline_ridge
21,61.699999999999996,0.6489261477709528,1.016283000291988,0.6918199264065116,1.3407460741774644,0.4044340280403204,0.9476751637993618,0.7454581497792016,1.149892177819522,0.9475209184873719,-0.9172120693412528,0.00015424531198996258,0.01194541847665933,0.09428188822843557,-0.016049750211863723,0.8249178062925046,0.010920130650678261,0.7979479254299626,21,normalized_compact_thermal,spline_ridge
21,61.9,0.26451696881971987,0.6678136589276538,0.5355551745177939,0.8000721433375138,0.47515580974715055,0.8888823374629148,0.6513044325893396,1.12646024233649,0.9475209184873719,-0.9172120693412528,-0.058638581024457063,0.17309956112710473,0.11978202297529542,-0.05905493352211244,1.0093665530164135,0.0816419123575084,0.8686697071367927,21,normalized_compact_thermal,spline_ridge
21,62.1,0.7979098368762568,0.6862955601851846,0.2873406417470561,1.085250478623313,0.43322292081720093,0.8837484519214122,0.6671369915128117,1.1003599123300125,0.9475209184873719,-0.9172120693412528,-0.06377246656595974,0.08070921455992786,0.10024588160593988,-0.013859417518633177,0.880305259153035,0.039709023427558776,0.8267368182068431,21,normalized_compact_thermal,spline_ridge
21,62.3,0.543977043905324,0.9598357783171985,0.6878472563645365,1.2318243002698603,0.4562013505542144,0.9008835082576645,0.6727828329805573,1.1289841835347718,0.9475209184873719,-0.9172120693412528,-0.0466374102297074,0.13239106064827955,0.09732796304508218,0.022132512946419103,0.8902701881620096,0.06268745316457225,0.8497152479438566,21,normalized_compact_thermal,spline_ridge
21,62.5,0.36790840790955814,1.3636060795424496,1.1796518755876706,1.5475602834972286,0.48229153450542783,0.9067957238560553,0.6656499566033414,1.1479414911087693,0.9475209184873719,-0.9172120693412528,-0.04072519463131655,0.18800556493794468,0.10769663643166692,0.0019798920177544477,0.9626031769931012,0.08877763711578568,0.87580543189507,21,normalized_compact_thermal,spline_ridge
21,62.699999999999996,1.1109443176948317,0.9790015883533879,0.42352942950597217,1.5344737472008037,0.44813257037032334,0.9126167667504448,0.6885504815652831,1.1366830519356064,0.9475209184873719,-0.9172120693412528,-0.034904151736927125,0.11454589500478134,0.10141346059501033,-0.0041570037767271195,0.9004221445173738,0.05461867298068118,0.8416464677599655,21,normalized_compact_thermal,spline_ridge
21,62.9,0.4658853799344832,1.51340699787179,1.2804643079045483,1.7463496878390314,0.4528500927507417,0.8956768304360029,0.669251784060632,1.1221018768113737,0.9475209184873719,-0.9172120693412528,-0.051844088051368926,0.12501793999564603,0.11140088369005081,-0.04398196433672952,0.9496821498382129,0.05933619536109952,0.8463639901403839,21,normalized_compact_thermal,spline_ridge
21,63.1,0.7265322957904196,1.0347319195489948,0.671465771653785,1.3979980674442045,0.4373657371883098,0.8922245995245343,0.6735417309303794,1.1109074681186892,0.9475209184873719,-0.9172120693412528,-0.05529631896283764,0.09022656263078853,0.09294397101289197,0.0228488789496214,0.8518825954269982,0.043851839798667636,0.8308796345779519,21,normalized_compact_thermal,spline_ridge
21,63.3,0.3458748501720813,0.9019563279860832,0.7290189029000425,1.0748937530721239,0.48219966858201824,0.9073524107818808,0.6662525764908717,1.1484522450728898,0.9475209184873719,-0.9172120693412528,-0.04016850770549108,0.1878150688019647,0.09972045822917622,0.037460643588703435,0.926938693575333,0.08868577119237608,0.8757135659716604,21,normalized_compact_thermal,spline_ridge
21,63.5,0.7464953373741509,1.2518369559436233,0.8785892872565478,1.6250846246306987,0.4268314962898696,0.900441993519961,0.6870262453750262,1.1138577416648958,0.9475209184873719,-0.9172120693412528,-0.04707892496741088,0.06584610343191286,0.08519065955042021,0.0468933016626597,0.8067696909170795,0.03331759890022745,0.8203453936795118,21,normalized_compact_thermal,spline_ridge
21,63.699999999999996,0.2565817529411382,0.6842555100861318,0.5559646336155628,0.812546386556701,0.4626717544967035,0.9008121851517162,0.6694763079033645,1.132148062400068,0.9475209184873719,-0.9172120693412528,-0.046708733335655575,0.14647463944809214,0.09979802599779665,0.017586788315394175,0.9077567206780128,0.06915785710706135,0.8561856518863457,21,normalized_compact_thermal,spline_ridge
21,63.9,0.38725988096305874,1.06467039682817,0.8710404563466406,1.2583003373096995,0.4295418742279443,0.889564009781792,0.6747930726678197,1.1043349468957642,0.9475209184873719,-0.9172120693412528,-0.05795690870557995,0.07217602232313927,0.09774190118736067,-0.006373068472763754,0.8654568169286524,0.03602797683830217,0.8230557716175865,21,normalized_compact_thermal,spline_ridge
21,64.1,0.3790910033695985,0.9294452771640385,0.7398997754792392,1.1189907788488378,0.43136271547964405,1.0388177295818903,0.8231363718420683,1.2544990873217123,0.9475209184873719,-0.9172120693412528,0.09129681109451852,0.07640609378185931,0.0667016913488835,0.13388268276928367,0.7288427481900044,0.0378488180900019,0.8248766128692862,21,normalized_compact_thermal,spline_ridge
21,64.3,0.8876858847131055,0.8191894763847372,0.37534653402818446,1.2630324187412898,0.4539994875326209,1.1067349895503968,0.8797352457840864,1.3337347333167073,0.9475209184873719,-0.9172120693412528,0.15921407106302496,0.12755285961705334,0.09826580062767111,0.015748028028683414,0.8922509470365585,0.06048559014297877,0.8475133849222631,21,normalized_compact_thermal,spline_ridge
21,64.5,0.24102939217965638,0.669126086554523,0.5486113904646948,0.7896407826443512,0.4744585548656426,0.902362864518373,0.6651335870855517,1.1395921419511943,0.9475209184873719,-0.9172120693412528,-0.04515805396899891,0.17163105973792347,0.10029489790717944,0.027157610815302435,0.9217594989159827,0.08094465747600044,0.8679724522552847,21,normalized_compact_thermal,spline_ridge
21,64.69999999999999,0.5645060880342242,0.3466194653949822,0.06436642137786998,0.6288725094120944,0.3984911214451205,0.8991184344674202,0.69987287374486,1.0983639951899804,0.9475209184873719,-0.9172120693412528,-0.04840248401995164,-0.002857991595778417,0.07860122681307403,0.04794085726776226,0.7490413856224787,0.0049772240554783465,0.7920050188347627,21,normalized_compact_thermal,spline_ridge
21,64.9,0.3099930406375069,0.6141879446578434,0.45919142433908994,0.7691844649765969,0.37989242423934183,0.9329370316050721,0.7429908194854012,1.1228832437247431,0.9475209184873719,-0.9172120693412528,-0.014583886882299724,-0.05065509110614892,0.07241342974211726,0.05693885270723098,0.7028459957714527,-0.013621473150300323,0.7734063216289839,21,normalized_compact_thermal,spline_ridge
21,65.1,0.26298404176132484,0.5372357437241654,0.40574372284350296,0.6687277646048279,0.41613154269516506,0.9999661508515792,0.7919003795039967,1.2080319221991618,0.9475209184873719,-0.9172120693412528,0.052445232364207374,0.04045820903887784,0.10899628388834229,-0.06997634213817105,0.9022394275285012,0.022617645305522904,0.8096454400848072,21,normalized_compact_thermal,spline_ridge
21,65.3,0.8361700270208905,0.8502832392272048,0.4321982257167595,1.26836825273765,0.41960406199447964,0.8933564756481688,0.683554444650929,1.1031585066454086,0.9475209184873719,-0.9172120693412528,-0.054164442839203075,0.04876834746948085,0.09965353223343693,-0.024836482600526177,0.8640446065894855,0.026090164604837485,0.8131179593841218,21,normalized_compact_thermal,spline_ridge
21,65.5,0.3220082995254324,0.39721933340962645,0.23621518364691024,0.5582234831723427,0.4523971147492027,0.9056306280643297,0.6794320706897283,1.131829185438931,0.9475209184873719,-0.9172120693412528,-0.04189029042304212,0.12401715692646155,0.0946055653257686,0.030469782794630584,0.8743244467037747,0.058883217359560536,0.8459110121388449,21,normalized_compact_thermal,spline_ridge
21,65.69999999999999,0.45460502788808077,0.35086764416299077,0.12356513021895037,0.5781701581070312,0.4703362562720503,0.9117301557809104,0.6765620276448853,1.1468982839169355,0.9475209184873719,-0.9172120693412528,-0.03579076270646144,0.1629046681355305,0.10796109738202912,-0.011154844345895476,0.951827356889996,0.07682235888240813,0.8638501536616925,21,normalized_compact_thermal,spline_ridge
21,65.9,0.5918902352959562,0.4795707412244642,0.18362562357648604,0.7755158588724423,0.42196055058376486,0.897042830615396,0.6860625553235136,1.1080231059072785,0.9475209184873719,-0.9172120693412528,-0.0504780878719758,0.05436861799641713,0.08681153662179325,0.034793475332081936,0.8091276258354478,0.028446653194122706,0.8154744479734071,21,normalized_compact_thermal,spline_ridge
21,66.1,0.23313018600879928,0.79337135779213,0.6768062647877303,0.9099364507965295,0.4030891962477125,0.8746098238605373,0.673065225736681,1.0761544219843935,0.9475209184873719,-0.9172120693412528,-0.07291109462683455,0.00861465845527137,0.10503795908216854,-0.06536512435050157,0.8715435168459266,0.009575298858070347,0.7966030936373547,21,normalized_compact_thermal,spline_ridge
21,66.3,0.3702080249530661,1.0054774197223566,0.8203734072458236,1.1905814321988897,0.38948638122803697,0.8880169385452741,0.6932737479312556,1.0827601291592925,0.9475209184873719,-0.9172120693412528,-0.05950397994209783,-0.025714309696081593,0.09246070297583257,-0.022875170472465622,0.8018479329285395,-0.0040275161616051824,0.7830002786176791,21,normalized_compact_thermal,spline_ridge
21,66.5,0.7735005306663282,0.7954196372001643,0.4086693718670002,1.1821699025333283,0.41497300006265947,0.8732324406638847,0.665745940632555,1.0807189406952145,0.9475209184873719,-0.9172120693412528,-0.07428847782348709,0.0376702483833374,0.09805253558489789,-0.022327327759049498,0.8522733278843684,0.021459102673017316,0.8084868974523016,21,normalized_compact_thermal,spline_ridge
21,66.69999999999999,0.557745691644367,0.8050866438029242,0.5262137979807406,1.0839594896251077,0.4335668659522386,0.8904623162111462,0.6736788832350269,1.1072457491872656,0.9475209184873719,-0.9172120693412528,-0.05705860227622559,0.08150282140287712,0.09081905807910429,0.028526816416099,0.8386069154883782,0.040052968562596436,0.8270807633418807,21,normalized_compact_thermal,spline_ridge
21,66.9,0.5949350489787127,0.9287883175205571,0.6313207930312009,1.2262558420099134,0.4714975782117025,0.883810280436612,0.6480614913307607,1.1195590695424633,0.9475209184873719,-0.9172120693412528,-0.06371063805075984,0.16537075607097984,0.1028931626340764,0.012608743954730883,0.9303864124686742,0.07798368082206036,0.8650114756013447,21,normalized_compact_thermal,spline_ridge
21,67.1,0.8619256406826293,1.0276752531597062,0.5967124328183916,1.458638073501021,0.41144971123917173,0.8923141830045564,0.6865893273849706,1.0980390386241423,0.9475209184873719,-0.9172120693412528,-0.055206735482815364,0.02914359459790872,0.09382024768383311,-0.006975216007413909,0.8298746384857574,0.01793581384952958,0.8049636086288139,21,normalized_compact_thermal,spline_ridge
21,67.3,0.2913782542081174,0.5546185185253452,0.40892939142128637,0.7003076456294038,0.4331266821045845,0.8863768169693912,0.6698134759170989,1.1029401580216835,0.9475209184873719,-0.9172120693412528,-0.061144101517980616,0.08048704394269031,0.09618390838222857,0.004160165167310381,0.8620931990418585,0.03961278471494234,0.8266405794942266,21,normalized_compact_thermal,spline_ridge
21,67.69999999999999,0.228586762213206,0.5591646333175179,0.4448712522109149,0.6734580144241209,0.4666048537228589,0.8808683511809491,0.6475659243195196,1.1141707780423786,0.9475209184873719,-0.9172120693412528,-0.06665256730642276,0.15493955221308514,0.10911980792028776,-0.020053930680196563,0.9532636381259144,0.07309095633321677,0.860118751112501,21,normalized_compact_thermal,spline_ridge
21,67.9,0.3224310948993481,0.5553970684648424,0.39418152101516835,0.7166126159145165,0.43700303071151514,0.8830435612025768,0.6645420458468192,1.1015450765583343,0.9475209184873719,-0.9172120693412528,-0.0644773572847951,0.089396920697282,0.09803232961712123,-0.00020718137499142752,0.8742132427980217,0.043489133321872986,0.8305169281011573,21,normalized_compact_thermal,spline_ridge
21,68.1,0.36685005836454937,0.6946059756992404,0.5111809465169658,0.8780310048815152,0.4330655171102297,0.8769082974789355,0.6603755389238206,1.0934410560340504,0.9475209184873719,-0.9172120693412528,-0.07061262100843632,0.08034581663883825,0.09867598426263637,-0.007015302919342492,0.8731463371398019,0.03955161972058757,0.8265794144998719,21,normalized_compact_thermal,spline_ridge
21,68.3,0.7726122123273048,0.9553248017462664,0.569018695582614,1.341630907909919,0.4255759239033419,0.867712413000212,0.654924451048541,1.080500374951883,0.9475209184873719,-0.9172120693412528,-0.07980850548715994,0.06290015701043797,0.10413364067730668,-0.038845265552038155,0.889997113358722,0.03206202651369977,0.819089821292984,21,normalized_compact_thermal,spline_ridge
21,68.5,0.7608288685458667,0.8422430710840015,0.4618286368110682,1.2226575053569348,0.4361574673224519,0.8760571603363448,0.6579784266751189,1.0941358939975707,0.9475209184873719,-0.9172120693412528,-0.07146375815102704,0.08746013208788722,0.10201209329644903,-0.018801923316567548,0.8911168579614714,0.042643569932809766,0.8296713647120941,21,normalized_compact_thermal,spline_ridge
21,68.7,0.20826386015530204,0.5688068966501021,0.464674966572451,0.6729388267277531,0.4418387694154184,0.8874345943678327,0.6665152096601235,1.108353979075542,0.9475209184873719,-0.9172120693412528,-0.0600863241195392,0.10040183081196252,0.09913704242616982,-0.00029830428322374924,0.8839758431140605,0.04832487202577623,0.8353526668050606,21,normalized_compact_thermal,spline_ridge
21,68.9,0.5322585573902576,0.8321779087200023,0.5660486300248735,1.0983071874151311,0.4231334722518176,0.8870792574359725,0.6755125213100637,1.0986459935618813,0.9475209184873719,-0.9172120693412528,-0.0604416610513994,0.057144456872328275,0.0892066056888164,0.025284730463750127,0.820982214039885,0.029619574862175424,0.8166473696414598,21,normalized_compact_thermal,spline_ridge
21,69.1,0.2876470720077002,0.6823724349246103,0.5385488989207602,0.8261959709284604,0.4591541959738341,0.8945853468615932,0.6650082488746761,1.1241624448485101,0.9475209184873719,-0.9172120693412528,-0.05293557162577872,0.13884288294562425,0.11057417036396151,-0.03399083755675614,0.9522992295044244,0.06564029858419196,0.8526680933634763,21,normalized_compact_thermal,spline_ridge
21,69.3,0.600838991433389,0.8217756317193766,0.5213561360026822,1.122195127436071,0.46911627464410643,0.910610400159092,0.6760522628370388,1.1451685374811453,0.9475209184873719,-0.9172120693412528,-0.03691051832827981,0.16030744842813066,0.11753023215619793,-0.055051802645094794,0.9932843519333077,0.07560237725446428,0.8626301720337486,21,normalized_compact_thermal,spline_ridge
21,69.5,0.5634644726301649,0.6151088468569882,0.33337661054190576,0.8968410831720707,0.45875739339458904,0.9104729973513361,0.6810943006540416,1.1398516940486307,0.9475209184873719,-0.9172120693412528,-0.037047921136035764,0.13797830598950284,0.10143881627443128,0.006354736532677763,0.9111600502565003,0.06524349600494689,0.8522712907842311,21,normalized_compact_thermal,spline_ridge
21,69.7,0.6227845411155951,1.0812435250087569,0.7698512544509594,1.3926357955665545,0.4349493804687682,0.8937353766990976,0.6762606864647136,1.1112100669334817,0.9475209184873719,-0.9172120693412528,-0.053785541788274195,0.08468644793820168,0.09350832754875053,0.01791557254930798,0.8519831883882284,0.041435483079126034,0.8284632778584103,21,normalized_compact_thermal,spline_ridge
21,69.9,0.2896959125719238,0.9843471943206876,0.8394992380347258,1.1291951506066495,0.4623593914716821,0.9124957811242052,0.6813160853883641,1.1436754768600461,0.9475209184873719,-0.9172120693412528,-0.03502513736316675,0.14579928264901487,0.1006165051784986,0.013624124847848196,0.9110946580955159,0.06884549408203994,0.8558732888613243,21,normalized_compact_thermal,spline_ridge
21,70.1,0.4096906164148156,0.45795434212221725,0.25310903391480943,0.6627996503296251,0.40259647710028373,0.8833482022189372,0.6820499636687953,1.084646440769079,0.9475209184873719,-0.9172120693412528,-0.06417271626843464,0.007391553154648633,0.09404898969782462,-0.016848606913369646,0.8220415611139371,0.00908257971064158,0.7961103744899258,21,normalized_compact_thermal,spline_ridge
21,70.3,0.5605993148842392,0.80784925406924,0.5275495966271204,1.0881489115113596,0.45754879557217504,0.9116948947530085,0.6829204969669209,1.140469292539096,0.9475209184873719,-0.9172120693412528,-0.035826023734363395,0.13534032637560028,0.10534173009333289,-0.012260300422437531,0.9273578915667876,0.06403489818253288,0.8510626929618172,21,normalized_compact_thermal,spline_ridge
21,70.5,0.9995589513214462,0.9647855298007546,0.46500605414003154,1.4645650054614776,0.49015483484998773,0.8982701248323152,0.6531927074073213,1.143347542257309,0.9475209184873719,-0.9172120693412528,-0.04925079365505674,0.2041781210393947,0.10866451595307523,0.005526587702587793,0.9747830819973877,0.09664093746034558,0.8836687322396299,21,normalized_compact_thermal,spline_ridge
21,70.7,0.37108313979739316,0.548633599632498,0.3630920297338015,0.7341751695311947,0.4687854283074404,0.9083766165475816,0.6739839023938614,1.1427693307013018,0.9475209184873719,-0.9172120693412528,-0.03914430193979019,0.1596019451768887,0.09999770150901288,0.022809937816974157,0.9147609187979067,0.07527153091779826,0.8622993256970826,21,normalized_compact_thermal,spline_ridge
21,70.9,0.8602508131073265,0.7224545858525853,0.292329179298922,1.1525799924062485,0.47287051011440867,0.9081208337383049,0.6716855786811006,1.1445560887955093,0.9475209184873719,-0.9172120693412528,-0.039400084749067005,0.1682783783994739,0.10641325856455434,-0.0017174500772416113,0.9474584703060589,0.07935661272476652,0.8663844075040508,21,normalized_compact_thermal,spline_ridge
21,71.1,0.525107206941972,0.7422046528021385,0.47965104933115255,1.0047582562731245,0.46881039428085625,0.899633663677659,0.6652284665372308,1.1340388608180871,0.9475209184873719,-0.9172120693412528,-0.04788725480971286,0.15965520047692378,0.10941714388222729,-0.019174466116600786,0.9567952546783133,0.0752964968912141,0.8623242916704984,21,normalized_compact_thermal,spline_ridge
21,71.3,0.25646494277835924,0.8261108414652072,0.6978783700760275,0.9543433128543869,0.47108856412954203,0.9094270412889568,0.6738827592241858,1.1449713233537278,0.9475209184873719,-0.9172120693412528,-0.03809387719841509,0.16450290094462267,0.10068959659506467,0.0220273202096124,0.9201498080494717,0.07757466673989988,0.8646024615191842,21,normalized_compact_thermal,spline_ridge
21,71.5,0.30425431559053073,1.0552018140490174,0.9030746562537519,1.2073289718442826,0.48305560164346406,0.9145268599610964,0.6729990591393644,1.1560546607828284,0.9475209184873719,-0.9172120693412528,-0.03299405852627545,0.18958855466045627,0.10264976290456938,0.025252295474779085,0.940858907812149,0.08954170425382191,0.8765694990331062,21,normalized_compact_thermal,spline_ridge
21,71.7,0.5252367827375387,1.1326148703861785,0.8699964790174092,1.3952332617549479,0.45722731124175875,0.9009196334889265,0.6723059778680471,1.1295332891098058,0.9475209184873719,-0.9172120693412528,-0.04660128499844543,0.13463745637001795,0.1083620248488964,-0.026051868711901738,0.9405064911954193,0.0637134138521166,0.8507412086314009,21,normalized_compact_thermal,spline_ridge
21,71.9,0.4351932962769164,1.2180789543343105,1.000482306195852,1.4356756024727686,0.4824109520688763,0.9105109898433003,0.6693055138088622,1.1517164658777383,0.9475209184873719,-0.9172120693412528,-0.03700992864407165,0.18825313880806605,0.11763095046698956,-0.0422063145254673,1.00702821866322,0.08889705467923414,0.8759248494585185,21,normalized_compact_thermal,spline_ridge
21,72.1,0.30426057037103305,0.995849403151842,0.8437191179663255,1.1479796883373585,0.4907176778248278,0.953713910589903,0.7083550716774891,1.1990727495023168,0.9475209184873719,-0.9172120693412528,0.006192992102531151,0.2053257585342626,0.1542154085752005,-0.1970610555124963,1.1784964111621519,0.09720378043518563,0.8842315752144699,21,normalized_compact_thermal,spline_ridge
21,72.3,0.34623993623666166,0.9390761950538906,0.7659562269355596,1.1121961631722215,0.4434108148370539,0.9126536822863733,0.6909482748678464,1.1343590897049003,0.9475209184873719,-0.9172120693412528,-0.03486723620099849,0.10395347794539835,0.17334003353522426,-0.3296610189244241,1.2164826485985318,0.04989691744741176,0.8369247122266961,21,normalized_compact_thermal,spline_ridge
21,72.5,1.1432536103142,0.7095785954389058,0.13795179028180582,1.2812054005960059,0.5346273474886328,0.9217217234307583,0.654408049686442,1.1890353971750747,0.9475209184873719,-0.9172120693412528,-0.025799195056613593,0.2910267478035072,0.12649387154885045,-0.029517283405228634,1.0987719783824943,0.14111345009899068,0.928141244878275,21,normalized_compact_thermal,spline_ridge
21,72.7,0.5416280930068657,1.4003318233839692,1.1295177768805365,1.671145869887402,0.41338347962002436,0.8968588459417434,0.6901671061317312,1.1035505857517556,0.9475209184873719,-0.9172120693412528,-0.050662072545628496,0.033832474592560204,0.08558953356906185,0.03166636374339382,0.7951005954966549,0.01986958223038221,0.8068973770096666,21,normalized_compact_thermal,spline_ridge
21,72.9,0.3866617140012383,1.2637791395817537,1.0704482825811346,1.4571099965823728,0.46804801114096334,0.9233148306875105,0.6892908251170289,1.1573388362579922,0.9475209184873719,-0.9172120693412528,-0.024206087799861366,0.15802766892302422,0.09417242212675228,0.04805243609398874,0.8880435861879379,0.07453411375132118,0.8615619085306054,21,normalized_compact_thermal,spline_ridge
21,73.1,0.8611791188250588,1.2862536551723753,0.855664095759846,1.7168432145849049,0.49525469346094364,0.9209080609653266,0.6732807142348548,1.1685354076957983,0.9475209184873719,-0.9172120693412528,-0.026612857522045175,0.21452895284581014,0.11617629123191912,-0.022875000358554276,1.0133843872804416,0.10174079607130149,0.8887685908505858,21,normalized_compact_thermal,spline_ridge
21,73.3,0.3449445667909031,1.0320722849319905,0.8596000015365389,1.204544568327442,0.489817034217662,0.9190667941390849,0.6741582770302539,1.1639753112479159,0.9475209184873719,-0.9172120693412528,-0.02845412434828693,0.20348871217702313,0.130305606531306,-0.09132739119914723,1.0709614596344712,0.09630313682801983,0.8833309316073041,21,normalized_compact_thermal,spline_ridge
21,73.5,0.5362072407067371,1.1562485311906272,0.8881449108372588,1.4243521515439959,0.4303463167459376,0.9038167605871249,0.6886436022141561,1.1189899189600938,0.9475209184873719,-0.9172120693412528,-0.04370415790024697,0.07404706267726785,0.09434310402652336,0.009589524762777801,0.8511031087290974,0.03683241935629544,0.8238602141355797,21,normalized_compact_thermal,spline_ridge
21,73.7,0.29038258210449786,1.427822311227434,1.2826310201751852,1.573013602279683,0.4541932860094472,0.9497603994171437,0.7226637564124201,1.1768570424218674,0.9475209184873719,-0.9172120693412528,0.002239480929771874,0.12797963790777234,0.12177260628588392,-0.08889517499637622,0.9972817470152706,0.06067938861980504,0.8477071833990893,21,normalized_compact_thermal,spline_ridge
21,73.9,0.7861271355279753,1.0565148252259329,0.6634512574619452,1.4495783929899204,0.5039014112111968,0.9228740075921869,0.6709233019865884,1.1748247131977854,0.9475209184873719,-0.9172120693412528,-0.02464691089518505,0.23183742661963264,0.11619022348816375,-0.014290418484611989,1.0220932409070056,0.11038751382155465,0.897415308600839,21,normalized_compact_thermal,spline_ridge
21,74.1,0.6248305915481025,1.1807470585306348,0.8683317627565835,1.4931623543046861,0.47291073613676177,0.9303947434614195,0.6939393753930386,1.1668501115298004,0.9475209184873719,-0.9172120693412528,-0.017126175025952355,0.1683634425145361,0.09711992103744674,0.03976973621921054,0.906051736054313,0.07939683874711961,0.8664246335264039,21,normalized_compact_thermal,spline_ridge
21,74.3,1.3232749534353008,0.8347317269735167,0.17309425025586642,1.496369203691167,0.46178620821678595,0.9164530421746339,0.6855599380662409,1.1473461462830268,0.9475209184873719,-0.9172120693412528,-0.031067876312737955,0.14455882156022576,0.10588019660965445,-0.010424371663009246,0.9339967880965812,0.0682723108271438,0.8553001056064281,21,normalized_compact_thermal,spline_ridge
21,74.5,0.5178976213322087,1.182531908622463,0.9235830979563588,1.4414807192885675,0.4631092866850346,0.9204373681785852,0.6888827248360679,1.1519920115211026,0.9475209184873719,-0.9172120693412528,-0.02708355030878657,0.14741985694865384,0.1154371078088206,-0.05172375446441091,0.9779423278344801,0.06959538929539244,0.8566231840746767,21,normalized_compact_thermal,spline_ridge
21,74.7,0.2499262667965718,0.7091650079695695,0.5842018745712836,0.8341281413678555,0.49163478311115166,0.9236716017204086,0.6778542101648328,1.1694889932759844,0.9475209184873719,-0.9172120693412528,-0.023849316766963245,0.2071929204526875,0.10083855238795579,0.04190921759388988,0.9413603486284134,0.09812088572150951,0.8851486805007938,21,normalized_compact_thermal,spline_ridge
21,74.9,0.45272613495434194,0.3419794895891723,0.11561642211200127,0.5683425570663433,0.4714238055119274,0.9280361159772935,0.6923242132213299,1.1637480187332572,0.9475209184873719,-0.9172120693412528,-0.019484802510078295,0.1652142791871185,0.1266013404822021,-0.09320012150115209,1.0360477325250068,0.07790990812228527,0.8649377029015696,21,normalized_compact_thermal,spline_ridge
21,75.1,0.44548187168386727,0.49274891089655976,0.27000797505462604,0.7154898467384935,0.49841808982493685,0.9272753754940147,0.6780663305815463,1.1764844204064833,0.9475209184873719,-0.9172120693412528,-0.020245542993357082,0.22089605297010484,0.11784277115232264,-0.027143866823396978,1.0239800464732707,0.1049041924352947,0.891931987214579,21,normalized_compact_thermal,spline_ridge
21,75.3,0.2620831178708478,0.6559057464399268,0.5248641875045029,0.7869473053753507,0.4662186392652178,0.9094111560298062,0.6763018363971973,1.142520475662415,0.9475209184873719,-0.9172120693412528,-0.0381097624575657,0.1541114974254164,0.12533356136303506,-0.0927511736435177,1.0251884521739534,0.07270474187557563,0.8597325366548599,21,normalized_compact_thermal,spline_ridge
21,75.5,0.29134381830927364,0.596667493629391,0.4509955844747542,0.7423394027840279,0.42149775880446766,0.9322117033092231,0.7214628239069892,1.1429605827114568,0.9475209184873719,-0.9172120693412528,-0.015309215178148731,0.05327125059701457,0.13938140779531671,-0.20012344617058336,1.0431189637795186,0.027983861414825506,0.8150116561941099,21,normalized_compact_thermal,spline_ridge
21,75.7,0.2107004693996418,0.5604638945190932,0.4551136598192722,0.6658141292189141,0.4861709341417793,0.9311604234138753,0.6880749563429857,1.174245890484765,0.9475209184873719,-0.9172120693412528,-0.016360495073496517,0.19601706876302605,0.13758444154462002,-0.1274360575768096,1.0997779258603682,0.09265703675213716,0.8796848315314214,21,normalized_compact_thermal,spline_ridge
21,75.9,0.2851144584160791,0.6276849876199624,0.4851277584119228,0.7702422168280019,0.4422975391083808,0.9152045938107423,0.6940558242565519,1.1363533633649328,0.9475209184873719,-0.9172120693412528,-0.03231632467662959,0.10143961136619073,0.10158590607903333,-0.01076111730915652,0.8953561955259182,0.04878364171873867,0.8358114364980229,21,normalized_compact_thermal,spline_ridge
21,76.1,0.4308852820579401,0.8814710751362895,0.6660284341073195,1.0969137161652596,0.4090977317017203,0.9059898550850324,0.7014409892341722,1.1105387209358926,0.9475209184873719,-0.9172120693412528,-0.04153106340233949,0.0234108706731826,0.08947508078750406,0.010051629254208938,0.8081438341492317,0.01558383431207816,0.8026116290913625,21,normalized_compact_thermal,spline_ridge
21,76.3,0.7576331729375547,1.4268933311919785,1.0480767447232011,1.8057099176607558,0.447072289661501,0.9094450005166128,0.6859088556858624,1.1329811453473633,0.9475209184873719,-0.9172120693412528,-0.03807591797075908,0.11217709373492774,0.1024414074794388,-0.009801781019600497,0.9039463603426025,0.05355839227185882,0.8405861870511431,21,normalized_compact_thermal,spline_ridge
21,76.5,0.23061038573356388,1.1570021509959767,1.0416969581291946,1.2723073438627588,0.45938579198375573,0.9167510245187707,0.6870581285268929,1.1464439205106485,0.9475209184873719,-0.9172120693412528,-0.03076989396860124,0.13934715280402044,0.11414997352022065,-0.049706813765444835,0.9684783977329563,0.06587189459411358,0.8528996893733979,21,normalized_compact_thermal,spline_ridge
21,76.7,0.38802156161790263,0.5583728719239691,0.3643620911150177,0.7523836527329204,0.4663457500279832,0.9147970939577341,0.6816242189437425,1.1479699689717258,0.9475209184873719,-0.9172120693412528,-0.032723824529637735,0.15438410222356652,0.13909785878161332,-0.1540108667759782,1.0867023668319447,0.07283185263834102,0.8598596474176253,21,normalized_compact_thermal,spline_ridge
21,76.9,0.3316535965406598,0.5669345939247104,0.40110779565438043,0.7327613921950402,0.48781525624198513,0.9153002421162691,0.6713926139952766,1.1592078702372617,0.9475209184873719,-0.9172120693412528,-0.03222067637110269,0.19939355126068964,0.1334867538960176,-0.10751663283539487,1.083147145319365,0.09430135885234298,0.8813291536316272,21,normalized_compact_thermal,spline_ridge
21,77.1,0.2378745126789183,1.3770936760972425,1.2581564197577835,1.4960309324367018,0.42061275746796967,0.9052916117142465,0.6949852329802617,1.1155979904482314,0.9475209184873719,-0.9172120693412528,-0.042229306773125294,0.05116938476061191,0.09033411417228576,0.01773548861018659,0.8234900263257527,0.027098860078327514,0.8141266548576118,21,normalized_compact_thermal,spline_ridge
21,77.3,0.9250997648943424,1.2549128576970432,0.7923629752498719,1.7174627401442144,0.4268264807113378,0.9052390149362955,0.6918257745806267,1.1186522552919644,0.9475209184873719,-0.9172120693412528,-0.042281903551076305,0.06583435264022111,0.08554323430145287,0.04531585296663093,0.8083371084560447,0.03331258332169562,0.8203403781009799,21,normalized_compact_thermal,spline_ridge
21,77.5,0.5655075977238124,1.020500920053865,0.7377471211919587,1.3032547189157713,0.47298960493547276,0.9116707700553321,0.6751759675875958,1.1481655725230686,0.9475209184873719,-0.9172120693412528,-0.035850148432039694,0.16853020172894628,0.10454557797908838,0.006731233850504392,0.9392479760204411,0.07947570754583061,0.8665035023251149,21,normalized_compact_thermal,spline_ridge
21,77.7,0.3652347582598599,0.5728884779636279,0.3902710988336979,0.7555058570935578,0.4562632704498785,0.897934523660436,0.6698028884354967,1.1260661588853753,0.9475209184873719,-0.9172120693412528,-0.04958639482693578,0.1325267807503718,0.1300677799189701,-0.12382048218658054,1.0363470230863376,0.06274937306023637,0.8497771678395207,21,normalized_compact_thermal,spline_ridge
21,77.9,0.818452120717433,0.6048041236735536,0.1955780633148371,1.01403018403227,0.4076863384207205,0.8880860705864722,0.6842429013761119,1.0919292397968323,0.9475209184873719,-0.9172120693412528,-0.05943484790089973,0.019954890721049293,0.10026811260563587,-0.03949514700393564,0.8548678238453766,0.014172441031078342,0.8012002358103627,21,normalized_compact_thermal,spline_ridge
21,78.1,0.5484066812268649,1.0329990071865325,0.7587956665731002,1.307202347799965,0.4374673195816023,0.9105522073124218,0.6918185475216206,1.1292858671032229,0.9475209184873719,-0.9172120693412528,-0.036968711174950084,0.0904587952675481,0.09728108014364045,0.003607573029406952,0.8713270661337976,0.043953422191960134,0.8309812169712445,21,normalized_compact_thermal,spline_ridge
21,78.3,0.9204495390402888,1.0281451825286232,0.567920413008479,1.4883699520487677,0.4451922662260439,0.9051033464608529,0.6825072133478309,1.1276994795738748,0.9475209184873719,-0.9172120693412528,-0.042417572026518975,0.10796303814970057,0.13252440508593252,-0.14584768437551088,1.0362322168275986,0.051678368836401756,0.8387061636156861,21,normalized_compact_thermal,spline_ridge
21,78.5,0.3702588609589158,0.505237109799892,0.32010767932043416,0.69036654027935,0.46846306010625105,0.8988627442431484,0.6646312141900228,1.133094274296274,0.9475209184873719,-0.9172120693412528,-0.04865817424422343,0.15891404177050972,0.13317751764675506,-0.12548967939207722,1.0624157996045793,0.0749491627166089,0.8619769574958932,21,normalized_compact_thermal,spline_ridge
21,78.7,0.2819317388019862,0.7737709076344761,0.632805038233483,0.9147367770354693,0.4637055368387763,0.9087064035577932,0.676853635138405,1.1405591719771813,0.9475209184873719,-0.9172120693412528,-0.03881451492957861,0.14870652224762435,0.09964974529583552,0.019281881445509685,0.9081291922320429,0.07019163944913415,0.8572194342284185,21,normalized_compact_thermal,spline_ridge
21,78.9,1.1530916516181038,0.9736509179985842,0.39710509218953227,1.550196743807636,0.4213349626116604,0.9041905355562376,0.6935230542504074,1.1148580168620679,0.9475209184873719,-0.9172120693412528,-0.04333038293113418,0.05288494334838686,0.09101975340330351,0.015399840545870513,0.8272700846774503,0.02782106522201827,0.8148488600013026,21,normalized_compact_thermal,spline_ridge
21,79.1,0.28140384879808816,1.2083959707748662,1.067694046375822,1.3490978951739103,0.4521553138467948,0.9074559471610258,0.6813782902376284,1.1335336040844233,0.9475209184873719,-0.9172120693412528,-0.040064971326345976,0.12348252587463245,0.12241027412499389,-0.09377705479916004,0.9980876824927496,0.05864141645715265,0.845669211236437,21,normalized_compact_thermal,spline_ridge
21,79.3,0.5718965054316675,1.5087065344559565,1.2227582817401226,1.7946547871717902,0.4468718700642728,0.9000139637238043,0.6765780286916678,1.1234498987559407,0.9475209184873719,-0.9172120693412528,-0.047506954763567644,0.1117286997308824,0.11871743181854987,-0.08259094844135334,0.9763346885698989,0.05335797267463066,0.840385767453915,21,normalized_compact_thermal,spline_ridge
21,79.5,0.3510486616030863,1.1918214059808478,1.0162970751793048,1.367345736782391,0.4199902469264049,0.9042373535186606,0.6942422300554582,1.114232476981863,0.9475209184873719,-0.9172120693412528,-0.04328356496871121,0.049688279763106344,0.09623766226200142,-0.0092160046501229,0.8491964985029328,0.026476349536762755,0.8135041443160471,21,normalized_compact_thermal,spline_ridge
21,79.7,1.0729504880837248,1.0164900353471875,0.48001479130532504,1.5529652793890498,0.4390606538591399,0.9063166059376244,0.6867862790080544,1.1258469328671943,0.9475209184873719,-0.9172120693412528,-0.041204312549747386,0.0940943575788096,0.09824829614863376,0.0008872618358210516,0.8772340458824588,0.04554675646949774,0.8325745512487821,21,normalized_compact_thermal,spline_ridge
21,79.9,0.4236888269930093,1.3582505643116365,1.146406150815132,1.5700949778081412,0.509945850954924,0.9532781267414664,0.6983052012640044,1.2082510522189285,0.9475209184873719,-0.9172120693412528,0.005757208254094529,0.24376133584237725,0.16269875580050172,-0.2156674014034563,1.2355591033133042,0.1164319535652818,0.9034597483445661,21,normalized_compact_thermal,spline_ridge
21,80.1,0.2289110970026095,0.7351875637699437,0.6207320152686389,0.8496431122712484,0.44246495785747525,0.8892821587735821,0.6680496798448444,1.1105146377023196,0.9475209184873719,-0.9172120693412528,-0.05823875971378974,0.1018180603887629,0.1049094444400681,-0.02541620576131781,0.9103461214762683,0.048951060467833096,0.8359788552471175,21,normalized_compact_thermal,spline_ridge
21,80.3,0.2185676064424198,0.6292976657339502,0.5200138625127403,0.7385814689551601,0.38615628623081033,0.9093429177430741,0.7162647746276689,1.1024210608584792,0.9475209184873719,-0.9172120693412528,-0.038178000744297814,-0.03430103551220122,0.07952664285287521,0.031478798467009184,0.7408337739946115,-0.007357611158831823,0.7796701836204525,21,normalized_compact_thermal,spline_ridge
21,80.5,0.4683313404357623,1.1482255551510998,0.9140598849332187,1.3823912253689807,0.45807836170684046,0.9089504279345735,0.6799112470811532,1.1379896087879937,0.9475209184873719,-0.9172120693412528,-0.038570490552798396,0.13649705526792968,0.09669279490598211,0.026842283433553882,0.889314439980127,0.06456446431719831,0.8515922590964826,21,normalized_compact_thermal,spline_ridge
21,80.7,0.3897841336647672,1.1005802089733931,0.9056881421410096,1.2954722758057766,0.49004557288028516,0.954924566164279,0.7099017797241365,1.1999473526044215,0.9475209184873719,-0.9172120693412528,0.0074036476769072075,0.20395518301714244,0.17817565566512092,-0.3045924460900883,1.2846835918506585,0.09653167549064301,0.8835594702699273,21,normalized_compact_thermal,spline_ridge
21,80.9,1.0181989678939019,1.0015644670143005,0.4924649830673494,1.5106639509612514,0.4971079784080723,0.9109104542663998,0.6623564650623637,1.159464443470436,0.9475209184873719,-0.9172120693412528,-0.03661046422097206,0.21826405323654124,0.12156012882542831,-0.04503286342036117,1.0392488202365058,0.10359408101843015,0.8906218757977145,21,normalized_compact_thermal,spline_ridge
21,81.1,0.4281404050130749,0.46910590092824145,0.255035698421704,0.6831761034347789,0.45534019863974323,0.9232108449260401,0.6955407456061685,1.1508809442459118,0.9475209184873719,-0.9172120693412528,-0.024310073561331698,0.13050161924777604,0.08580917025631975,0.07264353445498767,0.8380368628244987,0.06182630125010108,0.8488540960293853,21,normalized_compact_thermal,spline_ridge
21,81.3,0.7306792057712037,0.8168773663604474,0.45153776347484553,1.1822169692460494,0.4606631094490674,0.9114566053075062,0.6811250505829725,1.1417881600320399,0.9475209184873719,-0.9172120693412528,-0.036064313179865644,0.14212378409821552,0.09441441046180898,0.03958830093180993,0.881737917966325,0.06714921205942526,0.8541770068387096,21,normalized_compact_thermal,spline_ridge
21,81.5,0.35761864126852083,0.9381145883412584,0.759305267706998,1.1169239089755187,0.454147478486488,0.914054981069383,0.686981241826139,1.141128720312627,0.9475209184873719,-0.9172120693412528,-0.0334659374179889,0.1278787781318193,0.11147271028941898,-0.04300491499272108,0.9512998719656971,0.06063358109684586,0.8476613758761302,21,normalized_compact_thermal,spline_ridge
21,81.7,0.6585714040171747,0.819540180907184,0.49025447889859647,1.1488258829157714,0.46849719366145537,0.9105598330972062,0.6763112362664785,1.144808429927934,0.9475209184873719,-0.9172120693412528,-0.0369610853901656,0.1589869019693968,0.10079549833539103,0.0189636430797413,0.9180307442431694,0.07498329627181322,0.8620110910510975,21,normalized_compact_thermal,spline_ridge
21,81.9,0.5150528067936591,0.319934904751922,0.062408501355092516,0.5774613081487515,0.4522815467221792,0.9161919991111077,0.6900512257500181,1.1423327724721972,0.9475209184873719,-0.9172120693412528,-0.03132891937626411,0.12376166725355556,0.13246920588084662,-0.13851222329530838,1.0430753167396667,0.05876764933253703,0.8457954441118214,21,normalized_compact_thermal,spline_ridge
21,82.1,0.3265437566425545,0.8795999573737698,0.7163280790524925,1.042871835695047,0.4018469094580688,0.8734748253934901,0.6725513706644557,1.0743982801225245,0.9475209184873719,-0.9172120693412528,-0.07404609309388173,0.005527984203321186,0.09897841023586211,-0.03958268729047887,0.8432765062066164,0.008333012068426626,0.7953608068477109,21,normalized_compact_thermal,spline_ridge
21,82.3,0.20704168239826032,0.7230728092835829,0.6195519680844527,0.826593650482713,0.4536408970087354,0.9089133986731397,0.682092950168772,1.1357338471775074,0.9475209184873719,-0.9172120693412528,-0.038607519814232105,0.12676269966240575,0.0902425610958227,0.05117194181782042,0.8561098521996504,0.060126999619093235,0.8471547943983775,21,normalized_compact_thermal,spline_ridge
21,82.5,0.25384928277129337,0.6031519674807493,0.4762273260951026,0.730076608866396,0.4503705190508831,0.891615529440613,0.6664302699151714,1.1168007889660545,0.9475209184873719,-0.9172120693412528,-0.05590538904675895,0.1195274100043181,0.09639855508263412,0.02044670843534485,0.8802943296664214,0.05685662166124095,0.8438844164405253,21,normalized_compact_thermal,spline_ridge
21,82.7,0.7183699588920387,0.950038090628881,0.5908531111828615,1.3092230700749004,0.4427174131040858,0.9004795732206812,0.6791208666686382,1.121838279772724,0.9475209184873719,-0.9172120693412528,-0.04704134526669066,0.10238846319328612,0.09647498639622754,0.012452729727931322,0.8729820964802403,0.049203515714443646,0.836231310493728,21,normalized_compact_thermal,spline_ridge
21,82.9,0.8810005913089815,1.1401399042478881,0.6996396085933976,1.580640199902379,0.46112381749099024,0.9159938239980399,0.6854319152525448,1.146555732743535,0.9475209184873719,-0.9172120693412528,-0.031527094489331955,0.14312338187253767,0.15221619835446526,-0.2177387233205927,1.139986358302573,0.06760992010134809,0.8546377148806323,21,normalized_compact_thermal,spline_ridge
21,83.1,0.3946467370036502,0.9550815305229534,0.7577581620211283,1.1524048990247786,0.46721722668525023,0.9054351724512687,0.6718265591086436,1.1390437857938938,0.9475209184873719,-0.9172120693412528,-0.042085746036103135,0.1562510933792659,0.1156227947421766,-0.0484439517106664,0.9828784050811669,0.07370332929560808,0.8607311240748924,21,normalized_compact_thermal,spline_ridge
21,83.3,0.2384556391614324,0.6897429948970235,0.5705151753163072,0.8089708144777398,0.4118534356981731,0.9035797748144687,0.6976530569653822,1.1095064926635554,0.9475209184873719,-0.9172120693412528,-0.04394114367290308,0.0301243378219901,0.08209470988858648,0.04572273512467051,0.7779841362716757,0.018339538308530967,0.8053673330878153,21,normalized_compact_thermal,spline_ridge
21,83.5,0.29482223653690853,0.6699836865456184,0.522572568277164,0.8173948048140726,0.4346249717553196,0.9111581138004572,0.6938456279227974,1.128470599678117,0.9475209184873719,-0.9172120693412528,-0.036362804686914676,0.08394031570081664,0.08134391410526993,0.07184271332268555,0.7974072301879537,0.04111107436567746,0.8281388691449618,21,normalized_compact_thermal,spline_ridge
21,83.7,0.23202040947422875,0.5403944893721302,0.4243842846350159,0.6564046941092446,0.47391389855128585,0.9016476477014539,0.664690698425811,1.1386045969770968,0.9475209184873719,-0.9172120693412528,-0.04587327078591802,0.17048244692810316,0.11244443405428146,-0.027572244365321352,0.975400041467893,0.0804000011616437,0.867427795940928,21,normalized_compact_thermal,spline_ridge
21,83.9,0.3648183934677789,0.6867952402995255,0.5043860435656361,0.869204437033415,0.476084227265144,0.9083262201981427,0.6702841065655707,1.1463683338307147,0.9475209184873719,-0.9172120693412528,-0.03919469828922914,0.17505157697309537,0.11639824466466751,-0.04303534721703173,0.9952038017473197,0.08257032987550184,0.8695981246547861,21,normalized_compact_thermal,spline_ridge
21,84.1,0.25140503892918137,0.7040834340621631,0.5783809145975725,0.8297859535267539,0.4726958395988387,0.9039940787140675,0.6676461589146481,1.1403419985134868,0.9475209184873719,-0.9172120693412528,-0.04352683977330435,0.16790892676319324,0.13199802815646636,-0.11599654495110662,1.061388224148784,0.07918194220919655,0.8662097369884809,21,normalized_compact_thermal,spline_ridge
21,84.3,0.22826549487794576,1.3491369456139064,1.2350041981749336,1.4632696930528795,0.4765687727358546,0.9148706942124641,0.6765863078445369,1.1531550805803914,0.9475209184873719,-0.9172120693412528,-0.03265022427490772,0.17606883197044348,0.10069735663335026,0.027472920151641544,0.9256646253200675,0.08305487534621242,0.8700826701254967,21,normalized_compact_thermal,spline_ridge
21,84.5,0.27411962396417144,1.3039322296389761,1.1668724176568903,1.440992041621062,0.4310035044105212,0.9064248925979177,0.6909231403926571,1.1219266448031784,0.9475209184873719,-0.9172120693412528,-0.04109602588945419,0.07557301131268784,0.09748118377054235,-0.0037486757857459474,0.8657556846067884,0.03748960702087906,0.8245174018001633,21,normalized_compact_thermal,spline_ridge
21,84.7,0.24372981072200559,1.1881617109526805,1.0662968055916777,1.3100266163136833,0.45648602672481037,0.9168385349297011,0.688595521567296,1.1450815482921064,0.9475209184873719,-0.9172120693412528,-0.03068238355767077,0.1330148803414509,0.13327613049388431,-0.137906512010935,1.0508785654605557,0.06297212933516821,0.8499999241144525,21,normalized_compact_thermal,spline_ridge
21,84.9,0.8509695538379742,1.1197878746673717,0.6943030977483846,1.5452726515863588,0.4731675447460392,0.8961279003377869,0.6595441279647672,1.1327116727108064,0.9475209184873719,-0.9172120693412528,-0.051393018149584954,0.16890633335300936,0.12145150499404231,-0.06848885028261492,1.0148239397746934,0.07965364735639707,0.8666814421356814,21,normalized_compact_thermal,spline_ridge
21,85.1,0.3640990520531315,1.294515428953317,1.1124659029267512,1.4765649549798827,0.4300461581492261,0.9008092892138436,0.6857862101392306,1.1158323682884568,0.9475209184873719,-0.9172120693412528,-0.04671162927352826,0.07334933781879556,0.09006897638660824,0.02835136601071475,0.8317409502877374,0.036532260759583934,0.8235600555388682,21,normalized_compact_thermal,spline_ridge
21,85.3,0.39474977611216544,0.9575490384435072,0.7601741503874245,1.1549239264995899,0.430421810986815,0.9094297423922272,0.6942188368988197,1.1246406478856348,0.9475209184873719,-0.9172120693412528,-0.03809117609514463,0.07422247400730829,0.10166924461329885,-0.023008523410665505,0.8838521453842955,0.036907913597172826,0.8239357083764571,21,normalized_compact_thermal,spline_ridge
21,85.5,0.6479449396810062,0.9167239787130048,0.5927515088725017,1.240696448553508,0.4616112183044421,0.903140970183852,0.6723353610316309,1.133946579336073,0.9475209184873719,-0.9172120693412528,-0.044379948303519864,0.14417980834357008,0.09094214831090688,0.05602220388536666,0.8672002327235175,0.06809732091479992,0.8551251156940842,21,normalized_compact_thermal,spline_ridge
21,85.7,0.35637201719612466,1.3231075707947166,1.1449215621966542,1.5012935793927789,0.4723901244983163,0.9003482440161841,0.6641531817670259,1.1365433062653423,0.9475209184873719,-0.9172120693412528,-0.04717267447118779,0.16726196950681782,0.10297030790820669,0.013157233318534522,0.931623015678098,0.07887622710867415,0.8659040218879585,21,normalized_compact_thermal,spline_ridge
21,85.9,0.3413341041774884,1.0465286992159313,0.8758616471271872,1.2171957513046756,0.4770646216093613,0.9059630300058952,0.6674307192012146,1.1444953408105758,0.9475209184873719,-0.9172120693412528,-0.04155788848147668,0.17710874714357439,0.1278886145367459,-0.09330036414014414,1.0474296073588667,0.08355072421971915,0.8705785189990034,21,normalized_compact_thermal,spline_ridge
21,86.1,0.7724511376448776,1.1570935503890336,0.7708679815665949,1.5433191192114726,0.4638538877643196,0.8802901866691021,0.6483632427869424,1.1122171305512618,0.9475209184873719,-0.9172120693412528,-0.0672307318182698,0.14902639593522493,0.12074299586453664,-0.07464265756999156,1.0023504330986306,0.07033999037467742,0.8573677851539617,21,normalized_compact_thermal,spline_ridge
21,86.3,0.2988114991487604,0.47550776188888294,0.32610201231450275,0.6249135114632631,0.4424123216591293,0.8792987112383175,0.6580925504087528,1.100504872067882,0.9475209184873719,-0.9172120693412528,-0.06822220724905431,0.1016990920309432,0.12384502498294708,-0.10991883123837781,0.9947434745566364,0.04889842426948715,0.8359262190487715,21,normalized_compact_thermal,spline_ridge
21,86.5,0.3404207808631846,0.9414714974670473,0.771261107035455,1.1116818878986396,0.45601325673102255,0.8795754861043696,0.6515688577388583,1.107582114469881,0.9475209184873719,-0.9172120693412528,-0.06794543238300216,0.13197867122948406,0.14601303334485213,-0.1951840526201536,1.1072105660821987,0.0624993593413804,0.8495271541206647,21,normalized_compact_thermal,spline_ridge
21,86.7,0.27912796598991424,0.7709015623606654,0.6313375793657083,0.9104655453556226,0.4577174639478434,0.8865482441313299,0.6576895121574082,1.1154069761052516,0.9475209184873719,-0.9172120693412528,-0.060972674356041916,0.1357088931742194,0.11251376398196479,-0.04407788056077688,0.9595128084564637,0.06420356655820125,0.8512313613374856,21,normalized_compact_thermal,spline_ridge
21,86.9,0.3881586837543045,0.9521908741621974,0.7581115322850452,1.1462702160393496,0.4225256051939046,0.8823663568105828,0.6711035542136305,1.0936291594075351,0.9475209184873719,-0.9172120693412528,-0.06515456167678906,0.05570683932923719,0.09653832362819285,-0.008021553205833254,0.8530727635936424,0.029011707804262432,0.8160395025835467,21,normalized_compact_thermal,spline_ridge
21,87.1,0.5452551802097205,0.9028837756387293,0.6302561855338692,1.1755113657435896,0.442711333414152,0.8944511757556374,0.6730955090485614,1.1158068424627134,0.9475209184873719,-0.9172120693412528,-0.05306974273173444,0.10237473043396958,0.10176875825947165,-0.011162817656038826,0.8965854844843428,0.04919743602450982,0.8362252308037941,21,normalized_compact_thermal,spline_ridge
21,87.3,0.5850016022944022,0.7521266968003922,0.4596258956531911,1.0446274979475934,0.43779021983302524,0.8862691187575478,0.6673740088410351,1.1051642286740604,0.9475209184873719,-0.9172120693412528,-0.06125179972982406,0.09119663584939103,0.09715422017175024,0.00449625066704562,0.8710841889990049,0.04427632244338309,0.8313041172226674,21,normalized_compact_thermal,spline_ridge
21,87.5,0.5771841834888869,0.9927264964474255,0.704134404702982,1.281318588191869,0.42355367763941215,0.8826202548669404,0.6708434160472343,1.0943970936866465,0.9475209184873719,-0.9172120693412528,-0.06490066362043143,0.058137044092173164,0.09764303084728436,-0.011920317442049744,0.8590276727208741,0.03003978024977,0.8170675750290544,21,normalized_compact_thermal,spline_ridge
21,87.7,0.5524371164775509,0.4585901227433081,0.18237156450453268,0.7348086809820835,0.4083952761089593,0.8810210755085645,0.6768234374540848,1.085218713563044,0.9475209184873719,-0.9172120693412528,-0.0664998429788074,0.02169230975843839,0.09696694654163801,-0.02406347936925668,0.8408540315871753,0.014881378719317162,0.8019091734986015,21,normalized_compact_thermal,spline_ridge
21,87.9,0.23573594941947687,0.43792707341590853,0.32005909870617005,0.555795048125647,0.4365972570274646,0.8941113412508187,0.6758127127370864,1.112409969764551,0.9475209184873719,-0.9172120693412528,-0.053409577236553145,0.08846795187955873,0.09842223480259198,-0.0023518765913476125,0.8755463906462768,0.04308335963782245,0.8301111544171067,21,normalized_compact_thermal,spline_ridge
21,88.3,0.29358452974819316,0.5277318232547275,0.3809395583806308,0.674524088128824,0.46069526886524786,0.8913838339342776,0.6610361995016536,1.1217314683669015,0.9475209184873719,-0.9172120693412528,-0.056137084553094345,0.14219359280012875,0.10997814909339126,-0.029791594782694053,0.9511821325131897,0.06718137147560571,0.8542091662548901,21,normalized_compact_thermal,spline_ridge
21,88.5,1.0100371656737945,1.2505691111785313,0.745550528341634,1.7555876940154285,0.4296600255567728,0.8885921598716171,0.6737621470932307,1.1034221726500035,0.9475209184873719,-0.9172120693412528,-0.05892875861575471,0.07245104808740443,0.1248781917924127,-0.12727890399616443,0.9865989551097101,0.03614612816713064,0.823173922946415,21,normalized_compact_thermal,spline_ridge
21,88.7,0.23412555998452922,1.3748554850724006,1.2577927050801359,1.4919182650646652,0.4660858783059432,0.890695393918235,0.6576524547652635,1.1237383330712067,0.9475209184873719,-0.9172120693412528,-0.05682552456913685,0.15382669571595398,0.11137403117836016,-0.03062642040817115,0.9627981770200575,0.07257198091630107,0.8595997756955853,21,normalized_compact_thermal,spline_ridge
21,88.9,0.3606241021873058,1.5086099401076307,1.328297889013978,1.6889219912012836,0.4359551531046051,0.8964297364762109,0.6784521599239084,1.1144073130285135,0.9475209184873719,-0.9172120693412528,-0.051091182011160946,0.08699616856588945,0.11555700815022629,-0.07941262647143876,0.9513229326806489,0.04244125571496293,0.8294690504942472,21,normalized_compact_thermal,spline_ridge
21,89.1,0.5720385217377211,1.0052814713414004,0.7192622104725399,1.291300732210261,0.45671038915571943,0.9068519909502282,0.6784967963723685,1.1352071855280879,0.9475209184873719,-0.9172120693412528,-0.04066892753714368,0.1335062586068969,0.12363178756647092,-0.09466975526890492,1.0080905335803438,0.06319649176607728,0.8502242865453615,21,normalized_compact_thermal,spline_ridge
21,89.3,0.26275622699164863,1.2200444406322608,1.0886663271364365,1.351422554128085,0.4704241726186432,0.8948118262201379,0.6595997399108162,1.1300239125294596,0.9475209184873719,-0.9172120693412528,-0.05270909226723396,0.16309157299281185,0.12974500360851288,-0.10822004369645466,1.049068388933741,0.07691027522900107,0.8639380700082854,21,normalized_compact_thermal,spline_ridge
21,89.5,0.2796371535521178,0.9820761808813336,0.8422576041052746,1.1218947576573925,0.47114462094934445,0.8776190608951797,0.6420467504205075,1.113191371369852,0.9475209184873719,-0.9172120693412528,-0.06990185759219208,0.16462188809293432,0.13445220988231893,-0.12849306416674627,1.0707823060654351,0.0776307235597023,0.8646585183389865,21,normalized_compact_thermal,spline_ridge
21,89.7,0.39926474695212527,0.32345435310998044,0.12382197963391776,0.5230867265860432,0.43974054773022897,0.9144615457736788,0.6945912719085643,1.1343318196387933,0.9475209184873719,-0.9172120693412528,-0.033059372713693067,0.09564167910160624,0.10015371271397554,-0.006930730489407788,0.8864118259498657,0.04622665034058682,0.8332544451198711,21,normalized_compact_thermal,spline_ridge
21,89.9,0.3471870246845922,0.21103287570314166,0.037439363360845565,0.38462638804543775,0.40100972392908435,0.8963752333955295,0.6958703714309873,1.0968800953600717,0.9475209184873719,-0.9172120693412528,-0.05114568509184232,0.003442466571389413,0.08632924336486156,0.01599360783520737,0.7860258400229614,0.007495826539442196,0.7945236213187266,21,normalized_compact_thermal,spline_ridge
21,90.1,0.5737337688435494,0.35472999368194624,0.06786310926017143,0.641596878103721,0.45626387200665935,0.9073552434369118,0.6792233074335821,1.1354871794402415,0.9475209184873719,-0.9172120693412528,-0.04016567505046008,0.13252809919177008,0.138848873019163,-0.16298230379857642,1.075510047811895,0.0627499746170172,0.8497777693963016,21,normalized_compact_thermal,spline_ridge
21,90.3,0.23246554192493823,0.448729487161913,0.3324967161994439,0.5649622581243822,0.4897367029613011,0.9083474381382166,0.663479086657566,1.153215789618867,0.9475209184873719,-0.9172120693412528,-0.03917348034915525,0.20332469614912807,0.15060946069446113,-0.18196001698443665,1.1614334229070389,0.09622280557165896,0.8832506003509433,21,normalized_compact_thermal,spline_ridge
21,90.5,0.2421625318954172,0.47171169947399405,0.3506304335262854,0.5927929654217027,0.46181248669571484,0.9033717271300304,0.6724654837821731,1.1342779704778878,0.9475209184873719,-0.9172120693412528,-0.044149191357341376,0.1446157260991358,0.11295078305302989,-0.041931900557196755,0.9655568739486264,0.06829858930607269,0.855326384085357,21,normalized_compact_thermal,spline_ridge
21,90.7,0.37431832719587455,0.7370334527386149,0.5498742891406775,0.9241926163365521,0.4548472495014346,0.9196111269082569,0.6921875021575395,1.1470347516589743,0.9475209184873719,-0.9172120693412528,-0.027909791579115037,0.12941843756357962,0.13766703928856677,-0.1591281163779018,1.0688226153807712,0.06133335211179247,0.8483611468910768,21,normalized_compact_thermal,spline_ridge
21,90.9,0.2932520548990961,0.7618847094014154,0.6152586819518673,0.9085107368509635,0.4661622210139465,0.9075780492931302,0.674496938786157,1.1406591598001035,0.9475209184873719,-0.9172120693412528,-0.039942869194241594,0.15399047767105706,0.11582796615793822,-0.05041399264176222,0.9827384346696553,0.07264832362430435,0.8596761184035886,21,normalized_compact_thermal,spline_ridge
21,91.1,0.46344713496602596,0.5209760665382821,0.28925249905526906,0.7526996340212951,0.4171743008441319,0.9095477562395045,0.7009606058174385,1.1181349066615704,0.9475209184873719,-0.9172120693412528,-0.037973162247867384,0.0429609124612282,0.08872607549702541,0.021468655194730624,0.8128799464935331,0.02366040345448972,0.810688198233774,21,normalized_compact_thermal,spline_ridge
21,91.3,0.6635209886398749,0.9801618754837778,0.6484013811638403,1.3119223698037152,0.4529562259907248,0.9173339436348601,0.6908558306394976,1.1438120566302226,0.9475209184873719,-0.9172120693412528,-0.030186974852511712,0.1252522798059851,0.13550828097599713,-0.15139138562256127,1.057303837604011,0.05944232860108267,0.846470123380367,21,normalized_compact_thermal,spline_ridge
21,91.5,0.39964668831461736,0.4881739186859241,0.2883505745286154,0.6879972628432328,0.46822943395443645,0.9067428991610534,0.6726281821838352,1.1408576161382717,0.9475209184873719,-0.9172120693412528,-0.040778019326318395,0.15841520963906747,0.12358333768179193,-0.08293463089277903,1.019393498801652,0.0747155365647943,0.8617433313440785,21,normalized_compact_thermal,spline_ridge
21,91.7,0.465237151457571,0.4368109447798382,0.2041923690510526,0.6694295205086237,0.44086391850656925,0.9270678073875445,0.7066358481342598,1.147499766640829,0.9475209184873719,-0.9172120693412528,-0.02045311109982741,0.09819304337192153,0.09394690515060788,0.021874117017708472,0.85985371999543,0.0473500211169271,0.8343778158962114,21,normalized_compact_thermal,spline_ridge
21,91.9,0.40919916332075496,0.7899232480824605,0.585323666422083,0.994522829742838,0.44307493515295604,0.9168943214039451,0.695356853827467,1.1384317889804232,0.9475209184873719,-0.9172120693412528,-0.030626597083426712,0.10319569994349749,0.13164000590050037,-0.14402072118422593,1.030170591490138,0.04956103776331389,0.8365888325425982,21,normalized_compact_thermal,spline_ridge
21,92.1,0.6394245411368167,0.9121649091345092,0.5924526385661009,1.2318771797029175,0.4695697540302829,0.8931812505206538,0.6583963735055123,1.1279661275357953,0.9475209184873719,-0.9172120693412528,-0.05433966796671811,0.16127364885639411,0.12541664768640523,-0.08977061203376413,1.0289101200943298,0.07605585664064074,0.863083651419925,21,normalized_compact_thermal,spline_ridge
21,92.3,0.496976844441589,0.9956664377584653,0.7471780155376708,1.2441548599792598,0.4320869728836633,0.9060086457843555,0.6899651593425238,1.1220521322261872,0.9475209184873719,-0.9172120693412528,-0.04151227270301638,0.07808368445943348,0.09918013382481242,-0.010242282308708661,0.8744162280760353,0.03857307549402117,0.8256008702733055,21,normalized_compact_thermal,spline_ridge
21,92.5,1.005287380222382,1.1220602301069278,0.6194165399957366,1.6247039202181188,0.45058668068985824,0.9077206229473063,0.6824272826023772,1.1330139632922354,0.9475209184873719,-0.9172120693412528,-0.039800295540065554,0.12000725886547377,0.10357673982842955,-0.01135081038561303,0.9125241717653295,0.05707278330021609,0.8441005780795003,21,normalized_compact_thermal,spline_ridge
21,92.7,0.29218792219229456,0.5020799051744309,0.35598594407828366,0.6481738662705783,0.44711965323903224,0.9120366927946167,0.6884768661751006,1.1355965194141329,0.9475209184873719,-0.9172120693412528,-0.03548422569275512,0.11228302977685158,0.10738784182407593,-0.03181480932847275,0.9260541158065372,0.05360575584939009,0.8406335506286744,21,normalized_compact_thermal,spline_ridge
21,92.9,0.31539054261704047,0.7818889632581463,0.624193691949626,0.9395842345666666,0.46078479582838006,0.9016973780781433,0.6713049801639532,1.1320897759923334,0.9475209184873719,-0.9172120693412528,-0.045823540409228494,0.14238790403233903,0.13129923093248577,-0.12479105274108548,1.0463606443978457,0.0672708984387379,0.8542986932180222,21,normalized_compact_thermal,spline_ridge
21,93.1,0.3939396901196266,0.93050449628445,0.7335346512246367,1.1274743413442634,0.4528976575543329,0.9055531071258652,0.6791042783486988,1.1320019359030318,0.9475209184873719,-0.9172120693412528,-0.0419678113615066,0.12512296880442628,0.12194479840561512,-0.09095875575336215,0.9967540708620279,0.05938376016469077,0.846411554943975,21,normalized_compact_thermal,spline_ridge
21,93.3,0.26434091353477623,1.3071466904507503,1.1749762336833622,1.4393171472181385,0.4240065447013578,0.9197698766722916,0.7077666043216126,1.1317731490229705,0.9475209184873719,-0.9172120693412528,-0.027751041815080296,0.05920568108835547,0.09933804963784043,-0.019026992500586426,0.867040081903302,0.030492647311715637,0.8175204420909999,21,normalized_compact_thermal,spline_ridge
21,93.5,0.21306465161714797,1.3481560018420728,1.2416236760334989,1.4546883276506468,0.4473479239116187,0.9126788177782357,0.6890048558224263,1.136352779734045,0.9475209184873719,-0.9172120693412528,-0.034842100709136195,0.11279343548271127,0.11311952708205736,-0.05714903765027424,0.9518448854735116,0.05383402652197655,0.8408618213012609,21,normalized_compact_thermal,spline_ridge
21,93.7,0.5182274244062114,0.8405826199009905,0.5814689076978848,1.0996963321040962,0.41311378072965027,0.9054523468936108,0.6988954565287856,1.1120092372584358,0.9475209184873719,-0.9172120693412528,-0.042068571593761116,0.033179843512252304,0.10022902166165071,-0.03389336465864068,0.8601209261179412,0.019599883340008117,0.8066276781192925,21,normalized_compact_thermal,spline_ridge
21,93.9,0.512721091377962,0.9720360032878851,0.7156754575989042,1.228396548976866,0.3824033378701956,0.9004040241581202,0.7092023552230223,1.0916056930932179,0.9475209184873719,-0.9172120693412528,-0.04711689432925168,-0.04406729976168196,0.08820366923205214,-0.0109724503250746,0.7757791260654658,-0.011110559519446561,0.7759172352598378,21,normalized_compact_thermal,spline_ridge
21,94.1,0.2768615055393332,0.9349495895005591,0.7965188367308924,1.0733803422702257,0.4454875226601086,0.9188592920242078,0.6961155306941536,1.141603053354262,0.9475209184873719,-0.9172120693412528,-0.028661626463164076,0.10862602938081195,0.10452183403876998,-0.020664953836585453,0.9116399991568027,0.05197362527046645,0.8390014200497508,21,normalized_compact_thermal,spline_ridge
21,94.3,1.2352379756197374,0.7382152355719068,0.12059624776203823,1.3558342233817755,0.4502375363178766,0.9017150757339651,0.6765963075750269,1.1268338438929035,0.9475209184873719,-0.9172120693412528,-0.04580584275340667,0.11923209233936892,0.11084667501699082,-0.04412282910996457,0.9445979017457178,0.056723638928234454,0.8437514337075187,21,normalized_compact_thermal,spline_ridge
21,94.5,0.34470198398100693,0.4800977294286931,0.30774673743818964,0.6524487214191966,0.4306842502454675,0.912497386263259,0.6971552611405253,1.127839511385993,0.9475209184873719,-0.9172120693412528,-0.035023532224112856,0.07483201394342845,0.13286927424506728,-0.16189376763242658,1.0232622681233616,0.03717035285582537,0.8241981476351097,21,normalized_compact_thermal,spline_ridge
21,94.7,0.4604849129808814,1.032861540607711,0.8026190841172702,1.2631039970981517,0.44370655515837965,0.8928224293024559,0.6709691517232661,1.1146757068816457,0.9475209184873719,-0.9172120693412528,-0.05469848918491592,0.10462022248740442,0.11107055412599268,-0.051652279173656,0.9390653894904153,0.05019265776873749,0.8372204525480218,21,normalized_compact_thermal,spline_ridge
21,94.9,0.42133406846822463,1.269549353907077,1.0588823196729649,1.4802163881411894,0.4148983042157941,0.8942093463802936,0.6867601942723965,1.1016584984881908,0.9475209184873719,-0.9172120693412528,-0.05331157210707825,0.03749023047771275,0.09963141030741292,-0.029443579743414383,0.8592401881750026,0.021384406826151947,0.8084122016054363,21,normalized_compact_thermal,spline_ridge
21,95.1,0.3712215757155086,1.1958672039344282,1.010256416076674,1.3814779917921827,0.4427547893029092,0.9111983858397856,0.6898209911883311,1.1325757804912402,0.9475209184873719,-0.9172120693412528,-0.03632253264758619,0.1024728841355674,0.19181399011984104,-0.412708256704397,1.2982178353102154,0.049240891913267026,0.8362686866925513,21,normalized_compact_thermal,spline_ridge
21,95.3,1.0696506260332523,1.3098140770942337,0.7749887640776075,1.84463939011086,0.4466694726006332,0.8649057417608311,0.6415710054605145,1.0882404780611477,0.9475209184873719,-0.9172120693412528,-0.08261517672654069,0.11127567655794791,0.10997866749728981,-0.043819703054779224,0.9371586482560457,0.05315557521099107,0.8401833699902754,21,normalized_compact_thermal,spline_ridge
21,95.5,0.6222090074275458,1.46191742390367,1.1508129201898971,1.773021927617443,0.3866769034348969,0.8970425925574214,0.7037041408399729,1.0903810442748698,0.9475209184873719,-0.9172120693412528,-0.050478325929950524,-0.032953740158429,0.08176653790801032,0.022009803102140735,0.7513440037676531,-0.006836993954745241,0.7801908008245391,21,normalized_compact_thermal,spline_ridge
21,95.7,0.4718145033292256,1.399245320401822,1.1633380687372092,1.6351525720664348,0.39267096417231306,0.886713889996096,0.6903784079099395,1.0830493720822525,0.9475209184873719,-0.9172120693412528,-0.06080702849127578,-0.01757118974568847,0.08380878802032965,0.0188957195342227,0.7664462088104034,-0.0008429332173290893,0.7861848615619552,21,normalized_compact_thermal,spline_ridge
21,95.9,0.34896359935177984,0.968210143781988,0.793728344106098,1.142691943457878,0.42074233991053334,0.8923330654228717,0.681961895467605,1.1027042353781384,0.9475209184873719,-0.9172120693412528,-0.05518785306450015,0.051477417466402955,0.0968075968837307,-0.011005738814394483,0.8524904186354612,0.027228442520891183,0.8142562373001755,21,normalized_compact_thermal,spline_ridge
